// DataPump framebuffer atlas; generated by tools/generate-framebuffer-font.cpp.
// Source: bundled DejaVu Sans Mono Book 2.37 (Rev's DejaVuSans.ttf).
// SHA256: 54bf827eb99404e8f430c330ad30f063334f637eba0109b6a18d4f566a8e9dd8
// FreeType 2.13.3; FT_LOAD_RENDER | FT_LOAD_TARGET_NORMAL.
// Sizes 7/13/20/26px; grayscale coverage quantized to 16 levels, two pixels/byte.
// Copyright (c) 2003 Bitstream, Inc.; DejaVu changes public domain.
// Redistribution notice: third_party/rev/resources/DejaVu-LICENSE.
#pragma once
#include <array>
#include <cstddef>
#include <cstdint>

namespace datapump::gui::framebuffer::font {
struct Size { int advance,width,height,left; std::size_t offset; };
inline constexpr std::array<Size,4> sizes{{
    {4,5,9,0,0},
    {8,8,18,0,4275},
    {12,13,27,0,17955},
    {16,16,36,0,51300},
}};
inline constexpr std::array<std::uint8_t,53010> pixels{
    0x00,0x00,0x00,0x00,0x00,0x00,0x00,0x00,0x00,0x00,0x00,0x00,0x00,0x00,0x00,0x00,
    0x00,0x00,0x00,0x00,0x00,0x00,0x00,0x00,0x00,0x04,0x70,0x00,0x47,0x00,0x03,0x60,
    0x00,0x00,0x00,0x04,0x70,0x00,0x00,0x00,0x00,0x00,0x00,0x00,0x00,0x00,0x00,0x00,
    0x98,0x10,0x09,0x81,0x00,0x00,0x00,0x00,0x00,0x00,0x00,0x00,0x00,0x00,0x00,0x00,
    0x00,0x00,0x00,0x00,0x00,0x00,0x06,0x37,0x09,0xff,0xf3,0x08,0x71,0x0f,0xff,0xc0,
    0x44,0x80,0x00,0x00,0x00,0x00,0x00,0x00,0x00,0x00,0x00,0x50,0x01,0xdf,0x70,0x46,
    0x50,0x00,0x8b,0x30,0x00,0x6b,0x05,0xee,0x60,0x00,0x50,0x00,0x00,0x00,0x00,0x00,
    0x00,0x00,0x00,0xae,0x20,0x0a,0xe3,0x60,0x04,0x50,0x05,0x3c,0xc0,0x00,0xcc,0x00,
    0x00,0x00,0x00,0x00,0x00,0x00,0x00,0x00,0x00,0x01,0xdf,0x00,0x1a,0x00,0x06,0x38,
    0x71,0xa2,0x6a,0x05,0xeb,0xa0,0x00,0x00,0x00,0x00,0x00,0x00,0x00,0x00,0x00,0x00,
    0x03,0x60,0x00,0x36,0x00,0x00,0x00,0x00,0x00,0x00,0x00,0x00,0x00,0x00,0x00,0x00,
    0x00,0x00,0x00,0x00,0x00,0x90,0x00,0x46,0x00,0x07,0x30,0x00,0x73,0x00,0x04,0x60,
    0x00,0x09,0x00,0x00,0x00,0x00,0x00,0x00,0x00,0x00,0x00,0x81,0x00,0x03,0x70,0x00,
    0x0a,0x00,0x00,0xa0,0x00,0x37,0x00,0x08,0x10,0x00,0x00,0x00,0x00,0x00,0x00,0x00,
    0x00,0x00,0x00,0x04,0x46,0x60,0x09,0xb1,0x00,0x9b,0x10,0x45,0x66,0x00,0x00,0x00,
    0x00,0x00,0x00,0x00,0x00,0x00,0x00,0x00,0x00,0x00,0x03,0x60,0x00,0x36,0x00,0xbf,
    0xfe,0x00,0x36,0x00,0x03,0x60,0x00,0x00,0x00,0x00,0x00,0x00,0x00,0x00,0x00,0x00,
    0x00,0x00,0x00,0x00,0x00,0x00,0x00,0x00,0x00,0x00,0x00,0x48,0x00,0x07,0x30,0x00,
    0x00,0x00,0x00,0x00,0x00,0x00,0x00,0x00,0x00,0x00,0x00,0x00,0x0c,0xf0,0x00,0x00,
    0x00,0x00,0x00,0x00,0x00,0x00,0x00,0x00,0x00,0x00,0x00,0x00,0x00,0x00,0x00,0x00,
    0x00,0x00,0x00,0x00,0x00,0x00,0x00,0x00,0x58,0x00,0x00,0x00,0x00,0x00,0x00,0x00,
    0x00,0x00,0x00,0x00,0x00,0x37,0x00,0x09,0x10,0x02,0x80,0x00,0x82,0x00,0x19,0x00,
    0x07,0x30,0x00,0x00,0x00,0x00,0x00,0x00,0x00,0x00,0x01,0xcd,0x30,0x66,0x3a,0x08,
    0x66,0xb0,0x66,0x3a,0x01,0xce,0x30,0x00,0x00,0x00,0x00,0x00,0x00,0x00,0x00,0x00,
    0x00,0x2f,0xa0,0x00,0x0a,0x00,0x00,0xa0,0x00,0x0a,0x00,0x1f,0xfb,0x00,0x00,0x00,
    0x00,0x00,0x00,0x00,0x00,0x00,0x00,0x07,0xfd,0x40,0x00,0x57,0x00,0x07,0x10,0x18,
    0x10,0x07,0xff,0x90,0x00,0x00,0x00,0x00,0x00,0x00,0x00,0x00,0x00,0x00,0x6f,0xd3,
    0x00,0x05,0x70,0x0a,0xe2,0x00,0x04,0x90,0x8f,0xe5,0x00,0x00,0x00,0x00,0x00,0x00,
    0x00,0x00,0x00,0x00,0x00,0x1c,0x30,0x06,0x83,0x02,0x37,0x30,0x9f,0xfd,0x00,0x07,
    0x30,0x00,0x00,0x00,0x00,0x00,0x00,0x00,0x00,0x00,0x00,0x4f,0xf4,0x04,0x50,0x00,
    0x4e,0xd4,0x00,0x05,0x90,0x8f,0xd4,0x00,0x00,0x00,0x00,0x00,0x00,0x00,0x00,0x00,
    0x00,0x01,0xbf,0x60,0x68,0x00,0x08,0xae,0x60,0x77,0x3b,0x01,0xce,0x50,0x00,0x00,
    0x00,0x00,0x00,0x00,0x00,0x00,0x00,0x00,0x8f,0xf9,0x00,0x05,0x30,0x00,0x90,0x00,
    0x37,0x00,0x09,0x10,0x00,0x00,0x00,0x00,0x00,0x00,0x00,0x00,0x00,0x00,0x02,0xde,
    0x40,0x57,0x48,0x01,0xde,0x30,0x76,0x3a,0x03,0xde,0x60,0x00,0x00,0x00,0x00,0x00,
    0x00,0x00,0x00,0x00,0x00,0x3d,0xd3,0x08,0x54,0x90,0x3e,0xba,0x00,0x05,0x90,0x3f,
    0xc2,0x00,0x00,0x00,0x00,0x00,0x00,0x00,0x00,0x00,0x00,0x00,0x00,0x00,0x05,0x80,
    0x00,0x00,0x00,0x00,0x00,0x00,0x58,0x00,0x00,0x00,0x00,0x00,0x00,0x00,0x00,0x00,
    0x00,0x00,0x00,0x00,0x00,0x58,0x00,0x00,0x00,0x00,0x00,0x00,0x04,0x80,0x00,0x73,
    0x00,0x00,0x00,0x00,0x00,0x00,0x00,0x00,0x00,0x00,0x00,0x02,0x77,0x08,0xa1,0x00,
    0x02,0x77,0x00,0x00,0x00,0x00,0x00,0x00,0x00,0x00,0x00,0x00,0x00,0x00,0x00,0x00,
    0x00,0x0b,0xff,0xe0,0x00,0x00,0x0b,0xff,0xe0,0x00,0x00,0x00,0x00,0x00,0x00,0x00,
    0x00,0x00,0x00,0x00,0x00,0x00,0x00,0x00,0x68,0x40,0x00,0x08,0xb0,0x68,0x40,0x00,
    0x00,0x00,0x00,0x00,0x00,0x00,0x00,0x00,0x00,0x00,0x00,0x00,0x3f,0xe5,0x00,0x07,
    0x50,0x04,0x60,0x00,0x00,0x00,0x05,0x50,0x00,0x00,0x00,0x00,0x00,0x00,0x00,0x00,
    0x00,0x00,0x01,0xbe,0x60,0x94,0x1a,0x08,0x5e,0xc0,0x85,0xeb,0x08,0x51,0x00,0x1a,
    0xe6,0x00,0x00,0x00,0x00,0x00,0x00,0x00,0x00,0x07,0x90,0x00,0x99,0x10,0x18,0x55,
    0x06,0xff,0x90,0xa1,0x0b,0x00,0x00,0x00,0x00,0x00,0x00,0x00,0x00,0x00,0x00,0x07,
    0xfe,0x50,0x74,0x39,0x07,0xff,0x50,0x74,0x1b,0x07,0xfe,0x80,0x00,0x00,0x00,0x00,
    0x00,0x00,0x00,0x00,0x00,0x00,0x0a,0xfa,0x05,0x80,0x00,0x83,0x00,0x05,0x80,0x00,
    0x0a,0xfa,0x00,0x00,0x00,0x00,0x00,0x00,0x00,0x00,0x00,0x00,0x08,0xfc,0x20,0x83,
    0x49,0x08,0x20,0xb0,0x83,0x49,0x08,0xfc,0x20,0x00,0x00,0x00,0x00,0x00,0x00,0x00,
    0x00,0x00,0x00,0x5f,0xfb,0x05,0x50,0x00,0x5f,0xf9,0x05,0x50,0x00,0x5f,0xfc,0x00,
    0x00,0x00,0x00,0x00,0x00,0x00,0x00,0x00,0x00,0x03,0xff,0xc0,0x37,0x00,0x03,0xff,
    0x90,0x37,0x00,0x03,0x70,0x00,0x00,0x00,0x00,0x00,0x00,0x00,0x00,0x00,0x00,0x00,
    0x1b,0xf9,0x07,0x60,0x00,0x91,0x9c,0x07,0x60,0xa0,0x1b,0xe6,0x00,0x00,0x00,0x00,
    0x00,0x00,0x00,0x00,0x00,0x00,0x08,0x20,0xb0,0x82,0x0b,0x08,0xff,0xb0,0x82,0x0b,
    0x08,0x20,0xb0,0x00,0x00,0x00,0x00,0x00,0x00,0x00,0x00,0x00,0x00,0x5f,0xf8,0x00,
    0x47,0x00,0x04,0x70,0x00,0x47,0x00,0x5f,0xf8,0x00,0x00,0x00,0x00,0x00,0x00,0x00,
    0x00,0x00,0x00,0x00,0xbf,0x40,0x00,0x64,0x00,0x06,0x40,0x00,0x84,0x09,0xfc,0x10,
    0x00,0x00,0x00,0x00,0x00,0x00,0x00,0x00,0x00,0x00,0x82,0x39,0x08,0x59,0x00,0x8c,
    0x70,0x08,0x29,0x30,0x82,0x1b,0x00,0x00,0x00,0x00,0x00,0x00,0x00,0x00,0x00,0x00,
    0x04,0x60,0x00,0x46,0x00,0x04,0x60,0x00,0x46,0x00,0x04,0xff,0xd0,0x00,0x00,0x00,
    0x00,0x00,0x00,0x00,0x00,0x00,0x00,0xa6,0x3d,0x0a,0x77,0xa0,0xa5,0x79,0x0a,0x00,
    0x90,0xa0,0x09,0x00,0x00,0x00,0x00,0x00,0x00,0x00,0x00,0x00,0x00,0x08,0x80,0xa0,
    0x8a,0x1a,0x08,0x56,0xa0,0x82,0x9a,0x08,0x25,0xb0,0x00,0x00,0x00,0x00,0x00,0x00,
    0x00,0x00,0x00,0x00,0x2c,0xe4,0x07,0x52,0xa0,0x92,0x0b,0x07,0x52,0xa0,0x2d,0xe4,
    0x00,0x00,0x00,0x00,0x00,0x00,0x00,0x00,0x00,0x00,0x05,0xfe,0x70,0x55,0x2c,0x05,
    0xfe,0x70,0x55,0x00,0x05,0x50,0x00,0x00,0x00,0x00,0x00,0x00,0x00,0x00,0x00,0x00,
    0x00,0x2c,0xe4,0x07,0x52,0xa0,0x92,0x0b,0x07,0x52,0xa0,0x2d,0xf3,0x00,0x06,0x50,
    0x00,0x00,0x00,0x00,0x00,0x00,0x00,0x08,0xfe,0x40,0x83,0x59,0x08,0xfe,0x20,0x83,
    0x66,0x08,0x30,0xa1,0x00,0x00,0x00,0x00,0x00,0x00,0x00,0x00,0x00,0x00,0x3d,0xf7,
    0x07,0x50,0x00,0x29,0x93,0x00,0x02,0xa0,0x7f,0xe6,0x00,0x00,0x00,0x00,0x00,0x00,
    0x00,0x00,0x00,0x00,0x0d,0xff,0xf1,0x04,0x70,0x00,0x47,0x00,0x04,0x70,0x00,0x47,
    0x00,0x00,0x00,0x00,0x00,0x00,0x00,0x00,0x00,0x00,0x00,0x83,0x0a,0x08,0x30,0xa0,
    0x73,0x0a,0x07,0x52,0xa0,0x2d,0xe4,0x00,0x00,0x00,0x00,0x00,0x00,0x00,0x00,0x00,
    0x00,0x0a,0x10,0xa0,0x55,0x18,0x01,0x96,0x40,0x09,0x90,0x00,0x79,0x00,0x00,0x00,
    0x00,0x00,0x00,0x00,0x00,0x00,0x00,0x00,0xa0,0x08,0x29,0x58,0x90,0x97,0x79,0x07,
    0x97,0x90,0x58,0x58,0x00,0x00,0x00,0x00,0x00,0x00,0x00,0x00,0x00,0x00,0x06,0x51,
    0xa0,0x0a,0x92,0x00,0x6a,0x00,0x1a,0x73,0x09,0x20,0xa0,0x00,0x00,0x00,0x00,0x00,
    0x00,0x00,0x00,0x00,0x00,0x82,0x1a,0x01,0x97,0x30,0x06,0x90,0x00,0x47,0x00,0x04,
    0x70,0x00,0x00,0x00,0x00,0x00,0x00,0x00,0x00,0x00,0x00,0x06,0xff,0xc0,0x00,0x33,
    0x00,0x14,0x00,0x05,0x00,0x05,0xff,0xf0,0x00,0x00,0x00,0x00,0x00,0x00,0x00,0x00,
    0x6f,0x00,0x06,0x30,0x00,0x63,0x00,0x06,0x30,0x00,0x63,0x00,0x06,0xf0,0x00,0x00,
    0x00,0x00,0x00,0x00,0x00,0x00,0x00,0x00,0x07,0x30,0x00,0x19,0x00,0x00,0x82,0x00,
    0x02,0x80,0x00,0x09,0x10,0x00,0x37,0x00,0x00,0x00,0x00,0x00,0x00,0xc9,0x00,0x00,
    0x90,0x00,0x09,0x00,0x00,0x90,0x00,0x09,0x00,0x0c,0x90,0x00,0x00,0x00,0x00,0x00,
    0x00,0x00,0x00,0x00,0x00,0x00,0x8a,0x00,0x55,0x28,0x00,0x00,0x00,0x00,0x00,0x00,
    0x00,0x00,0x00,0x00,0x00,0x00,0x00,0x00,0x00,0x00,0x00,0x00,0x00,0x00,0x00,0x00,
    0x00,0x00,0x00,0x00,0x00,0x00,0x00,0x00,0x00,0x00,0x00,0xff,0xff,0x30,0x00,0x00,
    0x06,0x30,0x00,0x00,0x00,0x00,0x00,0x00,0x00,0x00,0x00,0x00,0x00,0x00,0x00,0x00,
    0x00,0x00,0x00,0x00,0x00,0x00,0x00,0x00,0x00,0x00,0x00,0x04,0xfd,0x20,0x00,0x38,
    0x04,0xef,0x90,0x5e,0xa9,0x00,0x00,0x00,0x00,0x00,0x00,0x00,0x00,0x54,0x00,0x05,
    0x40,0x00,0x5a,0xe5,0x05,0x82,0xb0,0x58,0x2a,0x05,0xae,0x40,0x00,0x00,0x00,0x00,
    0x00,0x00,0x00,0x00,0x00,0x00,0x00,0x00,0x00,0xaf,0x90,0x48,0x00,0x04,0x80,0x00,
    0x0a,0xf9,0x00,0x00,0x00,0x00,0x00,0x00,0x00,0x00,0x00,0x18,0x00,0x01,0x80,0x2d,
    0xa8,0x08,0x55,0x80,0x85,0x58,0x02,0xda,0x80,0x00,0x00,0x00,0x00,0x00,0x00,0x00,
    0x00,0x00,0x00,0x00,0x00,0x02,0xce,0x60,0x7f,0xfc,0x07,0x50,0x00,0x2c,0xfa,0x00,
    0x00,0x00,0x00,0x00,0x00,0x00,0x00,0x01,0xda,0x00,0x46,0x00,0x5f,0xfa,0x00,0x55,
    0x00,0x05,0x50,0x00,0x55,0x00,0x00,0x00,0x00,0x00,0x00,0x00,0x00,0x00,0x00,0x00,
    0x00,0x00,0x02,0xda,0x80,0x84,0x48,0x08,0x54,0x80,0x2d,0xb8,0x02,0xfe,0x30,0x00,
    0x00,0x00,0x00,0x00,0x54,0x00,0x05,0x40,0x00,0x5a,0xe4,0x05,0x83,0x80,0x54,0x19,
    0x05,0x41,0x90,0x00,0x00,0x00,0x00,0x00,0x00,0x00,0x00,0x27,0x00,0x00,0x00,0x02,
    0xf7,0x00,0x02,0x70,0x00,0x27,0x00,0x6f,0xfb,0x00,0x00,0x00,0x00,0x00,0x00,0x00,
    0x00,0x00,0xa0,0x00,0x00,0x00,0x0f,0xa0,0x00,0x0a,0x00,0x00,0xa0,0x00,0x1a,0x00,
    0x5f,0x50,0x00,0x00,0x00,0x00,0x00,0x03,0x70,0x00,0x37,0x00,0x03,0x76,0x60,0x3c,
    0x80,0x03,0x89,0x20,0x37,0x1a,0x00,0x00,0x00,0x00,0x00,0x00,0x00,0x00,0x7f,0x30,
    0x00,0x73,0x00,0x07,0x30,0x00,0x73,0x00,0x06,0x50,0x00,0x2e,0x80,0x00,0x00,0x00,
    0x00,0x00,0x00,0x00,0x00,0x00,0x00,0x00,0x00,0x09,0xca,0x90,0x94,0x79,0x08,0x36,
    0x80,0x83,0x68,0x00,0x00,0x00,0x00,0x00,0x00,0x00,0x00,0x00,0x00,0x00,0x00,0x00,
    0x5a,0xe4,0x05,0x83,0x80,0x54,0x19,0x05,0x41,0x90,0x00,0x00,0x00,0x00,0x00,0x00,
    0x00,0x00,0x00,0x00,0x00,0x00,0x02,0xde,0x40,0x76,0x3a,0x07,0x63,0xa0,0x2d,0xe4,
    0x00,0x00,0x00,0x00,0x00,0x00,0x00,0x00,0x00,0x00,0x00,0x00,0x00,0x5a,0xe4,0x05,
    0x82,0xa0,0x58,0x2a,0x05,0xae,0x40,0x54,0x00,0x00,0x00,0x00,0x00,0x00,0x00,0x00,
    0x00,0x00,0x00,0x02,0xda,0x90,0x75,0x49,0x07,0x54,0x90,0x2d,0xa9,0x00,0x00,0x90,
    0x00,0x00,0x00,0x00,0x00,0x00,0x00,0x00,0x00,0x00,0x0a,0xbe,0x00,0xb3,0x00,0x0a,
    0x00,0x00,0xa0,0x00,0x00,0x00,0x00,0x00,0x00,0x00,0x00,0x00,0x00,0x00,0x00,0x00,
    0x01,0xdf,0x50,0x2a,0x30,0x00,0x18,0x50,0x4f,0xe4,0x00,0x00,0x00,0x00,0x00,0x00,
    0x00,0x00,0x00,0x00,0x00,0x81,0x00,0x8f,0xf8,0x00,0x81,0x00,0x08,0x30,0x00,0x4e,
    0x80,0x00,0x00,0x00,0x00,0x00,0x00,0x00,0x00,0x00,0x00,0x00,0x00,0x05,0x41,0x90,
    0x54,0x19,0x04,0x74,0x90,0x1d,0xa9,0x00,0x00,0x00,0x00,0x00,0x00,0x00,0x00,0x00,
    0x00,0x00,0x00,0x00,0x72,0x09,0x02,0x74,0x50,0x0a,0x91,0x00,0x7a,0x00,0x00,0x00,
    0x00,0x00,0x00,0x00,0x00,0x00,0x00,0x00,0x00,0x00,0x09,0x00,0x82,0x95,0x79,0x07,
    0x96,0x90,0x39,0x66,0x00,0x00,0x00,0x00,0x00,0x00,0x00,0x00,0x00,0x00,0x00,0x00,
    0x00,0x46,0x47,0x00,0x8a,0x00,0x09,0xa1,0x06,0x52,0x80,0x00,0x00,0x00,0x00,0x00,
    0x00,0x00,0x00,0x00,0x00,0x00,0x00,0x06,0x30,0x90,0x07,0x44,0x00,0x67,0x00,0x06,
    0x70,0x06,0xd1,0x00,0x00,0x00,0x00,0x00,0x00,0x00,0x00,0x00,0x00,0x00,0x3f,0xf7,
    0x00,0x04,0x00,0x03,0x00,0x03,0xff,0x80,0x00,0x00,0x00,0x00,0x00,0x00,0x00,0x00,
    0x1d,0x70,0x04,0x70,0x04,0xf3,0x00,0x06,0x60,0x00,0x38,0x00,0x01,0xd7,0x00,0x00,
    0x00,0x00,0x00,0x00,0x00,0x00,0x03,0x60,0x00,0x36,0x00,0x03,0x60,0x00,0x36,0x00,
    0x03,0x60,0x00,0x36,0x00,0x03,0x60,0x00,0x00,0x00,0x00,0x00,0x04,0xe3,0x00,0x04,
    0x70,0x00,0x1d,0x70,0x03,0x90,0x00,0x46,0x00,0x4e,0x20,0x00,0x00,0x00,0x00,0x00,
    0x00,0x00,0x00,0x00,0x00,0x00,0x00,0x00,0x00,0x00,0x0b,0xff,0xe0,0x00,0x00,0x00,
    0x00,0x00,0x00,0x00,0x00,0x00,0x00,0x00,0x00,0x00,0x00,0x00,0x00,0x00,0x00,0x00,
    0x00,0x00,0x00,0x00,0x00,0x00,0x00,0x00,0x00,0x00,0x00,0x00,0x00,0x00,0x00,0x00,
    0x00,0x00,0x00,0x00,0x00,0x00,0x00,0x00,0x00,0x00,0x00,0x00,0x00,0x00,0x00,0x00,
    0x00,0x00,0x00,0x00,0x00,0x00,0x00,0x00,0x00,0x00,0x00,0x00,0x00,0x00,0x00,0x00,
    0x00,0x00,0x00,0x00,0x00,0x00,0x00,0x00,0x00,0x00,0x00,0x00,0x00,0x00,0x00,0x00,
    0x00,0x00,0x00,0x00,0x00,0x00,0x00,0x00,0x00,0x00,0x00,0x00,0x00,0x00,0x00,0x00,
    0x00,0x00,0x00,0xb8,0x00,0x00,0x00,0xb8,0x00,0x00,0x00,0xb8,0x00,0x00,0x00,0xb8,
    0x00,0x00,0x00,0xa8,0x00,0x00,0x00,0x97,0x00,0x00,0x00,0x00,0x00,0x00,0x00,0xb8,
    0x00,0x00,0x00,0xb8,0x00,0x00,0x00,0x00,0x00,0x00,0x00,0x00,0x00,0x00,0x00,0x00,
    0x00,0x00,0x00,0x00,0x00,0x00,0x00,0x00,0x00,0x00,0x00,0x00,0x00,0x00,0x00,0x00,
    0x00,0x00,0x00,0x00,0x00,0x00,0x00,0x00,0x00,0x00,0x0d,0x46,0xa0,0x00,0x0d,0x46,
    0xa0,0x00,0x0d,0x46,0xa0,0x00,0x0d,0x46,0xa0,0x00,0x00,0x00,0x00,0x00,0x00,0x00,
    0x00,0x00,0x00,0x00,0x00,0x00,0x00,0x00,0x00,0x00,0x00,0x00,0x00,0x00,0x00,0x00,
    0x00,0x00,0x00,0x00,0x00,0x00,0x00,0x00,0x00,0x00,0x00,0x00,0x00,0x00,0x00,0x00,
    0x00,0x00,0x00,0x00,0x00,0x00,0x00,0x00,0x00,0x00,0x00,0x00,0x00,0x00,0x00,0xc3,
    0x3c,0x00,0x00,0xe0,0x69,0x00,0x03,0xc0,0xa5,0x04,0xff,0xff,0xff,0xc0,0x0b,0x52,
    0xd0,0x00,0x0e,0x16,0x90,0x0f,0xff,0xff,0xff,0x10,0x78,0x0d,0x20,0x00,0xa5,0x2e,
    0x00,0x00,0xe2,0x5a,0x00,0x00,0x00,0x00,0x00,0x00,0x00,0x00,0x00,0x00,0x00,0x00,
    0x00,0x00,0x00,0x00,0x00,0x00,0x00,0x00,0x00,0x00,0x00,0x00,0x00,0x00,0x00,0x00,
    0x00,0x00,0x00,0x00,0x00,0x00,0x00,0x00,0x00,0x00,0x00,0x46,0x00,0x00,0x1a,0xee,
    0x91,0x00,0xaa,0x47,0x66,0x00,0xb6,0x46,0x00,0x00,0x4d,0xa8,0x10,0x00,0x01,0x7b,
    0xd6,0x00,0x00,0x46,0x3f,0x00,0x95,0x46,0x7d,0x00,0x3a,0xee,0xb3,0x00,0x00,0x46,
    0x00,0x00,0x00,0x46,0x00,0x00,0x00,0x00,0x00,0x00,0x00,0x00,0x00,0x00,0x00,0x00,
    0x00,0x00,0x00,0x00,0x00,0x00,0x00,0x00,0x00,0x00,0x00,0x00,0x00,0x00,0x00,0x00,
    0x00,0x02,0xce,0x70,0x00,0x0a,0x51,0xc2,0x00,0x0a,0x51,0xc2,0x01,0x13,0xce,0x72,
    0x8a,0x20,0x04,0xa9,0x20,0x03,0xb7,0x1a,0xeb,0x11,0x00,0x5a,0x18,0x80,0x00,0x5a,
    0x18,0x80,0x00,0x0a,0xeb,0x10,0x00,0x00,0x00,0x00,0x00,0x00,0x00,0x00,0x00,0x00,
    0x00,0x00,0x00,0x00,0x00,0x00,0x00,0x00,0x00,0x00,0x00,0x00,0x00,0x00,0x00,0x00,
    0x00,0x00,0x00,0x00,0x00,0x00,0x00,0x00,0x00,0x00,0x1b,0xef,0x80,0x00,0x7c,0x10,
    0x00,0x00,0x4d,0x10,0x00,0x00,0x5e,0xb0,0x00,0x03,0xd1,0xc7,0x06,0x98,0x80,0x2e,
    0x47,0x78,0xa0,0x05,0xed,0x23,0xf6,0x13,0xdd,0x00,0x5c,0xec,0x6d,0x60,0x00,0x00,
    0x00,0x00,0x00,0x00,0x00,0x00,0x00,0x00,0x00,0x00,0x00,0x00,0x00,0x00,0x00,0x00,
    0x00,0x00,0x00,0x00,0x00,0x00,0x00,0x00,0x00,0x00,0x00,0x00,0x00,0x00,0x00,0x00,
    0x00,0x00,0x00,0xa7,0x00,0x00,0x00,0xa7,0x00,0x00,0x00,0xa7,0x00,0x00,0x00,0xa7,
    0x00,0x00,0x00,0x00,0x00,0x00,0x00,0x00,0x00,0x00,0x00,0x00,0x00,0x00,0x00,0x00,
    0x00,0x00,0x00,0x00,0x00,0x00,0x00,0x00,0x00,0x00,0x00,0x00,0x00,0x00,0x00,0x00,
    0x00,0x00,0x00,0x00,0x00,0x00,0x00,0x00,0x00,0x00,0x00,0x00,0x00,0x00,0x00,0x00,
    0x00,0x00,0x00,0x0a,0x60,0x00,0x00,0x3d,0x00,0x00,0x00,0x98,0x00,0x00,0x00,0xe4,
    0x00,0x00,0x02,0xf1,0x00,0x00,0x04,0xf0,0x00,0x00,0x04,0xf0,0x00,0x00,0x02,0xf1,
    0x00,0x00,0x00,0xe4,0x00,0x00,0x00,0x98,0x00,0x00,0x00,0x3d,0x00,0x00,0x00,0x0a,
    0x60,0x00,0x00,0x00,0x00,0x00,0x00,0x00,0x00,0x00,0x00,0x00,0x00,0x00,0x00,0x00,
    0x00,0x00,0x00,0x00,0x00,0x00,0x00,0x00,0x00,0x00,0x08,0x70,0x00,0x00,0x01,0xe1,
    0x00,0x00,0x00,0xb7,0x00,0x00,0x00,0x6b,0x00,0x00,0x00,0x4f,0x00,0x00,0x00,0x2f,
    0x10,0x00,0x00,0x2f,0x10,0x00,0x00,0x4f,0x00,0x00,0x00,0x6c,0x00,0x00,0x00,0xb7,
    0x00,0x00,0x01,0xe1,0x00,0x00,0x08,0x70,0x00,0x00,0x00,0x00,0x00,0x00,0x00,0x00,
    0x00,0x00,0x00,0x00,0x00,0x00,0x00,0x00,0x00,0x00,0x00,0x00,0x00,0x00,0x00,0x00,
    0x00,0x00,0x00,0x00,0x00,0x00,0x00,0x00,0x00,0x00,0x00,0x74,0x00,0x00,0x94,0x74,
    0x67,0x00,0x18,0xdc,0x60,0x00,0x18,0xdc,0x60,0x00,0x94,0x74,0x67,0x00,0x00,0x74,
    0x00,0x00,0x00,0x00,0x00,0x00,0x00,0x00,0x00,0x00,0x00,0x00,0x00,0x00,0x00,0x00,
    0x00,0x00,0x00,0x00,0x00,0x00,0x00,0x00,0x00,0x00,0x00,0x00,0x00,0x00,0x00,0x00,
    0x00,0x00,0x00,0x00,0x00,0x00,0x00,0x00,0x00,0x00,0x00,0x00,0x00,0x00,0x00,0x00,
    0x00,0x00,0x00,0x00,0x00,0x00,0x00,0x97,0x00,0x00,0x00,0x97,0x00,0x00,0x00,0x97,
    0x00,0x07,0xff,0xff,0xff,0x40,0x00,0x97,0x00,0x00,0x00,0x97,0x00,0x00,0x00,0x97,
    0x00,0x00,0x00,0x00,0x00,0x00,0x00,0x00,0x00,0x00,0x00,0x00,0x00,0x00,0x00,0x00,
    0x00,0x00,0x00,0x00,0x00,0x00,0x00,0x00,0x00,0x00,0x00,0x00,0x00,0x00,0x00,0x00,
    0x00,0x00,0x00,0x00,0x00,0x00,0x00,0x00,0x00,0x00,0x00,0x00,0x00,0x00,0x00,0x00,
    0x00,0x00,0x00,0x00,0x00,0x00,0x00,0x00,0x00,0x00,0x00,0x00,0x00,0x00,0x00,0x00,
    0x00,0x00,0x00,0x00,0x00,0x00,0x00,0xcc,0x00,0x00,0x00,0xda,0x00,0x00,0x01,0xf4,
    0x00,0x00,0x05,0xc0,0x00,0x00,0x00,0x00,0x00,0x00,0x00,0x00,0x00,0x00,0x00,0x00,
    0x00,0x00,0x00,0x00,0x00,0x00,0x00,0x00,0x00,0x00,0x00,0x00,0x00,0x00,0x00,0x00,
    0x00,0x00,0x00,0x00,0x00,0x00,0x00,0x00,0x00,0x00,0x00,0x00,0x00,0x00,0x00,0x00,
    0x00,0x00,0x00,0x00,0x00,0x00,0x0b,0xff,0x80,0x00,0x00,0x00,0x00,0x00,0x00,0x00,
    0x00,0x00,0x00,0x00,0x00,0x00,0x00,0x00,0x00,0x00,0x00,0x00,0x00,0x00,0x00,0x00,
    0x00,0x00,0x00,0x00,0x00,0x00,0x00,0x00,0x00,0x00,0x00,0x00,0x00,0x00,0x00,0x00,
    0x00,0x00,0x00,0x00,0x00,0x00,0x00,0x00,0x00,0x00,0x00,0x00,0x00,0x00,0x00,0x00,
    0x00,0x00,0x00,0x00,0x00,0x00,0x00,0x00,0x00,0x00,0x00,0x00,0x00,0x00,0x00,0x00,
    0x00,0x00,0x00,0x00,0x00,0x00,0x00,0xdb,0x00,0x00,0x00,0xdb,0x00,0x00,0x00,0x00,
    0x00,0x00,0x00,0x00,0x00,0x00,0x00,0x00,0x00,0x00,0x00,0x00,0x00,0x00,0x00,0x00,
    0x00,0x00,0x00,0x00,0x00,0x00,0x00,0x00,0x00,0x00,0x00,0x00,0x00,0x00,0x00,0x00,
    0x00,0x00,0x00,0x00,0x99,0x00,0x00,0x01,0xe2,0x00,0x00,0x07,0xb0,0x00,0x00,0x0e,
    0x40,0x00,0x00,0x6c,0x00,0x00,0x00,0xd5,0x00,0x00,0x05,0xd0,0x00,0x00,0x0c,0x70,
    0x00,0x00,0x3e,0x10,0x00,0x00,0xa8,0x00,0x00,0x02,0xf2,0x00,0x00,0x00,0x00,0x00,
    0x00,0x00,0x00,0x00,0x00,0x00,0x00,0x00,0x00,0x00,0x00,0x00,0x00,0x00,0x00,0x00,
    0x00,0x00,0x00,0x00,0x00,0x00,0x00,0x00,0x00,0x00,0x1a,0xee,0x80,0x00,0x9d,0x23,
    0xe6,0x00,0xe6,0x00,0x8b,0x01,0xf3,0x00,0x6e,0x02,0xf2,0xa8,0x5f,0x01,0xf3,0x00,
    0x6e,0x00,0xe6,0x00,0x8b,0x00,0x9d,0x23,0xe6,0x00,0x1a,0xee,0x80,0x00,0x00,0x00,
    0x00,0x00,0x00,0x00,0x00,0x00,0x00,0x00,0x00,0x00,0x00,0x00,0x00,0x00,0x00,0x00,
    0x00,0x00,0x00,0x00,0x00,0x00,0x00,0x00,0x00,0x00,0x00,0x00,0x00,0x00,0x00,0x00,
    0x00,0x00,0x7f,0xff,0x00,0x00,0x00,0x4f,0x00,0x00,0x00,0x4f,0x00,0x00,0x00,0x4f,
    0x00,0x00,0x00,0x4f,0x00,0x00,0x00,0x4f,0x00,0x00,0x00,0x4f,0x00,0x00,0x00,0x4f,
    0x00,0x00,0x4f,0xff,0xfe,0x00,0x00,0x00,0x00,0x00,0x00,0x00,0x00,0x00,0x00,0x00,
    0x00,0x00,0x00,0x00,0x00,0x00,0x00,0x00,0x00,0x00,0x00,0x00,0x00,0x00,0x00,0x00,
    0x00,0x00,0x00,0x00,0x00,0x00,0x00,0x00,0x00,0x00,0x4b,0xed,0x70,0x00,0xb4,0x14,
    0xe6,0x00,0x00,0x00,0xb9,0x00,0x00,0x00,0xd6,0x00,0x00,0x09,0xb0,0x00,0x00,0x8c,
    0x10,0x00,0x08,0xc1,0x00,0x00,0x8c,0x10,0x00,0x00,0xff,0xff,0xfb,0x00,0x00,0x00,
    0x00,0x00,0x00,0x00,0x00,0x00,0x00,0x00,0x00,0x00,0x00,0x00,0x00,0x00,0x00,0x00,
    0x00,0x00,0x00,0x00,0x00,0x00,0x00,0x00,0x00,0x00,0x00,0x00,0x00,0x00,0x00,0x00,
    0x00,0x00,0x3b,0xed,0x70,0x00,0x94,0x13,0xe5,0x00,0x00,0x00,0xa9,0x00,0x00,0x03,
    0xe5,0x00,0x08,0xff,0x80,0x00,0x00,0x03,0xd7,0x00,0x00,0x00,0x7c,0x02,0x93,0x03,
    0xd9,0x00,0x5c,0xed,0x91,0x00,0x00,0x00,0x00,0x00,0x00,0x00,0x00,0x00,0x00,0x00,
    0x00,0x00,0x00,0x00,0x00,0x00,0x00,0x00,0x00,0x00,0x00,0x00,0x00,0x00,0x00,0x00,
    0x00,0x00,0x00,0x00,0x00,0x00,0x00,0x00,0x00,0x00,0x00,0x0d,0xe0,0x00,0x00,0x8c,
    0xe0,0x00,0x03,0xc5,0xe0,0x00,0x0c,0x35,0xe0,0x00,0x79,0x05,0xe0,0x02,0xd1,0x05,
    0xe0,0x05,0xff,0xff,0xff,0x30,0x00,0x05,0xe0,0x00,0x00,0x05,0xe0,0x00,0x00,0x00,
    0x00,0x00,0x00,0x00,0x00,0x00,0x00,0x00,0x00,0x00,0x00,0x00,0x00,0x00,0x00,0x00,
    0x00,0x00,0x00,0x00,0x00,0x00,0x00,0x00,0x00,0x00,0x00,0x00,0x00,0x00,0x00,0x00,
    0x00,0x00,0xaf,0xff,0xf2,0x00,0xa7,0x00,0x00,0x00,0xa7,0x00,0x00,0x00,0xae,0xfd,
    0x70,0x00,0x00,0x15,0xe6,0x00,0x00,0x00,0x9a,0x00,0x00,0x00,0x9a,0x01,0x92,0x14,
    0xe5,0x00,0x6d,0xed,0x60,0x00,0x00,0x00,0x00,0x00,0x00,0x00,0x00,0x00,0x00,0x00,
    0x00,0x00,0x00,0x00,0x00,0x00,0x00,0x00,0x00,0x00,0x00,0x00,0x00,0x00,0x00,0x00,
    0x00,0x00,0x00,0x00,0x00,0x00,0x00,0x00,0x00,0x00,0x07,0xdf,0x91,0x00,0x7d,0x41,
    0x54,0x00,0xd5,0x00,0x00,0x01,0xf7,0xde,0xa1,0x02,0xfb,0x21,0xca,0x02,0xf5,0x00,
    0x5e,0x00,0xe5,0x00,0x5e,0x00,0x9c,0x21,0xc9,0x00,0x1a,0xee,0xa1,0x00,0x00,0x00,
    0x00,0x00,0x00,0x00,0x00,0x00,0x00,0x00,0x00,0x00,0x00,0x00,0x00,0x00,0x00,0x00,
    0x00,0x00,0x00,0x00,0x00,0x00,0x00,0x00,0x00,0x00,0x00,0x00,0x00,0x00,0x00,0x00,
    0x00,0x02,0xff,0xff,0xfc,0x00,0x00,0x00,0xc7,0x00,0x00,0x03,0xf1,0x00,0x00,0x09,
    0xa0,0x00,0x00,0x1e,0x40,0x00,0x00,0x7d,0x00,0x00,0x00,0xd7,0x00,0x00,0x04,0xf1,
    0x00,0x00,0x0a,0xa0,0x00,0x00,0x00,0x00,0x00,0x00,0x00,0x00,0x00,0x00,0x00,0x00,
    0x00,0x00,0x00,0x00,0x00,0x00,0x00,0x00,0x00,0x00,0x00,0x00,0x00,0x00,0x00,0x00,
    0x00,0x00,0x00,0x00,0x00,0x00,0x00,0x00,0x00,0x00,0x2b,0xee,0x91,0x00,0xbb,0x12,
    0xc8,0x00,0xe5,0x00,0x8b,0x00,0x9a,0x12,0xc6,0x00,0x1c,0xff,0xa0,0x00,0xc9,0x11,
    0xba,0x02,0xf3,0x00,0x5e,0x00,0xe9,0x11,0xbc,0x00,0x3b,0xee,0xa2,0x00,0x00,0x00,
    0x00,0x00,0x00,0x00,0x00,0x00,0x00,0x00,0x00,0x00,0x00,0x00,0x00,0x00,0x00,0x00,
    0x00,0x00,0x00,0x00,0x00,0x00,0x00,0x00,0x00,0x00,0x00,0x00,0x00,0x00,0x00,0x00,
    0x00,0x00,0x2b,0xee,0x80,0x00,0xd9,0x13,0xe6,0x02,0xf2,0x00,0x8b,0x02,0xf2,0x00,
    0x8d,0x00,0xd9,0x13,0xde,0x00,0x3b,0xec,0x8d,0x00,0x00,0x00,0x9a,0x00,0x64,0x15,
    0xe3,0x00,0x2b,0xfc,0x50,0x00,0x00,0x00,0x00,0x00,0x00,0x00,0x00,0x00,0x00,0x00,
    0x00,0x00,0x00,0x00,0x00,0x00,0x00,0x00,0x00,0x00,0x00,0x00,0x00,0x00,0x00,0x00,
    0x00,0x00,0x00,0x00,0x00,0x00,0x00,0x00,0x00,0x00,0x00,0x00,0x00,0x00,0x00,0x00,
    0x00,0x00,0x00,0xdb,0x00,0x00,0x00,0xdb,0x00,0x00,0x00,0x00,0x00,0x00,0x00,0x00,
    0x00,0x00,0x00,0x00,0x00,0x00,0x00,0xdb,0x00,0x00,0x00,0xdb,0x00,0x00,0x00,0x00,
    0x00,0x00,0x00,0x00,0x00,0x00,0x00,0x00,0x00,0x00,0x00,0x00,0x00,0x00,0x00,0x00,
    0x00,0x00,0x00,0x00,0x00,0x00,0x00,0x00,0x00,0x00,0x00,0x00,0x00,0x00,0x00,0x00,
    0x00,0x00,0x00,0x00,0x00,0x00,0x00,0x00,0x00,0x00,0x00,0xdb,0x00,0x00,0x00,0xdb,
    0x00,0x00,0x00,0x00,0x00,0x00,0x00,0x00,0x00,0x00,0x00,0x00,0x00,0x00,0x00,0xcc,
    0x00,0x00,0x00,0xda,0x00,0x00,0x01,0xf4,0x00,0x00,0x05,0xc0,0x00,0x00,0x00,0x00,
    0x00,0x00,0x00,0x00,0x00,0x00,0x00,0x00,0x00,0x00,0x00,0x00,0x00,0x00,0x00,0x00,
    0x00,0x00,0x00,0x00,0x00,0x00,0x00,0x00,0x00,0x00,0x00,0x00,0x00,0x00,0x00,0x00,
    0x00,0x00,0x00,0x00,0x5b,0x40,0x03,0x9e,0xb6,0x14,0xdc,0x61,0x00,0x04,0xdc,0x61,
    0x00,0x00,0x03,0x9e,0xb5,0x10,0x00,0x00,0x5b,0x40,0x00,0x00,0x00,0x00,0x00,0x00,
    0x00,0x00,0x00,0x00,0x00,0x00,0x00,0x00,0x00,0x00,0x00,0x00,0x00,0x00,0x00,0x00,
    0x00,0x00,0x00,0x00,0x00,0x00,0x00,0x00,0x00,0x00,0x00,0x00,0x00,0x00,0x00,0x00,
    0x00,0x00,0x00,0x00,0x00,0x00,0x00,0x00,0x00,0x00,0x00,0x00,0x00,0x07,0xff,0xff,
    0xff,0x40,0x00,0x00,0x00,0x00,0x00,0x00,0x00,0x07,0xff,0xff,0xff,0x40,0x00,0x00,
    0x00,0x00,0x00,0x00,0x00,0x00,0x00,0x00,0x00,0x00,0x00,0x00,0x00,0x00,0x00,0x00,
    0x00,0x00,0x00,0x00,0x00,0x00,0x00,0x00,0x00,0x00,0x00,0x00,0x00,0x00,0x00,0x00,
    0x00,0x00,0x00,0x00,0x00,0x00,0x00,0x00,0x00,0x00,0x00,0x00,0x00,0x00,0x00,0x00,
    0x00,0x06,0xa4,0x00,0x00,0x01,0x6c,0xd8,0x20,0x00,0x00,0x27,0xdc,0x20,0x00,0x27,
    0xdc,0x21,0x6c,0xd8,0x20,0x06,0xa4,0x00,0x00,0x00,0x00,0x00,0x00,0x00,0x00,0x00,
    0x00,0x00,0x00,0x00,0x00,0x00,0x00,0x00,0x00,0x00,0x00,0x00,0x00,0x00,0x00,0x00,
    0x00,0x00,0x00,0x00,0x00,0x00,0x00,0x00,0x00,0x00,0x00,0x00,0x00,0x00,0x00,0x00,
    0x00,0x00,0x19,0xde,0xa1,0x00,0x66,0x12,0xd7,0x00,0x00,0x00,0xc7,0x00,0x00,0x0a,
    0xb1,0x00,0x00,0x9a,0x00,0x00,0x00,0xd5,0x00,0x00,0x00,0x00,0x00,0x00,0x00,0xe6,
    0x00,0x00,0x00,0xe6,0x00,0x00,0x00,0x00,0x00,0x00,0x00,0x00,0x00,0x00,0x00,0x00,
    0x00,0x00,0x00,0x00,0x00,0x00,0x00,0x00,0x00,0x00,0x00,0x00,0x00,0x00,0x00,0x00,
    0x00,0x00,0x00,0x00,0x00,0x00,0x00,0x00,0x00,0x00,0x07,0xde,0xc3,0x00,0x9b,0x31,
    0x5d,0x13,0xd0,0x00,0x09,0x59,0x70,0x6e,0xda,0x7b,0x43,0xd2,0x1c,0x7c,0x25,0xa0,
    0x07,0x7b,0x33,0xd2,0x1c,0x78,0x70,0x6e,0xda,0x73,0xd1,0x00,0x00,0x00,0x7d,0x41,
    0x00,0x00,0x05,0xbe,0xe6,0x00,0x00,0x00,0x00,0x00,0x00,0x00,0x00,0x00,0x00,0x00,
    0x00,0x00,0x00,0x00,0x00,0x00,0x00,0x00,0x00,0x00,0x00,0x00,0x00,0x00,0x00,0x00,
    0x00,0x00,0x01,0xfd,0x00,0x00,0x05,0xde,0x30,0x00,0x0a,0x8b,0x70,0x00,0x1e,0x47,
    0xc0,0x00,0x5e,0x02,0xf2,0x00,0xab,0x00,0xd7,0x00,0xef,0xff,0xfc,0x04,0xf1,0x00,
    0x4f,0x29,0xb0,0x00,0x0e,0x60,0x00,0x00,0x00,0x00,0x00,0x00,0x00,0x00,0x00,0x00,
    0x00,0x00,0x00,0x00,0x00,0x00,0x00,0x00,0x00,0x00,0x00,0x00,0x00,0x00,0x00,0x00,
    0x00,0x00,0x00,0x00,0x00,0x00,0x00,0x00,0x00,0x00,0xef,0xfe,0xa1,0x00,0xe5,0x01,
    0xba,0x00,0xe5,0x00,0x7d,0x00,0xe5,0x02,0xb9,0x00,0xef,0xff,0xc1,0x00,0xe5,0x01,
    0x8d,0x00,0xe5,0x00,0x2f,0x30,0xe5,0x01,0x8e,0x10,0xef,0xfe,0xc4,0x00,0x00,0x00,
    0x00,0x00,0x00,0x00,0x00,0x00,0x00,0x00,0x00,0x00,0x00,0x00,0x00,0x00,0x00,0x00,
    0x00,0x00,0x00,0x00,0x00,0x00,0x00,0x00,0x00,0x00,0x00,0x00,0x00,0x00,0x00,0x00,
    0x00,0x00,0x05,0xcf,0xc4,0x00,0x5e,0x61,0x39,0x00,0xc9,0x00,0x00,0x01,0xf5,0x00,
    0x00,0x02,0xf4,0x00,0x00,0x00,0xf5,0x00,0x00,0x00,0xc9,0x00,0x00,0x00,0x4f,0x61,
    0x38,0x00,0x05,0xcf,0xc4,0x00,0x00,0x00,0x00,0x00,0x00,0x00,0x00,0x00,0x00,0x00,
    0x00,0x00,0x00,0x00,0x00,0x00,0x00,0x00,0x00,0x00,0x00,0x00,0x00,0x00,0x00,0x00,
    0x00,0x00,0x00,0x00,0x00,0x00,0x00,0x00,0x00,0x02,0xff,0xeb,0x40,0x02,0xf2,0x26,
    0xf4,0x02,0xf2,0x00,0x9b,0x02,0xf2,0x00,0x6e,0x02,0xf2,0x00,0x5f,0x02,0xf2,0x00,
    0x6e,0x02,0xf2,0x00,0x9b,0x02,0xf2,0x16,0xf4,0x02,0xff,0xeb,0x40,0x00,0x00,0x00,
    0x00,0x00,0x00,0x00,0x00,0x00,0x00,0x00,0x00,0x00,0x00,0x00,0x00,0x00,0x00,0x00,
    0x00,0x00,0x00,0x00,0x00,0x00,0x00,0x00,0x00,0x00,0x00,0x00,0x00,0x00,0x00,0x00,
    0x00,0x00,0xbf,0xff,0xfd,0x00,0xb8,0x00,0x00,0x00,0xb8,0x00,0x00,0x00,0xb8,0x00,
    0x00,0x00,0xbf,0xff,0xfa,0x00,0xb8,0x00,0x00,0x00,0xb8,0x00,0x00,0x00,0xb8,0x00,
    0x00,0x00,0xbf,0xff,0xff,0x00,0x00,0x00,0x00,0x00,0x00,0x00,0x00,0x00,0x00,0x00,
    0x00,0x00,0x00,0x00,0x00,0x00,0x00,0x00,0x00,0x00,0x00,0x00,0x00,0x00,0x00,0x00,
    0x00,0x00,0x00,0x00,0x00,0x00,0x00,0x00,0x00,0x00,0x8f,0xff,0xff,0x10,0x8c,0x00,
    0x00,0x00,0x8c,0x00,0x00,0x00,0x8c,0x00,0x00,0x00,0x8f,0xff,0xfa,0x00,0x8c,0x00,
    0x00,0x00,0x8c,0x00,0x00,0x00,0x8c,0x00,0x00,0x00,0x8c,0x00,0x00,0x00,0x00,0x00,
    0x00,0x00,0x00,0x00,0x00,0x00,0x00,0x00,0x00,0x00,0x00,0x00,0x00,0x00,0x00,0x00,
    0x00,0x00,0x00,0x00,0x00,0x00,0x00,0x00,0x00,0x00,0x00,0x00,0x00,0x00,0x00,0x00,
    0x00,0x00,0x07,0xde,0xb2,0x00,0x8d,0x41,0x47,0x01,0xf5,0x00,0x00,0x04,0xf1,0x00,
    0x00,0x05,0xf0,0x09,0xff,0x03,0xf1,0x00,0x3f,0x01,0xe5,0x00,0x3f,0x00,0x8d,0x31,
    0x6f,0x00,0x08,0xdf,0xc6,0x00,0x00,0x00,0x00,0x00,0x00,0x00,0x00,0x00,0x00,0x00,
    0x00,0x00,0x00,0x00,0x00,0x00,0x00,0x00,0x00,0x00,0x00,0x00,0x00,0x00,0x00,0x00,
    0x00,0x00,0x00,0x00,0x00,0x00,0x00,0x00,0x00,0x02,0xf2,0x00,0x5e,0x02,0xf2,0x00,
    0x5e,0x02,0xf2,0x00,0x5e,0x02,0xf2,0x00,0x5e,0x02,0xff,0xff,0xfe,0x02,0xf2,0x00,
    0x5e,0x02,0xf2,0x00,0x5e,0x02,0xf2,0x00,0x5e,0x02,0xf2,0x00,0x5e,0x00,0x00,0x00,
    0x00,0x00,0x00,0x00,0x00,0x00,0x00,0x00,0x00,0x00,0x00,0x00,0x00,0x00,0x00,0x00,
    0x00,0x00,0x00,0x00,0x00,0x00,0x00,0x00,0x00,0x00,0x00,0x00,0x00,0x00,0x00,0x00,
    0x00,0x00,0xbf,0xff,0xf8,0x00,0x00,0xb8,0x00,0x00,0x00,0xb8,0x00,0x00,0x00,0xb8,
    0x00,0x00,0x00,0xb8,0x00,0x00,0x00,0xb8,0x00,0x00,0x00,0xb8,0x00,0x00,0x00,0xb8,
    0x00,0x00,0xbf,0xff,0xf8,0x00,0x00,0x00,0x00,0x00,0x00,0x00,0x00,0x00,0x00,0x00,
    0x00,0x00,0x00,0x00,0x00,0x00,0x00,0x00,0x00,0x00,0x00,0x00,0x00,0x00,0x00,0x00,
    0x00,0x00,0x00,0x00,0x00,0x00,0x00,0x00,0x00,0x00,0x09,0xff,0xf1,0x00,0x00,0x03,
    0xf1,0x00,0x00,0x03,0xf1,0x00,0x00,0x03,0xf1,0x00,0x00,0x03,0xf1,0x00,0x00,0x03,
    0xf1,0x04,0x10,0x05,0xe0,0x05,0xc3,0x1b,0xa0,0x01,0x8d,0xeb,0x20,0x00,0x00,0x00,
    0x00,0x00,0x00,0x00,0x00,0x00,0x00,0x00,0x00,0x00,0x00,0x00,0x00,0x00,0x00,0x00,
    0x00,0x00,0x00,0x00,0x00,0x00,0x00,0x00,0x00,0x00,0x00,0x00,0x00,0x00,0x00,0x00,
    0x00,0x02,0xf2,0x00,0x5e,0x32,0xf2,0x05,0xe3,0x02,0xf2,0x5e,0x30,0x02,0xf8,0xf4,
    0x00,0x02,0xfe,0xd9,0x00,0x02,0xf4,0x3f,0x40,0x02,0xf2,0x07,0xe1,0x02,0xf2,0x00,
    0xcb,0x02,0xf2,0x00,0x2e,0x60,0x00,0x00,0x00,0x00,0x00,0x00,0x00,0x00,0x00,0x00,
    0x00,0x00,0x00,0x00,0x00,0x00,0x00,0x00,0x00,0x00,0x00,0x00,0x00,0x00,0x00,0x00,
    0x00,0x00,0x00,0x00,0x00,0x00,0x00,0x00,0x00,0x00,0xaa,0x00,0x00,0x00,0xaa,0x00,
    0x00,0x00,0xaa,0x00,0x00,0x00,0xaa,0x00,0x00,0x00,0xaa,0x00,0x00,0x00,0xaa,0x00,
    0x00,0x00,0xaa,0x00,0x00,0x00,0xaa,0x00,0x00,0x00,0xaf,0xff,0xff,0x40,0x00,0x00,
    0x00,0x00,0x00,0x00,0x00,0x00,0x00,0x00,0x00,0x00,0x00,0x00,0x00,0x00,0x00,0x00,
    0x00,0x00,0x00,0x00,0x00,0x00,0x00,0x00,0x00,0x00,0x00,0x00,0x00,0x00,0x00,0x00,
    0x00,0x07,0xf7,0x00,0x9f,0x47,0xdc,0x00,0xde,0x47,0xbc,0x25,0x9e,0x47,0xb7,0x7a,
    0x4e,0x47,0xb2,0xcd,0x0e,0x47,0xb0,0xb8,0x0e,0x47,0xb0,0x00,0x0e,0x47,0xb0,0x00,
    0x0e,0x47,0xb0,0x00,0x0e,0x40,0x00,0x00,0x00,0x00,0x00,0x00,0x00,0x00,0x00,0x00,
    0x00,0x00,0x00,0x00,0x00,0x00,0x00,0x00,0x00,0x00,0x00,0x00,0x00,0x00,0x00,0x00,
    0x00,0x00,0x00,0x00,0x00,0x00,0x00,0x00,0x00,0x02,0xfb,0x00,0x4e,0x02,0xfe,0x20,
    0x4e,0x02,0xf9,0x90,0x4e,0x02,0xf3,0xe1,0x4e,0x02,0xf2,0x97,0x4e,0x02,0xf2,0x3d,
    0x5e,0x02,0xf2,0x0c,0x9e,0x02,0xf2,0x05,0xee,0x02,0xf2,0x00,0xde,0x00,0x00,0x00,
    0x00,0x00,0x00,0x00,0x00,0x00,0x00,0x00,0x00,0x00,0x00,0x00,0x00,0x00,0x00,0x00,
    0x00,0x00,0x00,0x00,0x00,0x00,0x00,0x00,0x00,0x00,0x00,0x00,0x00,0x00,0x00,0x00,
    0x00,0x00,0x1a,0xee,0x90,0x00,0xac,0x23,0xd7,0x01,0xf4,0x00,0x7d,0x03,0xf2,0x00,
    0x4f,0x04,0xf1,0x00,0x4f,0x13,0xf2,0x00,0x4f,0x01,0xf4,0x00,0x7d,0x00,0xab,0x12,
    0xd7,0x00,0x1a,0xee,0x90,0x00,0x00,0x00,0x00,0x00,0x00,0x00,0x00,0x00,0x00,0x00,
    0x00,0x00,0x00,0x00,0x00,0x00,0x00,0x00,0x00,0x00,0x00,0x00,0x00,0x00,0x00,0x00,
    0x00,0x00,0x00,0x00,0x00,0x00,0x00,0x00,0x00,0x00,0xbf,0xfe,0xb2,0x00,0xb8,0x01,
    0xad,0x00,0xb8,0x00,0x3f,0x30,0xb8,0x00,0x3f,0x30,0xb8,0x01,0xad,0x00,0xbf,0xfe,
    0xb3,0x00,0xb8,0x00,0x00,0x00,0xb8,0x00,0x00,0x00,0xb8,0x00,0x00,0x00,0x00,0x00,
    0x00,0x00,0x00,0x00,0x00,0x00,0x00,0x00,0x00,0x00,0x00,0x00,0x00,0x00,0x00,0x00,
    0x00,0x00,0x00,0x00,0x00,0x00,0x00,0x00,0x00,0x00,0x00,0x00,0x00,0x00,0x00,0x00,
    0x00,0x00,0x1a,0xee,0x90,0x00,0xac,0x23,0xd7,0x01,0xf4,0x00,0x7d,0x03,0xf2,0x00,
    0x4f,0x04,0xf1,0x00,0x4f,0x13,0xf2,0x00,0x4f,0x01,0xf4,0x00,0x7d,0x00,0xab,0x12,
    0xd7,0x00,0x1a,0xef,0xa0,0x00,0x00,0x07,0xe2,0x00,0x00,0x00,0xa4,0x00,0x00,0x00,
    0x00,0x00,0x00,0x00,0x00,0x00,0x00,0x00,0x00,0x00,0x00,0x00,0x00,0x00,0x00,0x00,
    0x00,0x00,0x00,0x00,0x00,0x00,0x00,0x00,0x00,0x01,0xff,0xfd,0x80,0x01,0xf3,0x03,
    0xe8,0x01,0xf3,0x00,0x9b,0x01,0xf3,0x02,0xd7,0x01,0xff,0xff,0x70,0x01,0xf3,0x07,
    0xe1,0x01,0xf3,0x00,0xb9,0x01,0xf3,0x00,0x4f,0x21,0xf3,0x00,0x0c,0x90,0x00,0x00,
    0x00,0x00,0x00,0x00,0x00,0x00,0x00,0x00,0x00,0x00,0x00,0x00,0x00,0x00,0x00,0x00,
    0x00,0x00,0x00,0x00,0x00,0x00,0x00,0x00,0x00,0x00,0x00,0x00,0x00,0x00,0x00,0x00,
    0x00,0x00,0x2a,0xed,0x81,0x00,0xc9,0x11,0x65,0x01,0xf2,0x00,0x00,0x00,0xda,0x30,
    0x00,0x00,0x29,0xee,0x91,0x00,0x00,0x02,0xbb,0x00,0x00,0x00,0x4e,0x00,0xa3,0x12,
    0xbb,0x00,0x4b,0xee,0xa2,0x00,0x00,0x00,0x00,0x00,0x00,0x00,0x00,0x00,0x00,0x00,
    0x00,0x00,0x00,0x00,0x00,0x00,0x00,0x00,0x00,0x00,0x00,0x00,0x00,0x00,0x00,0x00,
    0x00,0x00,0x00,0x00,0x00,0x00,0x00,0x00,0x00,0x0b,0xff,0xff,0xff,0x80,0x00,0xb8,
    0x00,0x00,0x00,0xb8,0x00,0x00,0x00,0xb8,0x00,0x00,0x00,0xb8,0x00,0x00,0x00,0xb8,
    0x00,0x00,0x00,0xb8,0x00,0x00,0x00,0xb8,0x00,0x00,0x00,0xb8,0x00,0x00,0x00,0x00,
    0x00,0x00,0x00,0x00,0x00,0x00,0x00,0x00,0x00,0x00,0x00,0x00,0x00,0x00,0x00,0x00,
    0x00,0x00,0x00,0x00,0x00,0x00,0x00,0x00,0x00,0x00,0x00,0x00,0x00,0x00,0x00,0x00,
    0x00,0x01,0xf3,0x00,0x6d,0x01,0xf3,0x00,0x6d,0x01,0xf3,0x00,0x6d,0x01,0xf3,0x00,
    0x6d,0x01,0xf3,0x00,0x6d,0x01,0xf3,0x00,0x6d,0x00,0xf3,0x00,0x6d,0x00,0xba,0x12,
    0xc9,0x00,0x2a,0xee,0x91,0x00,0x00,0x00,0x00,0x00,0x00,0x00,0x00,0x00,0x00,0x00,
    0x00,0x00,0x00,0x00,0x00,0x00,0x00,0x00,0x00,0x00,0x00,0x00,0x00,0x00,0x00,0x00,
    0x00,0x00,0x00,0x00,0x00,0x00,0x00,0x00,0x00,0x07,0xc0,0x00,0x0f,0x53,0xf2,0x00,
    0x4e,0x10,0xd6,0x00,0x8a,0x00,0x8a,0x00,0xd6,0x00,0x4e,0x02,0xf1,0x00,0x0e,0x36,
    0xc0,0x00,0x0a,0x7a,0x70,0x00,0x05,0xce,0x20,0x00,0x01,0xfd,0x00,0x00,0x00,0x00,
    0x00,0x00,0x00,0x00,0x00,0x00,0x00,0x00,0x00,0x00,0x00,0x00,0x00,0x00,0x00,0x00,
    0x00,0x00,0x00,0x00,0x00,0x00,0x00,0x00,0x00,0x00,0x00,0x00,0x00,0x00,0x00,0x00,
    0x00,0x0e,0x50,0x00,0x07,0xbc,0x60,0x00,0x09,0x99,0x80,0x00,0x0b,0x67,0xa0,0xda,
    0x0d,0x44,0xc2,0xcd,0x0f,0x22,0xe6,0x8b,0x4e,0x00,0xea,0x47,0xac,0x00,0xce,0x13,
    0xea,0x00,0xab,0x00,0xe7,0x00,0x00,0x00,0x00,0x00,0x00,0x00,0x00,0x00,0x00,0x00,
    0x00,0x00,0x00,0x00,0x00,0x00,0x00,0x00,0x00,0x00,0x00,0x00,0x00,0x00,0x00,0x00,
    0x00,0x00,0x00,0x00,0x00,0x00,0x00,0x00,0x00,0x02,0xf3,0x00,0x3f,0x30,0x7c,0x00,
    0xc7,0x00,0x0c,0x77,0xc0,0x00,0x03,0xee,0x30,0x00,0x01,0xdd,0x00,0x00,0x08,0xbc,
    0x70,0x00,0x4e,0x23,0xe2,0x01,0xd7,0x00,0x9b,0x08,0xc0,0x00,0x1e,0x60,0x00,0x00,
    0x00,0x00,0x00,0x00,0x00,0x00,0x00,0x00,0x00,0x00,0x00,0x00,0x00,0x00,0x00,0x00,
    0x00,0x00,0x00,0x00,0x00,0x00,0x00,0x00,0x00,0x00,0x00,0x00,0x00,0x00,0x00,0x00,
    0x00,0x07,0xd0,0x00,0x2e,0x40,0xc7,0x00,0xaa,0x00,0x4e,0x14,0xe2,0x00,0x0a,0xac,
    0x70,0x00,0x01,0xec,0x00,0x00,0x00,0xb8,0x00,0x00,0x00,0xb8,0x00,0x00,0x00,0xb8,
    0x00,0x00,0x00,0xb8,0x00,0x00,0x00,0x00,0x00,0x00,0x00,0x00,0x00,0x00,0x00,0x00,
    0x00,0x00,0x00,0x00,0x00,0x00,0x00,0x00,0x00,0x00,0x00,0x00,0x00,0x00,0x00,0x00,
    0x00,0x00,0x00,0x00,0x00,0x00,0x00,0x00,0x00,0x00,0xdf,0xff,0xff,0x40,0x00,0x00,
    0x8d,0x10,0x00,0x03,0xf3,0x00,0x00,0x1d,0x70,0x00,0x00,0x9c,0x00,0x00,0x04,0xe2,
    0x00,0x00,0x1d,0x60,0x00,0x00,0xaa,0x00,0x00,0x00,0xff,0xff,0xff,0x60,0x00,0x00,
    0x00,0x00,0x00,0x00,0x00,0x00,0x00,0x00,0x00,0x00,0x00,0x00,0x00,0x00,0x00,0x00,
    0x00,0x00,0x00,0x00,0x00,0x00,0x00,0x00,0x00,0x00,0x01,0xff,0x90,0x00,0x01,0xf2,
    0x00,0x00,0x01,0xf2,0x00,0x00,0x01,0xf2,0x00,0x00,0x01,0xf2,0x00,0x00,0x01,0xf2,
    0x00,0x00,0x01,0xf2,0x00,0x00,0x01,0xf2,0x00,0x00,0x01,0xf2,0x00,0x00,0x01,0xf2,
    0x00,0x00,0x01,0xf2,0x00,0x00,0x01,0xff,0x90,0x00,0x00,0x00,0x00,0x00,0x00,0x00,
    0x00,0x00,0x00,0x00,0x00,0x00,0x00,0x00,0x00,0x00,0x00,0x00,0x00,0x00,0x00,0x00,
    0x00,0x00,0x00,0x00,0x00,0x00,0x00,0x00,0x00,0x02,0xf2,0x00,0x00,0x00,0xa8,0x00,
    0x00,0x00,0x3e,0x10,0x00,0x00,0x0c,0x70,0x00,0x00,0x05,0xd0,0x00,0x00,0x00,0xd5,
    0x00,0x00,0x00,0x6c,0x00,0x00,0x00,0x1e,0x40,0x00,0x00,0x07,0xb0,0x00,0x00,0x01,
    0xe2,0x00,0x00,0x00,0x99,0x00,0x00,0x00,0x00,0x00,0x00,0x00,0x00,0x00,0x00,0x00,
    0x00,0x00,0x00,0x00,0x00,0x00,0x00,0x00,0x00,0x00,0x0c,0xfd,0x00,0x00,0x00,0x4d,
    0x00,0x00,0x00,0x4d,0x00,0x00,0x00,0x4d,0x00,0x00,0x00,0x4d,0x00,0x00,0x00,0x4d,
    0x00,0x00,0x00,0x4d,0x00,0x00,0x00,0x4d,0x00,0x00,0x00,0x4d,0x00,0x00,0x00,0x4d,
    0x00,0x00,0x00,0x4d,0x00,0x00,0x0c,0xfd,0x00,0x00,0x00,0x00,0x00,0x00,0x00,0x00,
    0x00,0x00,0x00,0x00,0x00,0x00,0x00,0x00,0x00,0x00,0x00,0x00,0x00,0x00,0x00,0x00,
    0x00,0x00,0x00,0x00,0x00,0x00,0x00,0x00,0x00,0x00,0x01,0xec,0x00,0x00,0x0b,0xac,
    0x80,0x00,0x7c,0x01,0xd4,0x03,0xd1,0x00,0x3d,0x10,0x00,0x00,0x00,0x00,0x00,0x00,
    0x00,0x00,0x00,0x00,0x00,0x00,0x00,0x00,0x00,0x00,0x00,0x00,0x00,0x00,0x00,0x00,
    0x00,0x00,0x00,0x00,0x00,0x00,0x00,0x00,0x00,0x00,0x00,0x00,0x00,0x00,0x00,0x00,
    0x00,0x00,0x00,0x00,0x00,0x00,0x00,0x00,0x00,0x00,0x00,0x00,0x00,0x00,0x00,0x00,
    0x00,0x00,0x00,0x00,0x00,0x00,0x00,0x00,0x00,0x00,0x00,0x00,0x00,0x00,0x00,0x00,
    0x00,0x00,0x00,0x00,0x00,0x00,0x00,0x00,0x00,0x00,0x00,0x00,0x00,0x00,0x00,0x00,
    0x00,0x00,0x00,0x00,0x00,0x00,0x00,0x00,0x00,0x00,0x00,0x00,0x00,0x0f,0xff,0xff,
    0xff,0xc0,0x00,0x00,0x00,0x00,0x00,0x00,0x00,0x00,0x00,0x00,0x00,0x00,0x00,0x00,
    0x00,0x00,0x00,0x00,0x00,0x00,0x0a,0x70,0x00,0x00,0x00,0xa6,0x00,0x00,0x00,0x00,
    0x00,0x00,0x00,0x00,0x00,0x00,0x00,0x00,0x00,0x00,0x00,0x00,0x00,0x00,0x00,0x00,
    0x00,0x00,0x00,0x00,0x00,0x00,0x00,0x00,0x00,0x00,0x00,0x00,0x00,0x00,0x00,0x00,
    0x00,0x00,0x00,0x00,0x00,0x00,0x00,0x00,0x00,0x00,0x00,0x00,0x00,0x00,0x00,0x00,
    0x00,0x00,0x00,0x00,0x00,0x00,0x00,0x00,0x00,0x00,0x00,0x00,0x00,0x00,0x00,0x00,
    0x00,0x00,0x00,0x00,0x00,0x00,0x00,0x00,0x00,0x00,0x2a,0xee,0x80,0x00,0x85,0x12,
    0xd6,0x00,0x00,0x00,0x7a,0x00,0x4c,0xef,0xfb,0x01,0xf6,0x10,0x8b,0x01,0xf4,0x04,
    0xdb,0x00,0x6d,0xfb,0x8b,0x00,0x00,0x00,0x00,0x00,0x00,0x00,0x00,0x00,0x00,0x00,
    0x00,0x00,0x00,0x00,0x00,0x00,0x00,0x00,0x00,0x00,0x00,0x00,0x00,0x00,0x00,0x00,
    0x00,0x00,0xc6,0x00,0x00,0x00,0xc6,0x00,0x00,0x00,0xc6,0x00,0x00,0x00,0xc6,0x00,
    0x00,0x00,0xc8,0xde,0xa1,0x00,0xcd,0x31,0xb9,0x00,0xc8,0x00,0x5e,0x00,0xc6,0x00,
    0x3f,0x00,0xc8,0x00,0x4e,0x00,0xcd,0x31,0xb9,0x00,0xc8,0xde,0xa1,0x00,0x00,0x00,
    0x00,0x00,0x00,0x00,0x00,0x00,0x00,0x00,0x00,0x00,0x00,0x00,0x00,0x00,0x00,0x00,
    0x00,0x00,0x00,0x00,0x00,0x00,0x00,0x00,0x00,0x00,0x00,0x00,0x00,0x00,0x00,0x00,
    0x00,0x00,0x00,0x00,0x00,0x00,0x00,0x00,0x00,0x00,0x04,0xce,0xc3,0x00,0x3f,0x61,
    0x37,0x00,0x9a,0x00,0x00,0x00,0xb8,0x00,0x00,0x00,0x9a,0x00,0x00,0x00,0x3f,0x51,
    0x27,0x00,0x04,0xce,0xc3,0x00,0x00,0x00,0x00,0x00,0x00,0x00,0x00,0x00,0x00,0x00,
    0x00,0x00,0x00,0x00,0x00,0x00,0x00,0x00,0x00,0x00,0x00,0x00,0x00,0x00,0x00,0x00,
    0x00,0x00,0x00,0x00,0x89,0x00,0x00,0x00,0x89,0x00,0x00,0x00,0x89,0x00,0x00,0x00,
    0x89,0x00,0x2b,0xec,0xa9,0x00,0xc9,0x14,0xf9,0x01,0xf2,0x00,0xa9,0x03,0xf1,0x00,
    0x99,0x01,0xf2,0x00,0xa9,0x00,0xb9,0x14,0xf9,0x00,0x2b,0xeb,0x99,0x00,0x00,0x00,
    0x00,0x00,0x00,0x00,0x00,0x00,0x00,0x00,0x00,0x00,0x00,0x00,0x00,0x00,0x00,0x00,
    0x00,0x00,0x00,0x00,0x00,0x00,0x00,0x00,0x00,0x00,0x00,0x00,0x00,0x00,0x00,0x00,
    0x00,0x00,0x00,0x00,0x00,0x00,0x00,0x00,0x00,0x00,0x19,0xde,0x91,0x00,0xab,0x21,
    0xa9,0x01,0xf3,0x00,0x3e,0x03,0xff,0xff,0xff,0x11,0xf1,0x00,0x00,0x00,0xaa,0x21,
    0x59,0x00,0x18,0xde,0xa3,0x00,0x00,0x00,0x00,0x00,0x00,0x00,0x00,0x00,0x00,0x00,
    0x00,0x00,0x00,0x00,0x00,0x00,0x00,0x00,0x00,0x00,0x00,0x00,0x00,0x00,0x00,0x00,
    0x00,0x00,0x00,0x2c,0xfb,0x00,0x00,0x99,0x00,0x00,0x00,0xc5,0x00,0x00,0x00,0xd4,
    0x00,0x00,0xcf,0xff,0xfb,0x00,0x00,0xd4,0x00,0x00,0x00,0xd4,0x00,0x00,0x00,0xd4,
    0x00,0x00,0x00,0xd4,0x00,0x00,0x00,0xd4,0x00,0x00,0x00,0xd4,0x00,0x00,0x00,0x00,
    0x00,0x00,0x00,0x00,0x00,0x00,0x00,0x00,0x00,0x00,0x00,0x00,0x00,0x00,0x00,0x00,
    0x00,0x00,0x00,0x00,0x00,0x00,0x00,0x00,0x00,0x00,0x00,0x00,0x00,0x00,0x00,0x00,
    0x00,0x00,0x00,0x00,0x00,0x00,0x00,0x00,0x00,0x00,0x2b,0xeb,0xa9,0x00,0xba,0x14,
    0xe9,0x01,0xf2,0x00,0xa9,0x03,0xf1,0x00,0x99,0x01,0xf2,0x00,0xa9,0x00,0xba,0x14,
    0xe9,0x00,0x2b,0xeb,0xa9,0x00,0x00,0x00,0xa7,0x00,0x56,0x13,0xe3,0x00,0x19,0xed,
    0x50,0x00,0x00,0x00,0x00,0x00,0x00,0x00,0x00,0x00,0x00,0x00,0x00,0x00,0x00,0x00,
    0x00,0x00,0xc6,0x00,0x00,0x00,0xc6,0x00,0x00,0x00,0xc6,0x00,0x00,0x00,0xc6,0x00,
    0x00,0x00,0xc8,0xce,0xb1,0x00,0xcd,0x21,0xc7,0x00,0xc7,0x00,0x8a,0x00,0xc6,0x00,
    0x8a,0x00,0xc6,0x00,0x8a,0x00,0xc6,0x00,0x8a,0x00,0xc6,0x00,0x8a,0x00,0x00,0x00,
    0x00,0x00,0x00,0x00,0x00,0x00,0x00,0x00,0x00,0x00,0x00,0x00,0x00,0x00,0x00,0x00,
    0x00,0x00,0x00,0x00,0x00,0x00,0x00,0x00,0x00,0x00,0x00,0x89,0x00,0x00,0x00,0x00,
    0x00,0x00,0x00,0x00,0x00,0x00,0x00,0x00,0x00,0x00,0x6f,0xf9,0x00,0x00,0x00,0x89,
    0x00,0x00,0x00,0x89,0x00,0x00,0x00,0x89,0x00,0x00,0x00,0x89,0x00,0x00,0x00,0x89,
    0x00,0x00,0xdf,0xff,0xfe,0x00,0x00,0x00,0x00,0x00,0x00,0x00,0x00,0x00,0x00,0x00,
    0x00,0x00,0x00,0x00,0x00,0x00,0x00,0x00,0x00,0x00,0x00,0x00,0x00,0x00,0x00,0x00,
    0x00,0x00,0x00,0x3f,0x00,0x00,0x00,0x00,0x00,0x00,0x00,0x00,0x00,0x00,0x00,0x00,
    0x00,0x00,0x3f,0xff,0x00,0x00,0x00,0x3f,0x00,0x00,0x00,0x3f,0x00,0x00,0x00,0x3f,
    0x00,0x00,0x00,0x3f,0x00,0x00,0x00,0x3f,0x00,0x00,0x00,0x3f,0x00,0x00,0x00,0x3e,
    0x00,0x00,0x00,0x8c,0x00,0x00,0xcf,0xd3,0x00,0x00,0x00,0x00,0x00,0x00,0x00,0x00,
    0x00,0x00,0x00,0x00,0x00,0x00,0x00,0x00,0x00,0x00,0x8b,0x00,0x00,0x00,0x8b,0x00,
    0x00,0x00,0x8b,0x00,0x00,0x00,0x8b,0x00,0x00,0x00,0x8b,0x01,0xba,0x00,0x8b,0x1b,
    0x90,0x00,0x8c,0xca,0x00,0x00,0x8f,0xae,0x20,0x00,0x8b,0x09,0xb0,0x00,0x8b,0x01,
    0xd8,0x00,0x8b,0x00,0x3e,0x40,0x00,0x00,0x00,0x00,0x00,0x00,0x00,0x00,0x00,0x00,
    0x00,0x00,0x00,0x00,0x00,0x00,0x00,0x00,0x00,0x00,0x00,0x00,0x00,0x00,0x00,0x00,
    0x00,0x00,0xff,0xf1,0x00,0x00,0x02,0xf1,0x00,0x00,0x02,0xf1,0x00,0x00,0x02,0xf1,
    0x00,0x00,0x02,0xf1,0x00,0x00,0x02,0xf1,0x00,0x00,0x02,0xf1,0x00,0x00,0x02,0xf1,
    0x00,0x00,0x01,0xf1,0x00,0x00,0x00,0xd6,0x00,0x00,0x00,0x4d,0xf8,0x00,0x00,0x00,
    0x00,0x00,0x00,0x00,0x00,0x00,0x00,0x00,0x00,0x00,0x00,0x00,0x00,0x00,0x00,0x00,
    0x00,0x00,0x00,0x00,0x00,0x00,0x00,0x00,0x00,0x00,0x00,0x00,0x00,0x00,0x00,0x00,
    0x00,0x00,0x00,0x00,0x00,0x00,0x00,0x00,0x00,0x05,0xdd,0xd7,0xe9,0x05,0xe1,0xca,
    0x1f,0x15,0xc0,0x97,0x0d,0x35,0xb0,0x97,0x0d,0x35,0xb0,0x97,0x0d,0x35,0xb0,0x97,
    0x0d,0x35,0xb0,0x97,0x0d,0x30,0x00,0x00,0x00,0x00,0x00,0x00,0x00,0x00,0x00,0x00,
    0x00,0x00,0x00,0x00,0x00,0x00,0x00,0x00,0x00,0x00,0x00,0x00,0x00,0x00,0x00,0x00,
    0x00,0x00,0x00,0x00,0x00,0x00,0x00,0x00,0x00,0x00,0x00,0x00,0x00,0x00,0x00,0x00,
    0x00,0x00,0xc8,0xce,0xb1,0x00,0xcd,0x21,0xc7,0x00,0xc7,0x00,0x8a,0x00,0xc6,0x00,
    0x8a,0x00,0xc6,0x00,0x8a,0x00,0xc6,0x00,0x8a,0x00,0xc6,0x00,0x8a,0x00,0x00,0x00,
    0x00,0x00,0x00,0x00,0x00,0x00,0x00,0x00,0x00,0x00,0x00,0x00,0x00,0x00,0x00,0x00,
    0x00,0x00,0x00,0x00,0x00,0x00,0x00,0x00,0x00,0x00,0x00,0x00,0x00,0x00,0x00,0x00,
    0x00,0x00,0x00,0x00,0x00,0x00,0x00,0x00,0x00,0x00,0x1a,0xed,0x80,0x00,0xab,0x12,
    0xd7,0x00,0xf4,0x00,0x6c,0x01,0xf2,0x00,0x5e,0x00,0xf4,0x00,0x6c,0x00,0xab,0x12,
    0xd7,0x00,0x1a,0xee,0x90,0x00,0x00,0x00,0x00,0x00,0x00,0x00,0x00,0x00,0x00,0x00,
    0x00,0x00,0x00,0x00,0x00,0x00,0x00,0x00,0x00,0x00,0x00,0x00,0x00,0x00,0x00,0x00,
    0x00,0x00,0x00,0x00,0x00,0x00,0x00,0x00,0x00,0x00,0x00,0x00,0x00,0x00,0x00,0x00,
    0x00,0x00,0xc9,0xde,0xa1,0x00,0xcd,0x31,0xc9,0x00,0xc8,0x00,0x5e,0x00,0xc6,0x00,
    0x3f,0x00,0xc8,0x00,0x5e,0x00,0xcd,0x21,0xc9,0x00,0xc8,0xde,0xa1,0x00,0xc6,0x00,
    0x00,0x00,0xc6,0x00,0x00,0x00,0xc6,0x00,0x00,0x00,0x00,0x00,0x00,0x00,0x00,0x00,
    0x00,0x00,0x00,0x00,0x00,0x00,0x00,0x00,0x00,0x00,0x00,0x00,0x00,0x00,0x00,0x00,
    0x00,0x00,0x00,0x00,0x00,0x00,0x00,0x00,0x00,0x00,0x1a,0xec,0x9b,0x00,0xab,0x13,
    0xeb,0x00,0xf3,0x00,0x9b,0x01,0xf2,0x00,0x8b,0x00,0xf3,0x00,0x9b,0x00,0xab,0x13,
    0xeb,0x00,0x1b,0xec,0x9b,0x00,0x00,0x00,0x7b,0x00,0x00,0x00,0x7b,0x00,0x00,0x00,
    0x7b,0x00,0x00,0x00,0x00,0x00,0x00,0x00,0x00,0x00,0x00,0x00,0x00,0x00,0x00,0x00,
    0x00,0x00,0x00,0x00,0x00,0x00,0x00,0x00,0x00,0x00,0x00,0x00,0x00,0x00,0x00,0x00,
    0x00,0x00,0x0b,0x9b,0xff,0x50,0x0b,0xe5,0x10,0x00,0x0b,0x90,0x00,0x00,0x0b,0x70,
    0x00,0x00,0x0b,0x70,0x00,0x00,0x0b,0x70,0x00,0x00,0x0b,0x70,0x00,0x00,0x00,0x00,
    0x00,0x00,0x00,0x00,0x00,0x00,0x00,0x00,0x00,0x00,0x00,0x00,0x00,0x00,0x00,0x00,
    0x00,0x00,0x00,0x00,0x00,0x00,0x00,0x00,0x00,0x00,0x00,0x00,0x00,0x00,0x00,0x00,
    0x00,0x00,0x00,0x00,0x00,0x00,0x00,0x00,0x00,0x00,0x1a,0xed,0x70,0x00,0x8c,0x11,
    0x82,0x00,0x8b,0x10,0x00,0x00,0x18,0xcc,0x80,0x00,0x00,0x01,0xc6,0x00,0x85,0x12,
    0xd6,0x00,0x2a,0xee,0x90,0x00,0x00,0x00,0x00,0x00,0x00,0x00,0x00,0x00,0x00,0x00,
    0x00,0x00,0x00,0x00,0x00,0x00,0x00,0x00,0x00,0x00,0x00,0x00,0x00,0x00,0x00,0x00,
    0x00,0x00,0x00,0x00,0x00,0x00,0x00,0x00,0x00,0x00,0x04,0xd0,0x00,0x00,0x04,0xd0,
    0x00,0x03,0xff,0xff,0xf8,0x00,0x04,0xd0,0x00,0x00,0x04,0xd0,0x00,0x00,0x04,0xd0,
    0x00,0x00,0x04,0xd0,0x00,0x00,0x02,0xf3,0x00,0x00,0x00,0x8e,0xf8,0x00,0x00,0x00,
    0x00,0x00,0x00,0x00,0x00,0x00,0x00,0x00,0x00,0x00,0x00,0x00,0x00,0x00,0x00,0x00,
    0x00,0x00,0x00,0x00,0x00,0x00,0x00,0x00,0x00,0x00,0x00,0x00,0x00,0x00,0x00,0x00,
    0x00,0x00,0x00,0x00,0x00,0x00,0x00,0x00,0x00,0x00,0xc6,0x00,0x8a,0x00,0xc6,0x00,
    0x8a,0x00,0xc6,0x00,0x8a,0x00,0xc6,0x00,0x8a,0x00,0xb7,0x00,0x9a,0x00,0x9b,0x13,
    0xea,0x00,0x2c,0xfb,0x9a,0x00,0x00,0x00,0x00,0x00,0x00,0x00,0x00,0x00,0x00,0x00,
    0x00,0x00,0x00,0x00,0x00,0x00,0x00,0x00,0x00,0x00,0x00,0x00,0x00,0x00,0x00,0x00,
    0x00,0x00,0x00,0x00,0x00,0x00,0x00,0x00,0x00,0x00,0x00,0x00,0x00,0x00,0x00,0x00,
    0x00,0x03,0xe1,0x00,0x3e,0x10,0xc6,0x00,0x8a,0x00,0x7b,0x00,0xd4,0x00,0x2f,0x14,
    0xe0,0x00,0x0b,0x69,0x90,0x00,0x06,0xce,0x30,0x00,0x01,0xfd,0x00,0x00,0x00,0x00,
    0x00,0x00,0x00,0x00,0x00,0x00,0x00,0x00,0x00,0x00,0x00,0x00,0x00,0x00,0x00,0x00,
    0x00,0x00,0x00,0x00,0x00,0x00,0x00,0x00,0x00,0x00,0x00,0x00,0x00,0x00,0x00,0x00,
    0x00,0x00,0x00,0x00,0x00,0x00,0x00,0x00,0x00,0x0d,0x40,0x00,0x07,0xba,0x70,0x00,
    0x0a,0x76,0xb0,0xb8,0x0d,0x33,0xe1,0xcc,0x1f,0x00,0xe7,0x8a,0x6b,0x00,0xbe,0x36,
    0xd8,0x00,0x7e,0x02,0xf4,0x00,0x00,0x00,0x00,0x00,0x00,0x00,0x00,0x00,0x00,0x00,
    0x00,0x00,0x00,0x00,0x00,0x00,0x00,0x00,0x00,0x00,0x00,0x00,0x00,0x00,0x00,0x00,
    0x00,0x00,0x00,0x00,0x00,0x00,0x00,0x00,0x00,0x00,0x00,0x00,0x00,0x00,0x00,0x00,
    0x00,0x01,0xd6,0x00,0x9b,0x00,0x3e,0x35,0xd1,0x00,0x05,0xde,0x30,0x00,0x00,0xdb,
    0x00,0x00,0x09,0xac,0x60,0x00,0x6d,0x12,0xe3,0x03,0xe3,0x00,0x6d,0x10,0x00,0x00,
    0x00,0x00,0x00,0x00,0x00,0x00,0x00,0x00,0x00,0x00,0x00,0x00,0x00,0x00,0x00,0x00,
    0x00,0x00,0x00,0x00,0x00,0x00,0x00,0x00,0x00,0x00,0x00,0x00,0x00,0x00,0x00,0x00,
    0x00,0x00,0x00,0x00,0x00,0x00,0x00,0x00,0x00,0x02,0xf1,0x00,0x2f,0x20,0xc7,0x00,
    0x7b,0x00,0x6d,0x00,0xd5,0x00,0x1e,0x44,0xe1,0x00,0x09,0x9a,0x90,0x00,0x03,0xee,
    0x30,0x00,0x00,0xdd,0x00,0x00,0x00,0xb7,0x00,0x00,0x04,0xf2,0x00,0x00,0xce,0x60,
    0x00,0x00,0x00,0x00,0x00,0x00,0x00,0x00,0x00,0x00,0x00,0x00,0x00,0x00,0x00,0x00,
    0x00,0x00,0x00,0x00,0x00,0x00,0x00,0x00,0x00,0x00,0x00,0x00,0x00,0x00,0x00,0x00,
    0x00,0x00,0x8f,0xff,0xf9,0x00,0x00,0x02,0xd4,0x00,0x00,0x1c,0x60,0x00,0x00,0xa9,
    0x00,0x00,0x08,0xb0,0x00,0x00,0x5d,0x10,0x00,0x00,0xbf,0xff,0xf9,0x00,0x00,0x00,
    0x00,0x00,0x00,0x00,0x00,0x00,0x00,0x00,0x00,0x00,0x00,0x00,0x00,0x00,0x00,0x00,
    0x00,0x00,0x00,0x00,0x00,0x00,0x00,0x00,0x00,0x00,0x00,0x2c,0xf6,0x00,0x00,0x8b,
    0x10,0x00,0x00,0xa8,0x00,0x00,0x00,0xa8,0x00,0x00,0x02,0xd6,0x00,0x00,0x9f,0xc0,
    0x00,0x00,0x03,0xe5,0x00,0x00,0x00,0xb8,0x00,0x00,0x00,0xa8,0x00,0x00,0x00,0x98,
    0x00,0x00,0x00,0x8b,0x10,0x00,0x00,0x2c,0xf6,0x00,0x00,0x00,0x00,0x00,0x00,0x00,
    0x00,0x00,0x00,0x00,0x00,0x00,0x00,0x00,0x00,0x00,0x00,0x00,0x00,0x00,0x00,0x00,
    0x00,0x00,0x00,0xa7,0x00,0x00,0x00,0xa7,0x00,0x00,0x00,0xa7,0x00,0x00,0x00,0xa7,
    0x00,0x00,0x00,0xa7,0x00,0x00,0x00,0xa7,0x00,0x00,0x00,0xa7,0x00,0x00,0x00,0xa7,
    0x00,0x00,0x00,0xa7,0x00,0x00,0x00,0xa7,0x00,0x00,0x00,0xa7,0x00,0x00,0x00,0xa7,
    0x00,0x00,0x00,0xa7,0x00,0x00,0x00,0x00,0x00,0x00,0x00,0x00,0x00,0x00,0x00,0x00,
    0x00,0x00,0x00,0x00,0x00,0x00,0x00,0x00,0x00,0x00,0x9e,0xb1,0x00,0x00,0x01,0xd5,
    0x00,0x00,0x00,0xb7,0x00,0x00,0x00,0xb7,0x00,0x00,0x00,0x9b,0x10,0x00,0x00,0x2d,
    0xf6,0x00,0x00,0x8d,0x20,0x00,0x00,0xa8,0x00,0x00,0x00,0xb7,0x00,0x00,0x00,0xb6,
    0x00,0x00,0x02,0xd5,0x00,0x00,0x9e,0xb0,0x00,0x00,0x00,0x00,0x00,0x00,0x00,0x00,
    0x00,0x00,0x00,0x00,0x00,0x00,0x00,0x00,0x00,0x00,0x00,0x00,0x00,0x00,0x00,0x00,
    0x00,0x00,0x00,0x00,0x00,0x00,0x00,0x00,0x00,0x00,0x00,0x00,0x00,0x00,0x00,0x00,
    0x00,0x00,0x00,0x00,0x00,0x00,0x00,0x00,0x00,0x02,0xbe,0xb4,0x16,0x45,0x41,0x4b,
    0xe9,0x10,0x00,0x00,0x00,0x00,0x00,0x00,0x00,0x00,0x00,0x00,0x00,0x00,0x00,0x00,
    0x00,0x00,0x00,0x00,0x00,0x00,0x00,0x00,0x00,0x00,0x00,0x00,0x00,0x00,0x00,0x00,
    0x00,0x00,0x00,0x00,0x00,0x00,0x00,0x00,0x00,0x00,0x00,0x00,0x00,0x00,0x00,0x00,
    0x00,0x00,0x00,0x00,0x00,0x00,0x00,0x00,0x00,0x00,0x00,0x00,0x00,0x00,0x00,0x00,
    0x00,0x00,0x00,0x00,0x00,0x00,0x00,0x00,0x00,0x00,0x00,0x00,0x00,0x00,0x00,0x00,
    0x00,0x00,0x00,0x00,0x00,0x00,0x00,0x00,0x00,0x00,0x00,0x00,0x00,0x00,0x00,0x00,
    0x00,0x00,0x00,0x00,0x00,0x00,0x00,0x00,0x00,0x00,0x00,0x00,0x00,0x00,0x00,0x00,
    0x00,0x00,0x00,0x00,0x00,0x00,0x00,0x00,0x00,0x00,0x00,0x00,0x00,0x00,0x00,0x00,
    0x00,0x00,0x00,0x00,0x00,0x00,0x00,0x00,0x00,0x00,0x00,0x00,0x00,0x00,0x00,0x00,
    0x00,0x00,0x00,0x00,0x00,0x00,0x00,0x00,0x00,0x00,0x00,0x00,0x00,0x00,0x00,0x00,
    0x00,0x00,0x00,0x00,0x00,0x00,0x00,0x00,0x00,0x00,0x00,0x00,0x00,0x00,0x00,0x00,
    0x00,0x00,0x00,0x00,0x00,0x00,0x00,0x00,0x00,0x00,0x00,0x00,0x00,0x00,0x00,0x00,
    0x00,0x00,0x00,0x00,0x00,0x00,0x00,0x00,0x00,0x00,0x00,0x00,0x00,0x00,0x00,0x00,
    0x00,0x00,0x00,0x00,0x00,0x00,0x00,0x00,0x00,0x00,0x00,0x00,0x00,0x00,0x00,0x00,
    0x00,0x00,0x00,0x00,0x00,0x00,0x00,0x00,0x00,0x00,0x00,0x00,0x00,0x0e,0xf0,0x00,
    0x00,0x00,0x00,0x00,0xef,0x00,0x00,0x00,0x00,0x00,0x0e,0xf0,0x00,0x00,0x00,0x00,
    0x00,0xef,0x00,0x00,0x00,0x00,0x00,0x0e,0xf0,0x00,0x00,0x00,0x00,0x00,0xef,0x00,
    0x00,0x00,0x00,0x00,0x0e,0xf0,0x00,0x00,0x00,0x00,0x00,0xef,0x00,0x00,0x00,0x00,
    0x00,0x0d,0xe0,0x00,0x00,0x00,0x00,0x00,0xcd,0x00,0x00,0x00,0x00,0x00,0x0c,0xd0,
    0x00,0x00,0x00,0x00,0x00,0x00,0x00,0x00,0x00,0x00,0x00,0x00,0x00,0x00,0x00,0x00,
    0x00,0x00,0xef,0x00,0x00,0x00,0x00,0x00,0x0e,0xf0,0x00,0x00,0x00,0x00,0x00,0x00,
    0x00,0x00,0x00,0x00,0x00,0x00,0x00,0x00,0x00,0x00,0x00,0x00,0x00,0x00,0x00,0x00,
    0x00,0x00,0x00,0x00,0x00,0x00,0x00,0x00,0x00,0x00,0x00,0x00,0x00,0x00,0x00,0x00,
    0x00,0x00,0x00,0x00,0x00,0x00,0x00,0x00,0x00,0x00,0x00,0x00,0x00,0x00,0x00,0x00,
    0x00,0x00,0x00,0x00,0x00,0x00,0x00,0x00,0x00,0x00,0x00,0x00,0x00,0x00,0x00,0x00,
    0x00,0x00,0x00,0x00,0x00,0x00,0x00,0x00,0x00,0x00,0x00,0x00,0xbf,0x00,0xeb,0x00,
    0x00,0x00,0x0b,0xf0,0x0e,0xb0,0x00,0x00,0x00,0xbf,0x00,0xeb,0x00,0x00,0x00,0x0b,
    0xf0,0x0e,0xb0,0x00,0x00,0x00,0xbf,0x00,0xeb,0x00,0x00,0x00,0x00,0x00,0x00,0x00,
    0x00,0x00,0x00,0x00,0x00,0x00,0x00,0x00,0x00,0x00,0x00,0x00,0x00,0x00,0x00,0x00,
    0x00,0x00,0x00,0x00,0x00,0x00,0x00,0x00,0x00,0x00,0x00,0x00,0x00,0x00,0x00,0x00,
    0x00,0x00,0x00,0x00,0x00,0x00,0x00,0x00,0x00,0x00,0x00,0x00,0x00,0x00,0x00,0x00,
    0x00,0x00,0x00,0x00,0x00,0x00,0x00,0x00,0x00,0x00,0x00,0x00,0x00,0x00,0x00,0x00,
    0x00,0x00,0x00,0x00,0x00,0x00,0x00,0x00,0x00,0x00,0x00,0x00,0x00,0x00,0x00,0x00,
    0x00,0x00,0x00,0x00,0x00,0x00,0x00,0x00,0x00,0x00,0x00,0x00,0x00,0x00,0x00,0x00,
    0x00,0x00,0x00,0x00,0x00,0x00,0x00,0x00,0x00,0x00,0x00,0x00,0x00,0x00,0x00,0x00,
    0x00,0x00,0x00,0x00,0x00,0x00,0x00,0x00,0x00,0x00,0x00,0x00,0x00,0x00,0x00,0x00,
    0x00,0x00,0x00,0x00,0x00,0x00,0x00,0x00,0x00,0x00,0x00,0x00,0x0f,0x80,0x1f,0x80,
    0x00,0x00,0x04,0xf5,0x05,0xf4,0x00,0x00,0x00,0x8f,0x10,0x8f,0x00,0x00,0x00,0x0c,
    0xc0,0x0c,0xb0,0x00,0x0d,0xff,0xff,0xff,0xff,0xff,0x00,0xdf,0xff,0xff,0xff,0xff,
    0xf0,0x00,0x06,0xf2,0x07,0xf2,0x00,0x00,0x00,0xad,0x00,0xbd,0x00,0x00,0x00,0x0e,
    0x90,0x0e,0x90,0x00,0x0f,0xff,0xff,0xff,0xff,0xfd,0x00,0xff,0xff,0xff,0xff,0xff,
    0xd0,0x00,0x09,0xe0,0x09,0xe0,0x00,0x00,0x00,0xdb,0x00,0xda,0x00,0x00,0x00,0x1f,
    0x70,0x2f,0x60,0x00,0x00,0x05,0xf3,0x06,0xf3,0x00,0x00,0x00,0x00,0x00,0x00,0x00,
    0x00,0x00,0x00,0x00,0x00,0x00,0x00,0x00,0x00,0x00,0x00,0x00,0x00,0x00,0x00,0x00,
    0x00,0x00,0x00,0x00,0x00,0x00,0x00,0x00,0x00,0x00,0x00,0x00,0x00,0x00,0x00,0x00,
    0x00,0x00,0x00,0x00,0x00,0x00,0x00,0x00,0x00,0x00,0x00,0x00,0x00,0x00,0x00,0x00,
    0x00,0x00,0x00,0x00,0x00,0x00,0x00,0x00,0x00,0x00,0x00,0x00,0x00,0x00,0x00,0x00,
    0x00,0x00,0x00,0x00,0x00,0x00,0x00,0x00,0x00,0x00,0x00,0x00,0x3c,0x00,0x00,0x00,
    0x00,0x00,0x03,0xc0,0x00,0x00,0x00,0x00,0x4b,0xef,0xd9,0x30,0x00,0x00,0x7f,0xff,
    0xff,0xfe,0x00,0x00,0x0e,0xf5,0x4c,0x26,0xb0,0x00,0x02,0xfb,0x03,0xc0,0x00,0x00,
    0x00,0x0e,0xc0,0x3c,0x00,0x00,0x00,0x00,0x7f,0xb8,0xc0,0x00,0x00,0x00,0x00,0x6d,
    0xff,0xe9,0x20,0x00,0x00,0x00,0x04,0xd8,0xee,0x30,0x00,0x00,0x00,0x3c,0x02,0xfb,
    0x00,0x00,0x00,0x03,0xc0,0x1f,0xd0,0x00,0x2b,0x52,0x3c,0x2a,0xfa,0x00,0x02,0xff,
    0xff,0xff,0xfe,0x30,0x00,0x04,0x9c,0xef,0xd9,0x20,0x00,0x00,0x00,0x04,0xc0,0x00,
    0x00,0x00,0x00,0x00,0x3c,0x00,0x00,0x00,0x00,0x00,0x03,0xc0,0x00,0x00,0x00,0x00,
    0x00,0x00,0x00,0x00,0x00,0x00,0x00,0x00,0x00,0x00,0x00,0x00,0x00,0x00,0x00,0x00,
    0x00,0x00,0x00,0x00,0x00,0x00,0x00,0x00,0x00,0x00,0x00,0x00,0x00,0x00,0x00,0x00,
    0x00,0x00,0x00,0x00,0x00,0x00,0x00,0x00,0x00,0x00,0x00,0x00,0x00,0x00,0x00,0x00,
    0x00,0x00,0x00,0x00,0x00,0x00,0x00,0x00,0x00,0x05,0xce,0xb3,0x00,0x00,0x00,0x03,
    0xf5,0x17,0xe2,0x00,0x00,0x00,0x9b,0x00,0x0d,0x70,0x00,0x00,0x09,0xb0,0x00,0xd7,
    0x00,0x00,0x00,0x3f,0x51,0x7e,0x20,0x00,0x41,0x00,0x5c,0xec,0x40,0x04,0xcc,0x20,
    0x00,0x00,0x00,0x4c,0xc4,0x00,0x00,0x00,0x04,0xcc,0x40,0x00,0x00,0x00,0x4b,0xc4,
    0x00,0x00,0x00,0x01,0xbc,0x40,0x03,0xce,0xc4,0x00,0x03,0x00,0x02,0xe7,0x15,0xf3,
    0x00,0x00,0x00,0x6d,0x00,0x0b,0x90,0x00,0x00,0x06,0xd0,0x00,0xb9,0x00,0x00,0x00,
    0x2e,0x71,0x5f,0x40,0x00,0x00,0x00,0x3c,0xec,0x50,0x00,0x00,0x00,0x00,0x00,0x00,
    0x00,0x00,0x00,0x00,0x00,0x00,0x00,0x00,0x00,0x00,0x00,0x00,0x00,0x00,0x00,0x00,
    0x00,0x00,0x00,0x00,0x00,0x00,0x00,0x00,0x00,0x00,0x00,0x00,0x00,0x00,0x00,0x00,
    0x00,0x00,0x00,0x00,0x00,0x00,0x00,0x00,0x00,0x00,0x00,0x00,0x00,0x00,0x00,0x00,
    0x00,0x00,0x00,0x00,0x00,0x00,0x00,0x00,0x00,0x00,0x00,0x00,0x00,0x00,0x00,0x00,
    0x00,0x00,0x00,0x00,0x00,0x00,0x00,0x00,0x00,0x00,0x3b,0xef,0xf8,0x00,0x00,0x00,
    0x2f,0xff,0xff,0x80,0x00,0x00,0x08,0xf9,0x10,0x00,0x00,0x00,0x00,0xaf,0x10,0x00,
    0x00,0x00,0x00,0x07,0xf3,0x00,0x00,0x00,0x00,0x00,0x2f,0xb0,0x00,0x00,0x00,0x00,
    0x03,0xef,0x70,0x00,0x00,0x00,0x03,0xed,0xdf,0x50,0x00,0x00,0x00,0xdd,0x12,0xee,
    0x30,0x0d,0xb0,0x4f,0x60,0x03,0xed,0x10,0xe9,0x06,0xf5,0x00,0x05,0xfb,0x3f,0x50,
    0x5f,0xb0,0x00,0x06,0xfe,0xc0,0x01,0xef,0xa3,0x11,0x6e,0xf7,0x00,0x05,0xff,0xff,
    0xff,0xbc,0xe1,0x00,0x03,0xae,0xfd,0x70,0x6f,0x90,0x00,0x00,0x00,0x00,0x00,0x00,
    0x00,0x00,0x00,0x00,0x00,0x00,0x00,0x00,0x00,0x00,0x00,0x00,0x00,0x00,0x00,0x00,
    0x00,0x00,0x00,0x00,0x00,0x00,0x00,0x00,0x00,0x00,0x00,0x00,0x00,0x00,0x00,0x00,
    0x00,0x00,0x00,0x00,0x00,0x00,0x00,0x00,0x00,0x00,0x00,0x00,0x00,0x00,0x00,0x00,
    0x00,0x00,0x00,0x00,0x00,0x00,0x00,0x00,0x00,0x00,0x00,0x00,0x00,0x00,0x00,0x00,
    0x00,0x00,0x00,0x00,0x00,0x00,0x00,0x00,0x00,0x00,0x0d,0xd0,0x00,0x00,0x00,0x00,
    0x00,0xdd,0x00,0x00,0x00,0x00,0x00,0x0d,0xd0,0x00,0x00,0x00,0x00,0x00,0xdd,0x00,
    0x00,0x00,0x00,0x00,0x0d,0xd0,0x00,0x00,0x00,0x00,0x00,0x00,0x00,0x00,0x00,0x00,
    0x00,0x00,0x00,0x00,0x00,0x00,0x00,0x00,0x00,0x00,0x00,0x00,0x00,0x00,0x00,0x00,
    0x00,0x00,0x00,0x00,0x00,0x00,0x00,0x00,0x00,0x00,0x00,0x00,0x00,0x00,0x00,0x00,
    0x00,0x00,0x00,0x00,0x00,0x00,0x00,0x00,0x00,0x00,0x00,0x00,0x00,0x00,0x00,0x00,
    0x00,0x00,0x00,0x00,0x00,0x00,0x00,0x00,0x00,0x00,0x00,0x00,0x00,0x00,0x00,0x00,
    0x00,0x00,0x00,0x00,0x00,0x00,0x00,0x00,0x00,0x00,0x00,0x00,0x00,0x00,0x00,0x00,
    0x00,0x00,0x00,0x00,0x00,0x00,0x00,0x00,0x00,0x00,0x00,0x00,0x00,0x00,0x00,0x00,
    0x00,0x00,0x00,0x00,0x00,0x00,0x00,0x00,0x00,0x00,0x00,0x00,0x00,0x00,0x00,0x00,
    0x00,0x00,0x00,0x00,0x00,0x00,0x00,0x00,0x00,0x00,0x00,0x00,0x00,0x00,0x00,0x00,
    0x00,0x00,0x00,0x00,0x00,0x00,0x00,0x00,0x00,0x00,0x03,0xf6,0x00,0x00,0x00,0x00,
    0x00,0xbd,0x00,0x00,0x00,0x00,0x00,0x4f,0x60,0x00,0x00,0x00,0x00,0x0a,0xf1,0x00,
    0x00,0x00,0x00,0x01,0xfb,0x00,0x00,0x00,0x00,0x00,0x5f,0x70,0x00,0x00,0x00,0x00,
    0x09,0xf4,0x00,0x00,0x00,0x00,0x00,0xbf,0x20,0x00,0x00,0x00,0x00,0x0c,0xf1,0x00,
    0x00,0x00,0x00,0x00,0xcf,0x10,0x00,0x00,0x00,0x00,0x0b,0xf3,0x00,0x00,0x00,0x00,
    0x00,0x9f,0x40,0x00,0x00,0x00,0x00,0x05,0xf7,0x00,0x00,0x00,0x00,0x00,0x1f,0xb0,
    0x00,0x00,0x00,0x00,0x00,0xaf,0x10,0x00,0x00,0x00,0x00,0x04,0xf6,0x00,0x00,0x00,
    0x00,0x00,0x0b,0xd0,0x00,0x00,0x00,0x00,0x00,0x3f,0x60,0x00,0x00,0x00,0x00,0x00,
    0x00,0x00,0x00,0x00,0x00,0x00,0x00,0x00,0x00,0x00,0x00,0x00,0x00,0x00,0x00,0x00,
    0x00,0x00,0x00,0x00,0x00,0x00,0x00,0x00,0x00,0x00,0x00,0x00,0x00,0x00,0x00,0x00,
    0x00,0x00,0x00,0x00,0x00,0x00,0x00,0x00,0x00,0x00,0x00,0x00,0x00,0x00,0x00,0x00,
    0x00,0x00,0x00,0x00,0x00,0x00,0x00,0x00,0x05,0xf4,0x00,0x00,0x00,0x00,0x00,0x0d,
    0xc0,0x00,0x00,0x00,0x00,0x00,0x6f,0x50,0x00,0x00,0x00,0x00,0x01,0xeb,0x00,0x00,
    0x00,0x00,0x00,0x0a,0xf2,0x00,0x00,0x00,0x00,0x00,0x7f,0x60,0x00,0x00,0x00,0x00,
    0x03,0xf9,0x00,0x00,0x00,0x00,0x00,0x2f,0xb0,0x00,0x00,0x00,0x00,0x01,0xfd,0x00,
    0x00,0x00,0x00,0x00,0x1f,0xc0,0x00,0x00,0x00,0x00,0x02,0xfb,0x00,0x00,0x00,0x00,
    0x00,0x4f,0x90,0x00,0x00,0x00,0x00,0x07,0xf6,0x00,0x00,0x00,0x00,0x00,0xaf,0x20,
    0x00,0x00,0x00,0x00,0x1f,0xb0,0x00,0x00,0x00,0x00,0x06,0xf5,0x00,0x00,0x00,0x00,
    0x00,0xdc,0x00,0x00,0x00,0x00,0x00,0x5f,0x40,0x00,0x00,0x00,0x00,0x00,0x00,0x00,
    0x00,0x00,0x00,0x00,0x00,0x00,0x00,0x00,0x00,0x00,0x00,0x00,0x00,0x00,0x00,0x00,
    0x00,0x00,0x00,0x00,0x00,0x00,0x00,0x00,0x00,0x00,0x00,0x00,0x00,0x00,0x00,0x00,
    0x00,0x00,0x00,0x00,0x00,0x00,0x00,0x00,0x00,0x00,0x00,0x00,0x00,0x00,0x00,0x00,
    0x00,0x00,0x00,0x00,0x00,0x00,0x00,0x00,0x00,0x89,0x00,0x00,0x00,0x00,0x00,0x08,
    0x90,0x00,0x00,0x00,0x2b,0x30,0x89,0x02,0xb2,0x00,0x01,0x8e,0x89,0x98,0xe8,0x10,
    0x00,0x00,0x2a,0xff,0xa2,0x00,0x00,0x00,0x02,0xaf,0xfa,0x20,0x00,0x00,0x17,0xe8,
    0x99,0x8e,0x81,0x00,0x02,0xb3,0x08,0x90,0x2b,0x20,0x00,0x00,0x00,0x89,0x00,0x00,
    0x00,0x00,0x00,0x08,0x90,0x00,0x00,0x00,0x00,0x00,0x00,0x00,0x00,0x00,0x00,0x00,
    0x00,0x00,0x00,0x00,0x00,0x00,0x00,0x00,0x00,0x00,0x00,0x00,0x00,0x00,0x00,0x00,
    0x00,0x00,0x00,0x00,0x00,0x00,0x00,0x00,0x00,0x00,0x00,0x00,0x00,0x00,0x00,0x00,
    0x00,0x00,0x00,0x00,0x00,0x00,0x00,0x00,0x00,0x00,0x00,0x00,0x00,0x00,0x00,0x00,
    0x00,0x00,0x00,0x00,0x00,0x00,0x00,0x00,0x00,0x00,0x00,0x00,0x00,0x00,0x00,0x00,
    0x00,0x00,0x00,0x00,0x00,0x00,0x00,0x00,0x00,0x00,0x00,0x00,0x00,0x00,0x00,0x00,
    0x00,0x00,0x00,0x00,0x00,0x00,0x00,0x00,0x00,0x00,0x00,0x00,0x00,0x00,0x00,0x00,
    0x00,0x00,0x00,0x00,0x00,0x00,0x00,0x00,0x00,0x00,0x00,0x00,0x00,0x00,0x00,0x00,
    0x00,0x00,0x00,0x00,0x00,0x00,0x00,0x00,0x00,0x00,0x00,0x00,0x00,0x00,0x00,0x00,
    0x00,0x00,0x0c,0xd0,0x00,0x00,0x00,0x00,0x00,0xcd,0x00,0x00,0x00,0x00,0x00,0x0c,
    0xd0,0x00,0x00,0x00,0x00,0x00,0xcd,0x00,0x00,0x00,0x2f,0xff,0xff,0xff,0xff,0xf3,
    0x02,0xff,0xff,0xff,0xff,0xff,0x30,0x00,0x00,0x0c,0xd0,0x00,0x00,0x00,0x00,0x00,
    0xcd,0x00,0x00,0x00,0x00,0x00,0x0c,0xd0,0x00,0x00,0x00,0x00,0x00,0xcd,0x00,0x00,
    0x00,0x00,0x00,0x00,0x00,0x00,0x00,0x00,0x00,0x00,0x00,0x00,0x00,0x00,0x00,0x00,
    0x00,0x00,0x00,0x00,0x00,0x00,0x00,0x00,0x00,0x00,0x00,0x00,0x00,0x00,0x00,0x00,
    0x00,0x00,0x00,0x00,0x00,0x00,0x00,0x00,0x00,0x00,0x00,0x00,0x00,0x00,0x00,0x00,
    0x00,0x00,0x00,0x00,0x00,0x00,0x00,0x00,0x00,0x00,0x00,0x00,0x00,0x00,0x00,0x00,
    0x00,0x00,0x00,0x00,0x00,0x00,0x00,0x00,0x00,0x00,0x00,0x00,0x00,0x00,0x00,0x00,
    0x00,0x00,0x00,0x00,0x00,0x00,0x00,0x00,0x00,0x00,0x00,0x00,0x00,0x00,0x00,0x00,
    0x00,0x00,0x00,0x00,0x00,0x00,0x00,0x00,0x00,0x00,0x00,0x00,0x00,0x00,0x00,0x00,
    0x00,0x00,0x00,0x00,0x00,0x00,0x00,0x00,0x00,0x00,0x00,0x00,0x00,0x00,0x00,0x00,
    0x00,0x00,0x00,0x00,0x00,0x00,0x00,0x00,0x00,0x00,0x00,0x00,0x00,0x00,0x00,0x00,
    0x00,0x00,0x00,0x00,0x00,0x00,0x00,0x00,0x00,0x00,0x00,0x00,0x00,0x00,0x00,0x00,
    0x00,0x00,0x00,0x00,0x00,0x01,0xff,0x50,0x00,0x00,0x00,0x00,0x1f,0xf5,0x00,0x00,
    0x00,0x00,0x03,0xff,0x30,0x00,0x00,0x00,0x00,0x7f,0xa0,0x00,0x00,0x00,0x00,0x0a,
    0xf3,0x00,0x00,0x00,0x00,0x00,0xea,0x00,0x00,0x00,0x00,0x00,0x00,0x00,0x00,0x00,
    0x00,0x00,0x00,0x00,0x00,0x00,0x00,0x00,0x00,0x00,0x00,0x00,0x00,0x00,0x00,0x00,
    0x00,0x00,0x00,0x00,0x00,0x00,0x00,0x00,0x00,0x00,0x00,0x00,0x00,0x00,0x00,0x00,
    0x00,0x00,0x00,0x00,0x00,0x00,0x00,0x00,0x00,0x00,0x00,0x00,0x00,0x00,0x00,0x00,
    0x00,0x00,0x00,0x00,0x00,0x00,0x00,0x00,0x00,0x00,0x00,0x00,0x00,0x00,0x00,0x00,
    0x00,0x00,0x00,0x00,0x00,0x00,0x00,0x00,0x00,0x00,0x00,0x00,0x00,0x00,0x00,0x00,
    0x00,0x00,0x00,0x00,0x00,0x00,0x00,0x00,0x00,0x00,0x00,0x00,0x00,0x00,0x00,0x00,
    0x00,0x00,0x00,0x00,0x00,0x00,0x00,0x00,0x00,0x00,0x08,0xff,0xff,0x80,0x00,0x00,
    0x00,0x8f,0xff,0xf8,0x00,0x00,0x00,0x00,0x00,0x00,0x00,0x00,0x00,0x00,0x00,0x00,
    0x00,0x00,0x00,0x00,0x00,0x00,0x00,0x00,0x00,0x00,0x00,0x00,0x00,0x00,0x00,0x00,
    0x00,0x00,0x00,0x00,0x00,0x00,0x00,0x00,0x00,0x00,0x00,0x00,0x00,0x00,0x00,0x00,
    0x00,0x00,0x00,0x00,0x00,0x00,0x00,0x00,0x00,0x00,0x00,0x00,0x00,0x00,0x00,0x00,
    0x00,0x00,0x00,0x00,0x00,0x00,0x00,0x00,0x00,0x00,0x00,0x00,0x00,0x00,0x00,0x00,
    0x00,0x00,0x00,0x00,0x00,0x00,0x00,0x00,0x00,0x00,0x00,0x00,0x00,0x00,0x00,0x00,
    0x00,0x00,0x00,0x00,0x00,0x00,0x00,0x00,0x00,0x00,0x00,0x00,0x00,0x00,0x00,0x00,
    0x00,0x00,0x00,0x00,0x00,0x00,0x00,0x00,0x00,0x00,0x00,0x00,0x00,0x00,0x00,0x00,
    0x00,0x00,0x00,0x00,0x00,0x00,0x00,0x00,0x00,0x00,0x00,0x00,0x00,0x00,0x00,0x00,
    0x00,0x00,0x00,0x00,0x00,0x00,0x00,0x00,0x00,0x00,0x00,0x00,0x00,0x00,0x00,0x00,
    0x00,0x00,0x00,0x00,0x00,0x00,0x00,0x00,0x00,0x00,0x00,0x00,0x00,0x00,0x00,0x00,
    0x00,0x00,0x00,0x00,0x00,0x00,0x00,0x00,0x00,0x00,0x00,0x00,0x00,0x00,0x00,0x00,
    0x00,0x00,0x00,0x00,0x03,0xff,0x40,0x00,0x00,0x00,0x00,0x3f,0xf4,0x00,0x00,0x00,
    0x00,0x03,0xff,0x40,0x00,0x00,0x00,0x00,0x00,0x00,0x00,0x00,0x00,0x00,0x00,0x00,
    0x00,0x00,0x00,0x00,0x00,0x00,0x00,0x00,0x00,0x00,0x00,0x00,0x00,0x00,0x00,0x00,
    0x00,0x00,0x00,0x00,0x00,0x00,0x00,0x00,0x00,0x00,0x00,0x00,0x00,0x00,0x00,0x00,
    0x00,0x00,0x00,0x00,0x00,0x00,0x00,0x00,0x00,0x00,0x00,0x00,0x00,0x00,0x00,0x00,
    0x00,0x00,0x00,0x00,0x00,0x00,0x00,0x00,0x00,0x00,0x00,0x00,0x00,0x00,0x00,0x00,
    0x00,0x00,0x00,0x00,0x00,0x00,0x00,0x00,0x8f,0x40,0x00,0x00,0x00,0x00,0x1e,0xc0,
    0x00,0x00,0x00,0x00,0x08,0xf5,0x00,0x00,0x00,0x00,0x01,0xed,0x00,0x00,0x00,0x00,
    0x00,0x7f,0x60,0x00,0x00,0x00,0x00,0x1e,0xd0,0x00,0x00,0x00,0x00,0x07,0xf6,0x00,
    0x00,0x00,0x00,0x00,0xde,0x00,0x00,0x00,0x00,0x00,0x6f,0x70,0x00,0x00,0x00,0x00,
    0x0d,0xe1,0x00,0x00,0x00,0x00,0x05,0xf7,0x00,0x00,0x00,0x00,0x00,0xde,0x10,0x00,
    0x00,0x00,0x00,0x5f,0x80,0x00,0x00,0x00,0x00,0x0c,0xf1,0x00,0x00,0x00,0x00,0x04,
    0xf9,0x00,0x00,0x00,0x00,0x00,0xbf,0x20,0x00,0x00,0x00,0x00,0x00,0x00,0x00,0x00,
    0x00,0x00,0x00,0x00,0x00,0x00,0x00,0x00,0x00,0x00,0x00,0x00,0x00,0x00,0x00,0x00,
    0x00,0x00,0x00,0x00,0x00,0x00,0x00,0x00,0x00,0x00,0x00,0x00,0x00,0x00,0x00,0x00,
    0x00,0x00,0x00,0x00,0x00,0x00,0x00,0x00,0x00,0x00,0x00,0x00,0x00,0x00,0x00,0x00,
    0x00,0x00,0x00,0x00,0x00,0x00,0x00,0x00,0x00,0x00,0x00,0x00,0x00,0x00,0x00,0x00,
    0x00,0x00,0x00,0x00,0x00,0x3b,0xee,0xb3,0x00,0x00,0x00,0x3f,0xff,0xff,0xf4,0x00,
    0x00,0x0c,0xfa,0x11,0x9f,0xc0,0x00,0x03,0xfd,0x00,0x00,0xdf,0x30,0x00,0x7f,0x90,
    0x00,0x08,0xf7,0x00,0x09,0xf6,0x00,0x00,0x5f,0x90,0x00,0xaf,0x50,0x00,0x04,0xfb,
    0x00,0x0a,0xf4,0x2d,0xd2,0x4f,0xb0,0x00,0xaf,0x52,0xdd,0x24,0xfb,0x00,0x09,0xf6,
    0x00,0x00,0x5f,0x90,0x00,0x7f,0x90,0x00,0x08,0xf7,0x00,0x03,0xfd,0x00,0x00,0xdf,
    0x30,0x00,0x0c,0xfa,0x11,0x9f,0xd0,0x00,0x00,0x3f,0xff,0xff,0xf4,0x00,0x00,0x00,
    0x3b,0xee,0xb3,0x00,0x00,0x00,0x00,0x00,0x00,0x00,0x00,0x00,0x00,0x00,0x00,0x00,
    0x00,0x00,0x00,0x00,0x00,0x00,0x00,0x00,0x00,0x00,0x00,0x00,0x00,0x00,0x00,0x00,
    0x00,0x00,0x00,0x00,0x00,0x00,0x00,0x00,0x00,0x00,0x00,0x00,0x00,0x00,0x00,0x00,
    0x00,0x00,0x00,0x00,0x00,0x00,0x00,0x00,0x00,0x00,0x00,0x00,0x00,0x00,0x00,0x00,
    0x00,0x00,0x00,0x00,0x00,0x00,0x00,0x00,0x00,0x00,0x00,0x00,0x00,0x00,0x00,0x00,
    0x00,0x00,0x00,0x00,0x15,0xae,0xfa,0x00,0x00,0x00,0x09,0xff,0xff,0xa0,0x00,0x00,
    0x00,0x8a,0x66,0xfa,0x00,0x00,0x00,0x00,0x00,0x4f,0xa0,0x00,0x00,0x00,0x00,0x04,
    0xfa,0x00,0x00,0x00,0x00,0x00,0x4f,0xa0,0x00,0x00,0x00,0x00,0x04,0xfa,0x00,0x00,
    0x00,0x00,0x00,0x4f,0xa0,0x00,0x00,0x00,0x00,0x04,0xfa,0x00,0x00,0x00,0x00,0x00,
    0x4f,0xa0,0x00,0x00,0x00,0x00,0x04,0xfa,0x00,0x00,0x00,0x00,0x00,0x4f,0xa0,0x00,
    0x00,0x00,0x00,0x04,0xfa,0x00,0x00,0x00,0x05,0xff,0xff,0xff,0xfa,0x00,0x00,0x5f,
    0xff,0xff,0xff,0xa0,0x00,0x00,0x00,0x00,0x00,0x00,0x00,0x00,0x00,0x00,0x00,0x00,
    0x00,0x00,0x00,0x00,0x00,0x00,0x00,0x00,0x00,0x00,0x00,0x00,0x00,0x00,0x00,0x00,
    0x00,0x00,0x00,0x00,0x00,0x00,0x00,0x00,0x00,0x00,0x00,0x00,0x00,0x00,0x00,0x00,
    0x00,0x00,0x00,0x00,0x00,0x00,0x00,0x00,0x00,0x00,0x00,0x00,0x00,0x00,0x00,0x00,
    0x00,0x00,0x00,0x00,0x00,0x00,0x00,0x00,0x00,0x00,0x00,0x00,0x00,0x00,0x00,0x00,
    0x00,0x00,0x00,0x05,0xad,0xfe,0xa3,0x00,0x00,0x06,0xff,0xff,0xff,0xf4,0x00,0x00,
    0x5a,0x52,0x13,0xbf,0xe0,0x00,0x00,0x00,0x00,0x01,0xef,0x30,0x00,0x00,0x00,0x00,
    0x0c,0xf3,0x00,0x00,0x00,0x00,0x00,0xee,0x00,0x00,0x00,0x00,0x00,0x7f,0x70,0x00,
    0x00,0x00,0x00,0x4f,0xb0,0x00,0x00,0x00,0x00,0x3e,0xd1,0x00,0x00,0x00,0x00,0x2e,
    0xd2,0x00,0x00,0x00,0x00,0x2e,0xe2,0x00,0x00,0x00,0x00,0x2d,0xe2,0x00,0x00,0x00,
    0x00,0x2d,0xe3,0x00,0x00,0x00,0x00,0x08,0xff,0xff,0xff,0xff,0x50,0x00,0x8f,0xff,
    0xff,0xff,0xf5,0x00,0x00,0x00,0x00,0x00,0x00,0x00,0x00,0x00,0x00,0x00,0x00,0x00,
    0x00,0x00,0x00,0x00,0x00,0x00,0x00,0x00,0x00,0x00,0x00,0x00,0x00,0x00,0x00,0x00,
    0x00,0x00,0x00,0x00,0x00,0x00,0x00,0x00,0x00,0x00,0x00,0x00,0x00,0x00,0x00,0x00,
    0x00,0x00,0x00,0x00,0x00,0x00,0x00,0x00,0x00,0x00,0x00,0x00,0x00,0x00,0x00,0x00,
    0x00,0x00,0x00,0x00,0x00,0x00,0x00,0x00,0x00,0x00,0x00,0x00,0x00,0x00,0x00,0x00,
    0x00,0x00,0x00,0x49,0xdf,0xea,0x30,0x00,0x00,0x3f,0xff,0xff,0xff,0x50,0x00,0x03,
    0xb5,0x20,0x29,0xfe,0x00,0x00,0x00,0x00,0x00,0x0d,0xf2,0x00,0x00,0x00,0x00,0x00,
    0xdf,0x20,0x00,0x00,0x00,0x02,0x9f,0xb0,0x00,0x00,0x02,0xff,0xfe,0x91,0x00,0x00,
    0x00,0x2f,0xff,0xf9,0x10,0x00,0x00,0x00,0x00,0x29,0xfc,0x00,0x00,0x00,0x00,0x00,
    0x0a,0xf5,0x00,0x00,0x00,0x00,0x00,0x7f,0x70,0x00,0x00,0x00,0x00,0x0a,0xf7,0x00,
    0x09,0x83,0x11,0x29,0xff,0x20,0x00,0xaf,0xff,0xff,0xff,0x70,0x00,0x01,0x6b,0xdf,
    0xeb,0x40,0x00,0x00,0x00,0x00,0x00,0x00,0x00,0x00,0x00,0x00,0x00,0x00,0x00,0x00,
    0x00,0x00,0x00,0x00,0x00,0x00,0x00,0x00,0x00,0x00,0x00,0x00,0x00,0x00,0x00,0x00,
    0x00,0x00,0x00,0x00,0x00,0x00,0x00,0x00,0x00,0x00,0x00,0x00,0x00,0x00,0x00,0x00,
    0x00,0x00,0x00,0x00,0x00,0x00,0x00,0x00,0x00,0x00,0x00,0x00,0x00,0x00,0x00,0x00,
    0x00,0x00,0x00,0x00,0x00,0x00,0x00,0x00,0x00,0x00,0x00,0x00,0x00,0x00,0x00,0x00,
    0x00,0x00,0x00,0x00,0x07,0xff,0x20,0x00,0x00,0x00,0x01,0xef,0xf2,0x00,0x00,0x00,
    0x00,0x9c,0xdf,0x20,0x00,0x00,0x00,0x3f,0x4c,0xf2,0x00,0x00,0x00,0x0c,0xa0,0xcf,
    0x20,0x00,0x00,0x06,0xf2,0x0c,0xf2,0x00,0x00,0x01,0xe8,0x00,0xcf,0x20,0x00,0x00,
    0x8e,0x10,0x0c,0xf2,0x00,0x00,0x2f,0x60,0x00,0xcf,0x20,0x00,0x0b,0xd0,0x00,0x0c,
    0xf2,0x00,0x00,0xff,0xff,0xff,0xff,0xff,0x10,0x0f,0xff,0xff,0xff,0xff,0xf1,0x00,
    0x00,0x00,0x00,0xcf,0x20,0x00,0x00,0x00,0x00,0x0c,0xf2,0x00,0x00,0x00,0x00,0x00,
    0xcf,0x20,0x00,0x00,0x00,0x00,0x00,0x00,0x00,0x00,0x00,0x00,0x00,0x00,0x00,0x00,
    0x00,0x00,0x00,0x00,0x00,0x00,0x00,0x00,0x00,0x00,0x00,0x00,0x00,0x00,0x00,0x00,
    0x00,0x00,0x00,0x00,0x00,0x00,0x00,0x00,0x00,0x00,0x00,0x00,0x00,0x00,0x00,0x00,
    0x00,0x00,0x00,0x00,0x00,0x00,0x00,0x00,0x00,0x00,0x00,0x00,0x00,0x00,0x00,0x00,
    0x00,0x00,0x00,0x00,0x00,0x00,0x00,0x00,0x00,0x00,0x00,0x00,0x00,0x00,0x00,0x00,
    0x00,0x00,0xff,0xff,0xff,0xf6,0x00,0x00,0x0f,0xff,0xff,0xff,0x60,0x00,0x00,0xfc,
    0x00,0x00,0x00,0x00,0x00,0x0f,0xc0,0x00,0x00,0x00,0x00,0x00,0xfc,0x00,0x00,0x00,
    0x00,0x00,0x0f,0xed,0xfe,0xa2,0x00,0x00,0x00,0xff,0xff,0xff,0xe4,0x00,0x00,0x0b,
    0x41,0x14,0xcf,0xd0,0x00,0x00,0x00,0x00,0x01,0xef,0x40,0x00,0x00,0x00,0x00,0x0a,
    0xf6,0x00,0x00,0x00,0x00,0x00,0xaf,0x60,0x00,0x00,0x00,0x00,0x1d,0xf4,0x00,0x08,
    0x83,0x11,0x4c,0xfd,0x00,0x00,0x9f,0xff,0xff,0xfe,0x30,0x00,0x01,0x7c,0xef,0xd9,
    0x20,0x00,0x00,0x00,0x00,0x00,0x00,0x00,0x00,0x00,0x00,0x00,0x00,0x00,0x00,0x00,
    0x00,0x00,0x00,0x00,0x00,0x00,0x00,0x00,0x00,0x00,0x00,0x00,0x00,0x00,0x00,0x00,
    0x00,0x00,0x00,0x00,0x00,0x00,0x00,0x00,0x00,0x00,0x00,0x00,0x00,0x00,0x00,0x00,
    0x00,0x00,0x00,0x00,0x00,0x00,0x00,0x00,0x00,0x00,0x00,0x00,0x00,0x00,0x00,0x00,
    0x00,0x00,0x00,0x00,0x00,0x00,0x00,0x00,0x00,0x00,0x00,0x00,0x00,0x00,0x00,0x00,
    0x00,0x00,0x18,0xde,0xe9,0x20,0x00,0x00,0x1c,0xff,0xff,0xfa,0x00,0x00,0x09,0xfe,
    0x51,0x15,0x80,0x00,0x01,0xff,0x30,0x00,0x00,0x00,0x00,0x6f,0xa0,0x00,0x00,0x00,
    0x00,0x08,0xf6,0x00,0x00,0x00,0x00,0x00,0xaf,0x36,0xdf,0xd8,0x10,0x00,0x0a,0xf8,
    0xff,0xff,0xfc,0x00,0x00,0xaf,0xf7,0x11,0x4e,0xf6,0x00,0x09,0xfa,0x00,0x00,0x6f,
    0xa0,0x00,0x7f,0x70,0x00,0x04,0xfb,0x00,0x04,0xfa,0x00,0x00,0x6f,0xa0,0x00,0x0d,
    0xf7,0x11,0x4e,0xf6,0x00,0x00,0x4f,0xff,0xff,0xfc,0x00,0x00,0x00,0x3b,0xef,0xd8,
    0x10,0x00,0x00,0x00,0x00,0x00,0x00,0x00,0x00,0x00,0x00,0x00,0x00,0x00,0x00,0x00,
    0x00,0x00,0x00,0x00,0x00,0x00,0x00,0x00,0x00,0x00,0x00,0x00,0x00,0x00,0x00,0x00,
    0x00,0x00,0x00,0x00,0x00,0x00,0x00,0x00,0x00,0x00,0x00,0x00,0x00,0x00,0x00,0x00,
    0x00,0x00,0x00,0x00,0x00,0x00,0x00,0x00,0x00,0x00,0x00,0x00,0x00,0x00,0x00,0x00,
    0x00,0x00,0x00,0x00,0x00,0x00,0x00,0x00,0x00,0x00,0x00,0x00,0x00,0x00,0x00,0x00,
    0x0a,0xff,0xff,0xff,0xff,0x80,0x00,0xaf,0xff,0xff,0xff,0xf4,0x00,0x00,0x00,0x00,
    0x00,0xde,0x00,0x00,0x00,0x00,0x00,0x4f,0x80,0x00,0x00,0x00,0x00,0x0a,0xf3,0x00,
    0x00,0x00,0x00,0x01,0xec,0x00,0x00,0x00,0x00,0x00,0x6f,0x70,0x00,0x00,0x00,0x00,
    0x0c,0xf1,0x00,0x00,0x00,0x00,0x03,0xfb,0x00,0x00,0x00,0x00,0x00,0x9f,0x50,0x00,
    0x00,0x00,0x00,0x1e,0xe1,0x00,0x00,0x00,0x00,0x06,0xf9,0x00,0x00,0x00,0x00,0x00,
    0xbf,0x40,0x00,0x00,0x00,0x00,0x2f,0xd0,0x00,0x00,0x00,0x00,0x08,0xf8,0x00,0x00,
    0x00,0x00,0x00,0x00,0x00,0x00,0x00,0x00,0x00,0x00,0x00,0x00,0x00,0x00,0x00,0x00,
    0x00,0x00,0x00,0x00,0x00,0x00,0x00,0x00,0x00,0x00,0x00,0x00,0x00,0x00,0x00,0x00,
    0x00,0x00,0x00,0x00,0x00,0x00,0x00,0x00,0x00,0x00,0x00,0x00,0x00,0x00,0x00,0x00,
    0x00,0x00,0x00,0x00,0x00,0x00,0x00,0x00,0x00,0x00,0x00,0x00,0x00,0x00,0x00,0x00,
    0x00,0x00,0x00,0x00,0x00,0x00,0x00,0x00,0x00,0x00,0x00,0x00,0x00,0x00,0x00,0x00,
    0x00,0x6c,0xee,0xc6,0x00,0x00,0x00,0xaf,0xff,0xff,0xfa,0x00,0x00,0x3f,0xf6,0x11,
    0x5f,0xf3,0x00,0x05,0xfa,0x00,0x00,0xaf,0x60,0x00,0x4f,0xa0,0x00,0x0a,0xf4,0x00,
    0x00,0xcf,0x61,0x15,0xfc,0x00,0x00,0x01,0x9f,0xff,0xfa,0x10,0x00,0x00,0x3b,0xff,
    0xff,0xc3,0x00,0x00,0x2e,0xe6,0x11,0x5e,0xe2,0x00,0x08,0xf7,0x00,0x00,0x7f,0x80,
    0x00,0xaf,0x50,0x00,0x04,0xfb,0x00,0x0a,0xf7,0x00,0x00,0x7f,0xa0,0x00,0x6f,0xe6,
    0x11,0x5e,0xf7,0x00,0x00,0xcf,0xff,0xff,0xfc,0x10,0x00,0x01,0x7c,0xff,0xd8,0x10,
    0x00,0x00,0x00,0x00,0x00,0x00,0x00,0x00,0x00,0x00,0x00,0x00,0x00,0x00,0x00,0x00,
    0x00,0x00,0x00,0x00,0x00,0x00,0x00,0x00,0x00,0x00,0x00,0x00,0x00,0x00,0x00,0x00,
    0x00,0x00,0x00,0x00,0x00,0x00,0x00,0x00,0x00,0x00,0x00,0x00,0x00,0x00,0x00,0x00,
    0x00,0x00,0x00,0x00,0x00,0x00,0x00,0x00,0x00,0x00,0x00,0x00,0x00,0x00,0x00,0x00,
    0x00,0x00,0x00,0x00,0x00,0x00,0x00,0x00,0x00,0x00,0x00,0x00,0x00,0x00,0x00,0x00,
    0x18,0xdf,0xeb,0x30,0x00,0x00,0x0c,0xff,0xff,0xff,0x40,0x00,0x06,0xfd,0x41,0x28,
    0xfd,0x00,0x00,0xaf,0x60,0x00,0x0b,0xf3,0x00,0x0b,0xf3,0x00,0x00,0x8f,0x70,0x00,
    0xaf,0x60,0x00,0x0b,0xf9,0x00,0x06,0xfd,0x41,0x18,0xff,0xa0,0x00,0x1c,0xff,0xff,
    0xf8,0xfa,0x00,0x00,0x18,0xdf,0xd6,0x4f,0xa0,0x00,0x00,0x00,0x00,0x06,0xf8,0x00,
    0x00,0x00,0x00,0x00,0xbf,0x50,0x00,0x00,0x00,0x00,0x3f,0xf1,0x00,0x00,0x85,0x11,
    0x5e,0xf9,0x00,0x00,0x0a,0xff,0xff,0xfc,0x10,0x00,0x00,0x29,0xde,0xd7,0x10,0x00,
    0x00,0x00,0x00,0x00,0x00,0x00,0x00,0x00,0x00,0x00,0x00,0x00,0x00,0x00,0x00,0x00,
    0x00,0x00,0x00,0x00,0x00,0x00,0x00,0x00,0x00,0x00,0x00,0x00,0x00,0x00,0x00,0x00,
    0x00,0x00,0x00,0x00,0x00,0x00,0x00,0x00,0x00,0x00,0x00,0x00,0x00,0x00,0x00,0x00,
    0x00,0x00,0x00,0x00,0x00,0x00,0x00,0x00,0x00,0x00,0x00,0x00,0x00,0x00,0x00,0x00,
    0x00,0x00,0x00,0x00,0x00,0x00,0x00,0x00,0x00,0x00,0x00,0x00,0x00,0x00,0x00,0x00,
    0x00,0x00,0x00,0x00,0x00,0x00,0x00,0x00,0x00,0x00,0x00,0x00,0x00,0x00,0x00,0x00,
    0x00,0x00,0x00,0x00,0x00,0x00,0x00,0x00,0x00,0x00,0x00,0x00,0x00,0x00,0x00,0x00,
    0x00,0x3f,0xf4,0x00,0x00,0x00,0x00,0x03,0xff,0x40,0x00,0x00,0x00,0x00,0x3f,0xf4,
    0x00,0x00,0x00,0x00,0x00,0x00,0x00,0x00,0x00,0x00,0x00,0x00,0x00,0x00,0x00,0x00,
    0x00,0x00,0x00,0x00,0x00,0x00,0x00,0x00,0x00,0x00,0x00,0x00,0x00,0x00,0x03,0xff,
    0x40,0x00,0x00,0x00,0x00,0x3f,0xf4,0x00,0x00,0x00,0x00,0x03,0xff,0x40,0x00,0x00,
    0x00,0x00,0x00,0x00,0x00,0x00,0x00,0x00,0x00,0x00,0x00,0x00,0x00,0x00,0x00,0x00,
    0x00,0x00,0x00,0x00,0x00,0x00,0x00,0x00,0x00,0x00,0x00,0x00,0x00,0x00,0x00,0x00,
    0x00,0x00,0x00,0x00,0x00,0x00,0x00,0x00,0x00,0x00,0x00,0x00,0x00,0x00,0x00,0x00,
    0x00,0x00,0x00,0x00,0x00,0x00,0x00,0x00,0x00,0x00,0x00,0x00,0x00,0x00,0x00,0x00,
    0x00,0x00,0x00,0x00,0x00,0x00,0x00,0x00,0x00,0x00,0x00,0x00,0x00,0x00,0x00,0x00,
    0x00,0x00,0x00,0x00,0x00,0x00,0x00,0x00,0x00,0x00,0x00,0x00,0x00,0x00,0x00,0x00,
    0x00,0x00,0x00,0x00,0x00,0x00,0x00,0x00,0x00,0x00,0x00,0x00,0x00,0x00,0x00,0x00,
    0x03,0xff,0x40,0x00,0x00,0x00,0x00,0x3f,0xf4,0x00,0x00,0x00,0x00,0x03,0xff,0x40,
    0x00,0x00,0x00,0x00,0x00,0x00,0x00,0x00,0x00,0x00,0x00,0x00,0x00,0x00,0x00,0x00,
    0x00,0x00,0x00,0x00,0x00,0x00,0x00,0x00,0x00,0x00,0x00,0x00,0x00,0x00,0x1f,0xf5,
    0x00,0x00,0x00,0x00,0x01,0xff,0x50,0x00,0x00,0x00,0x00,0x3f,0xf3,0x00,0x00,0x00,
    0x00,0x07,0xfa,0x00,0x00,0x00,0x00,0x00,0xaf,0x30,0x00,0x00,0x00,0x00,0x0e,0xa0,
    0x00,0x00,0x00,0x00,0x00,0x00,0x00,0x00,0x00,0x00,0x00,0x00,0x00,0x00,0x00,0x00,
    0x00,0x00,0x00,0x00,0x00,0x00,0x00,0x00,0x00,0x00,0x00,0x00,0x00,0x00,0x00,0x00,
    0x00,0x00,0x00,0x00,0x00,0x00,0x00,0x00,0x00,0x00,0x00,0x00,0x00,0x00,0x00,0x00,
    0x00,0x00,0x00,0x00,0x00,0x00,0x00,0x00,0x00,0x00,0x00,0x00,0x00,0x00,0x00,0x00,
    0x00,0x00,0x00,0x00,0x00,0x00,0x00,0x00,0x00,0x00,0x00,0x00,0x00,0x00,0x00,0x00,
    0x00,0x00,0x00,0x00,0x00,0x00,0x00,0x00,0x00,0x00,0x00,0x00,0x5b,0x30,0x00,0x00,
    0x00,0x28,0xdf,0xf2,0x00,0x00,0x04,0xbf,0xfd,0x71,0x00,0x02,0x7d,0xfe,0x94,0x00,
    0x00,0x02,0xff,0xc6,0x10,0x00,0x00,0x00,0x2f,0xfb,0x51,0x00,0x00,0x00,0x00,0x27,
    0xdf,0xe9,0x30,0x00,0x00,0x00,0x00,0x5b,0xff,0xd7,0x20,0x00,0x00,0x00,0x02,0x8e,
    0xff,0x20,0x00,0x00,0x00,0x00,0x05,0xb3,0x00,0x00,0x00,0x00,0x00,0x00,0x00,0x00,
    0x00,0x00,0x00,0x00,0x00,0x00,0x00,0x00,0x00,0x00,0x00,0x00,0x00,0x00,0x00,0x00,
    0x00,0x00,0x00,0x00,0x00,0x00,0x00,0x00,0x00,0x00,0x00,0x00,0x00,0x00,0x00,0x00,
    0x00,0x00,0x00,0x00,0x00,0x00,0x00,0x00,0x00,0x00,0x00,0x00,0x00,0x00,0x00,0x00,
    0x00,0x00,0x00,0x00,0x00,0x00,0x00,0x00,0x00,0x00,0x00,0x00,0x00,0x00,0x00,0x00,
    0x00,0x00,0x00,0x00,0x00,0x00,0x00,0x00,0x00,0x00,0x00,0x00,0x00,0x00,0x00,0x00,
    0x00,0x00,0x00,0x00,0x00,0x00,0x00,0x00,0x00,0x00,0x00,0x00,0x00,0x00,0x00,0x00,
    0x00,0x00,0x00,0x00,0x00,0x00,0x00,0x00,0x00,0x00,0x00,0x00,0x00,0x00,0x00,0x00,
    0x00,0x00,0x00,0x00,0x2f,0xff,0xff,0xff,0xff,0xf3,0x02,0xff,0xff,0xff,0xff,0xff,
    0x30,0x00,0x00,0x00,0x00,0x00,0x00,0x00,0x00,0x00,0x00,0x00,0x00,0x00,0x2f,0xff,
    0xff,0xff,0xff,0xf3,0x02,0xff,0xff,0xff,0xff,0xff,0x30,0x00,0x00,0x00,0x00,0x00,
    0x00,0x00,0x00,0x00,0x00,0x00,0x00,0x00,0x00,0x00,0x00,0x00,0x00,0x00,0x00,0x00,
    0x00,0x00,0x00,0x00,0x00,0x00,0x00,0x00,0x00,0x00,0x00,0x00,0x00,0x00,0x00,0x00,
    0x00,0x00,0x00,0x00,0x00,0x00,0x00,0x00,0x00,0x00,0x00,0x00,0x00,0x00,0x00,0x00,
    0x00,0x00,0x00,0x00,0x00,0x00,0x00,0x00,0x00,0x00,0x00,0x00,0x00,0x00,0x00,0x00,
    0x00,0x00,0x00,0x00,0x00,0x00,0x00,0x00,0x00,0x00,0x00,0x00,0x00,0x00,0x00,0x00,
    0x00,0x00,0x00,0x00,0x00,0x00,0x00,0x00,0x00,0x00,0x00,0x00,0x00,0x00,0x00,0x00,
    0x00,0x00,0x00,0x00,0x00,0x00,0x00,0x00,0x00,0x00,0x00,0x00,0x00,0x00,0x00,0x00,
    0x00,0x00,0x00,0x00,0x00,0x00,0x02,0xb5,0x00,0x00,0x00,0x00,0x00,0x2f,0xfe,0x82,
    0x00,0x00,0x00,0x00,0x17,0xdf,0xfb,0x50,0x00,0x00,0x00,0x00,0x39,0xef,0xd8,0x20,
    0x00,0x00,0x00,0x01,0x6b,0xff,0x20,0x00,0x00,0x00,0x15,0xbf,0xf2,0x00,0x00,0x03,
    0x9e,0xfd,0x82,0x00,0x01,0x7c,0xff,0xb5,0x00,0x00,0x02,0xff,0xe8,0x20,0x00,0x00,
    0x00,0x2b,0x50,0x00,0x00,0x00,0x00,0x00,0x00,0x00,0x00,0x00,0x00,0x00,0x00,0x00,
    0x00,0x00,0x00,0x00,0x00,0x00,0x00,0x00,0x00,0x00,0x00,0x00,0x00,0x00,0x00,0x00,
    0x00,0x00,0x00,0x00,0x00,0x00,0x00,0x00,0x00,0x00,0x00,0x00,0x00,0x00,0x00,0x00,
    0x00,0x00,0x00,0x00,0x00,0x00,0x00,0x00,0x00,0x00,0x00,0x00,0x00,0x00,0x00,0x00,
    0x00,0x00,0x00,0x00,0x00,0x00,0x00,0x00,0x00,0x00,0x00,0x00,0x00,0x00,0x00,0x00,
    0x00,0x00,0x00,0x00,0x00,0x00,0x00,0x00,0x00,0x00,0x00,0x00,0x00,0x17,0xce,0xfc,
    0x60,0x00,0x00,0x09,0xff,0xff,0xff,0x70,0x00,0x00,0x88,0x31,0x29,0xfe,0x00,0x00,
    0x00,0x00,0x00,0x0e,0xf2,0x00,0x00,0x00,0x00,0x00,0xef,0x10,0x00,0x00,0x00,0x00,
    0x8f,0xa0,0x00,0x00,0x00,0x00,0x7f,0xc1,0x00,0x00,0x00,0x00,0x4f,0xd2,0x00,0x00,
    0x00,0x00,0x0d,0xf3,0x00,0x00,0x00,0x00,0x02,0xfc,0x00,0x00,0x00,0x00,0x00,0x3f,
    0xa0,0x00,0x00,0x00,0x00,0x03,0xfa,0x00,0x00,0x00,0x00,0x00,0x00,0x00,0x00,0x00,
    0x00,0x00,0x04,0xfb,0x00,0x00,0x00,0x00,0x00,0x4f,0xb0,0x00,0x00,0x00,0x00,0x00,
    0x00,0x00,0x00,0x00,0x00,0x00,0x00,0x00,0x00,0x00,0x00,0x00,0x00,0x00,0x00,0x00,
    0x00,0x00,0x00,0x00,0x00,0x00,0x00,0x00,0x00,0x00,0x00,0x00,0x00,0x00,0x00,0x00,
    0x00,0x00,0x00,0x00,0x00,0x00,0x00,0x00,0x00,0x00,0x00,0x00,0x00,0x00,0x00,0x00,
    0x00,0x00,0x00,0x00,0x00,0x00,0x00,0x00,0x00,0x00,0x00,0x00,0x00,0x00,0x00,0x00,
    0x00,0x00,0x00,0x00,0x00,0x00,0x00,0x00,0x00,0x00,0x00,0x00,0x00,0x00,0x00,0x00,
    0x00,0x00,0x00,0x01,0x7c,0xee,0xc5,0x00,0x00,0x03,0xeb,0x41,0x27,0xf7,0x00,0x01,
    0xe9,0x00,0x00,0x07,0xf2,0x00,0xad,0x00,0x00,0x00,0x1f,0x60,0x2f,0x60,0x03,0xcf,
    0xd8,0xe7,0x06,0xf1,0x02,0xe9,0x13,0xdf,0x80,0x9d,0x00,0x9e,0x00,0x04,0xf8,0x0a,
    0xc0,0x0d,0xa0,0x00,0x0f,0x80,0xbb,0x00,0xe8,0x00,0x00,0xd8,0x0a,0xc0,0x0d,0xa0,
    0x00,0x0f,0x80,0x8e,0x00,0x9e,0x00,0x04,0xf8,0x05,0xf2,0x02,0xe9,0x13,0xdf,0x80,
    0x1e,0x70,0x03,0xcf,0xd8,0xe8,0x00,0x8e,0x10,0x00,0x00,0x00,0x00,0x00,0xcc,0x10,
    0x00,0x00,0x00,0x00,0x01,0xbd,0x62,0x00,0x00,0x00,0x00,0x00,0x4a,0xdf,0xec,0x10,
    0x00,0x00,0x00,0x00,0x00,0x00,0x00,0x00,0x00,0x00,0x00,0x00,0x00,0x00,0x00,0x00,
    0x00,0x00,0x00,0x00,0x00,0x00,0x00,0x00,0x00,0x00,0x00,0x00,0x00,0x00,0x00,0x00,
    0x00,0x00,0x00,0x00,0x00,0x00,0x00,0x00,0x00,0x00,0x00,0x00,0x00,0x00,0x00,0x00,
    0x00,0x00,0x00,0x00,0x00,0x00,0x00,0x00,0x00,0x00,0x00,0x00,0x00,0x5f,0xf5,0x00,
    0x00,0x00,0x00,0x09,0xff,0xa0,0x00,0x00,0x00,0x00,0xed,0xce,0x00,0x00,0x00,0x00,
    0x3f,0x99,0xf4,0x00,0x00,0x00,0x08,0xf5,0x5f,0x80,0x00,0x00,0x00,0xcf,0x11,0xfd,
    0x00,0x00,0x00,0x2f,0xd0,0x0c,0xf2,0x00,0x00,0x06,0xf9,0x00,0x8f,0x70,0x00,0x00,
    0xbf,0x50,0x04,0xfb,0x00,0x00,0x1e,0xf1,0x00,0x1f,0xf1,0x00,0x05,0xff,0xff,0xff,
    0xff,0x50,0x00,0x9f,0xff,0xff,0xff,0xfa,0x00,0x0d,0xf4,0x00,0x00,0x4f,0xe0,0x03,
    0xfe,0x00,0x00,0x00,0xdf,0x40,0x7f,0x90,0x00,0x00,0x08,0xf8,0x00,0x00,0x00,0x00,
    0x00,0x00,0x00,0x00,0x00,0x00,0x00,0x00,0x00,0x00,0x00,0x00,0x00,0x00,0x00,0x00,
    0x00,0x00,0x00,0x00,0x00,0x00,0x00,0x00,0x00,0x00,0x00,0x00,0x00,0x00,0x00,0x00,
    0x00,0x00,0x00,0x00,0x00,0x00,0x00,0x00,0x00,0x00,0x00,0x00,0x00,0x00,0x00,0x00,
    0x00,0x00,0x00,0x00,0x00,0x00,0x00,0x00,0x00,0x00,0x00,0x00,0x00,0x00,0x00,0x00,
    0x00,0x00,0x00,0x00,0x00,0x00,0x00,0x00,0x00,0x00,0x00,0x6f,0xff,0xff,0xd8,0x10,
    0x00,0x06,0xff,0xff,0xff,0xfc,0x00,0x00,0x6f,0x90,0x01,0x4d,0xf6,0x00,0x06,0xf9,
    0x00,0x00,0x7f,0x80,0x00,0x6f,0x90,0x00,0x07,0xf8,0x00,0x06,0xf9,0x00,0x14,0xef,
    0x30,0x00,0x6f,0xff,0xff,0xfc,0x50,0x00,0x06,0xff,0xff,0xff,0xd6,0x00,0x00,0x6f,
    0x90,0x01,0x4c,0xf6,0x00,0x06,0xf9,0x00,0x00,0x2f,0xd0,0x00,0x6f,0x90,0x00,0x00,
    0xef,0x10,0x06,0xf9,0x00,0x00,0x1f,0xf1,0x00,0x6f,0x90,0x01,0x3b,0xfc,0x00,0x06,
    0xff,0xff,0xff,0xff,0x40,0x00,0x6f,0xff,0xff,0xd9,0x30,0x00,0x00,0x00,0x00,0x00,
    0x00,0x00,0x00,0x00,0x00,0x00,0x00,0x00,0x00,0x00,0x00,0x00,0x00,0x00,0x00,0x00,
    0x00,0x00,0x00,0x00,0x00,0x00,0x00,0x00,0x00,0x00,0x00,0x00,0x00,0x00,0x00,0x00,
    0x00,0x00,0x00,0x00,0x00,0x00,0x00,0x00,0x00,0x00,0x00,0x00,0x00,0x00,0x00,0x00,
    0x00,0x00,0x00,0x00,0x00,0x00,0x00,0x00,0x00,0x00,0x00,0x00,0x00,0x00,0x00,0x00,
    0x00,0x00,0x00,0x00,0x00,0x00,0x00,0x00,0x00,0x00,0x00,0x00,0x5b,0xee,0xc7,0x10,
    0x00,0x00,0x9f,0xff,0xff,0xf7,0x00,0x00,0x6f,0xe6,0x10,0x28,0x60,0x00,0x0e,0xf5,
    0x00,0x00,0x00,0x00,0x04,0xfd,0x00,0x00,0x00,0x00,0x00,0x7f,0x90,0x00,0x00,0x00,
    0x00,0x09,0xf7,0x00,0x00,0x00,0x00,0x00,0x9f,0x60,0x00,0x00,0x00,0x00,0x09,0xf7,
    0x00,0x00,0x00,0x00,0x00,0x7f,0x90,0x00,0x00,0x00,0x00,0x04,0xfd,0x00,0x00,0x00,
    0x00,0x00,0x0e,0xf5,0x00,0x00,0x00,0x00,0x00,0x6f,0xe6,0x11,0x38,0x60,0x00,0x00,
    0x9f,0xff,0xff,0xf7,0x00,0x00,0x00,0x5b,0xee,0xc7,0x10,0x00,0x00,0x00,0x00,0x00,
    0x00,0x00,0x00,0x00,0x00,0x00,0x00,0x00,0x00,0x00,0x00,0x00,0x00,0x00,0x00,0x00,
    0x00,0x00,0x00,0x00,0x00,0x00,0x00,0x00,0x00,0x00,0x00,0x00,0x00,0x00,0x00,0x00,
    0x00,0x00,0x00,0x00,0x00,0x00,0x00,0x00,0x00,0x00,0x00,0x00,0x00,0x00,0x00,0x00,
    0x00,0x00,0x00,0x00,0x00,0x00,0x00,0x00,0x00,0x00,0x00,0x00,0x00,0x00,0x00,0x00,
    0x00,0x00,0x00,0x00,0x00,0x00,0x00,0x00,0x00,0x00,0xaf,0xff,0xeb,0x60,0x00,0x00,
    0x0a,0xff,0xff,0xff,0xc1,0x00,0x00,0xaf,0x50,0x26,0xdf,0xa0,0x00,0x0a,0xf5,0x00,
    0x02,0xef,0x20,0x00,0xaf,0x50,0x00,0x0a,0xf7,0x00,0x0a,0xf5,0x00,0x00,0x6f,0xa0,
    0x00,0xaf,0x50,0x00,0x05,0xfb,0x00,0x0a,0xf5,0x00,0x00,0x4f,0xc0,0x00,0xaf,0x50,
    0x00,0x05,0xfb,0x00,0x0a,0xf5,0x00,0x00,0x6f,0xa0,0x00,0xaf,0x50,0x00,0x0a,0xf7,
    0x00,0x0a,0xf5,0x00,0x02,0xef,0x20,0x00,0xaf,0x50,0x26,0xdf,0xa0,0x00,0x0a,0xff,
    0xff,0xff,0xc1,0x00,0x00,0xaf,0xff,0xeb,0x60,0x00,0x00,0x00,0x00,0x00,0x00,0x00,
    0x00,0x00,0x00,0x00,0x00,0x00,0x00,0x00,0x00,0x00,0x00,0x00,0x00,0x00,0x00,0x00,
    0x00,0x00,0x00,0x00,0x00,0x00,0x00,0x00,0x00,0x00,0x00,0x00,0x00,0x00,0x00,0x00,
    0x00,0x00,0x00,0x00,0x00,0x00,0x00,0x00,0x00,0x00,0x00,0x00,0x00,0x00,0x00,0x00,
    0x00,0x00,0x00,0x00,0x00,0x00,0x00,0x00,0x00,0x00,0x00,0x00,0x00,0x00,0x00,0x00,
    0x00,0x00,0x00,0x00,0x00,0x00,0x00,0x00,0x00,0x01,0xff,0xff,0xff,0xff,0x90,0x00,
    0x1f,0xff,0xff,0xff,0xf9,0x00,0x01,0xfd,0x00,0x00,0x00,0x00,0x00,0x1f,0xd0,0x00,
    0x00,0x00,0x00,0x01,0xfd,0x00,0x00,0x00,0x00,0x00,0x1f,0xd0,0x00,0x00,0x00,0x00,
    0x01,0xff,0xff,0xff,0xff,0x40,0x00,0x1f,0xff,0xff,0xff,0xf4,0x00,0x01,0xfd,0x00,
    0x00,0x00,0x00,0x00,0x1f,0xd0,0x00,0x00,0x00,0x00,0x01,0xfd,0x00,0x00,0x00,0x00,
    0x00,0x1f,0xd0,0x00,0x00,0x00,0x00,0x01,0xfd,0x00,0x00,0x00,0x00,0x00,0x1f,0xff,
    0xff,0xff,0xfc,0x00,0x01,0xff,0xff,0xff,0xff,0xc0,0x00,0x00,0x00,0x00,0x00,0x00,
    0x00,0x00,0x00,0x00,0x00,0x00,0x00,0x00,0x00,0x00,0x00,0x00,0x00,0x00,0x00,0x00,
    0x00,0x00,0x00,0x00,0x00,0x00,0x00,0x00,0x00,0x00,0x00,0x00,0x00,0x00,0x00,0x00,
    0x00,0x00,0x00,0x00,0x00,0x00,0x00,0x00,0x00,0x00,0x00,0x00,0x00,0x00,0x00,0x00,
    0x00,0x00,0x00,0x00,0x00,0x00,0x00,0x00,0x00,0x00,0x00,0x00,0x00,0x00,0x00,0x00,
    0x00,0x00,0x00,0x00,0x00,0x00,0x00,0x00,0x00,0x0b,0xff,0xff,0xff,0xfd,0x00,0x00,
    0xbf,0xff,0xff,0xff,0xd0,0x00,0x0b,0xf4,0x00,0x00,0x00,0x00,0x00,0xbf,0x40,0x00,
    0x00,0x00,0x00,0x0b,0xf4,0x00,0x00,0x00,0x00,0x00,0xbf,0x40,0x00,0x00,0x00,0x00,
    0x0b,0xff,0xff,0xff,0xf4,0x00,0x00,0xbf,0xff,0xff,0xff,0x40,0x00,0x0b,0xf4,0x00,
    0x00,0x00,0x00,0x00,0xbf,0x40,0x00,0x00,0x00,0x00,0x0b,0xf4,0x00,0x00,0x00,0x00,
    0x00,0xbf,0x40,0x00,0x00,0x00,0x00,0x0b,0xf4,0x00,0x00,0x00,0x00,0x00,0xbf,0x40,
    0x00,0x00,0x00,0x00,0x0b,0xf4,0x00,0x00,0x00,0x00,0x00,0x00,0x00,0x00,0x00,0x00,
    0x00,0x00,0x00,0x00,0x00,0x00,0x00,0x00,0x00,0x00,0x00,0x00,0x00,0x00,0x00,0x00,
    0x00,0x00,0x00,0x00,0x00,0x00,0x00,0x00,0x00,0x00,0x00,0x00,0x00,0x00,0x00,0x00,
    0x00,0x00,0x00,0x00,0x00,0x00,0x00,0x00,0x00,0x00,0x00,0x00,0x00,0x00,0x00,0x00,
    0x00,0x00,0x00,0x00,0x00,0x00,0x00,0x00,0x00,0x00,0x00,0x00,0x00,0x00,0x00,0x00,
    0x00,0x00,0x00,0x00,0x00,0x00,0x00,0x00,0x00,0x01,0x7c,0xee,0xb5,0x00,0x00,0x02,
    0xdf,0xff,0xff,0xf4,0x00,0x00,0xbf,0xc4,0x11,0x49,0x40,0x00,0x4f,0xe1,0x00,0x00,
    0x00,0x00,0x09,0xf7,0x00,0x00,0x00,0x00,0x00,0xdf,0x40,0x00,0x00,0x00,0x00,0x0e,
    0xf2,0x00,0x00,0x00,0x00,0x00,0xff,0x10,0x03,0xff,0xfc,0x00,0x0e,0xf2,0x00,0x3f,
    0xff,0xc0,0x00,0xdf,0x30,0x00,0x02,0xfc,0x00,0x0a,0xf7,0x00,0x00,0x2f,0xc0,0x00,
    0x5f,0xd1,0x00,0x02,0xfc,0x00,0x00,0xcf,0xc3,0x01,0x6f,0xc0,0x00,0x02,0xdf,0xff,
    0xff,0xf6,0x00,0x00,0x01,0x8d,0xfe,0xb3,0x00,0x00,0x00,0x00,0x00,0x00,0x00,0x00,
    0x00,0x00,0x00,0x00,0x00,0x00,0x00,0x00,0x00,0x00,0x00,0x00,0x00,0x00,0x00,0x00,
    0x00,0x00,0x00,0x00,0x00,0x00,0x00,0x00,0x00,0x00,0x00,0x00,0x00,0x00,0x00,0x00,
    0x00,0x00,0x00,0x00,0x00,0x00,0x00,0x00,0x00,0x00,0x00,0x00,0x00,0x00,0x00,0x00,
    0x00,0x00,0x00,0x00,0x00,0x00,0x00,0x00,0x00,0x00,0x00,0x00,0x00,0x00,0x00,0x00,
    0x00,0x00,0x00,0x00,0x00,0x00,0x00,0x00,0xaf,0x50,0x00,0x04,0xfb,0x00,0x0a,0xf5,
    0x00,0x00,0x4f,0xb0,0x00,0xaf,0x50,0x00,0x04,0xfb,0x00,0x0a,0xf5,0x00,0x00,0x4f,
    0xb0,0x00,0xaf,0x50,0x00,0x04,0xfb,0x00,0x0a,0xf5,0x00,0x00,0x4f,0xb0,0x00,0xaf,
    0xff,0xff,0xff,0xfb,0x00,0x0a,0xff,0xff,0xff,0xff,0xb0,0x00,0xaf,0x50,0x00,0x04,
    0xfb,0x00,0x0a,0xf5,0x00,0x00,0x4f,0xb0,0x00,0xaf,0x50,0x00,0x04,0xfb,0x00,0x0a,
    0xf5,0x00,0x00,0x4f,0xb0,0x00,0xaf,0x50,0x00,0x04,0xfb,0x00,0x0a,0xf5,0x00,0x00,
    0x4f,0xb0,0x00,0xaf,0x50,0x00,0x04,0xfb,0x00,0x00,0x00,0x00,0x00,0x00,0x00,0x00,
    0x00,0x00,0x00,0x00,0x00,0x00,0x00,0x00,0x00,0x00,0x00,0x00,0x00,0x00,0x00,0x00,
    0x00,0x00,0x00,0x00,0x00,0x00,0x00,0x00,0x00,0x00,0x00,0x00,0x00,0x00,0x00,0x00,
    0x00,0x00,0x00,0x00,0x00,0x00,0x00,0x00,0x00,0x00,0x00,0x00,0x00,0x00,0x00,0x00,
    0x00,0x00,0x00,0x00,0x00,0x00,0x00,0x00,0x00,0x00,0x00,0x00,0x00,0x00,0x00,0x00,
    0x00,0x00,0x00,0x00,0x00,0x00,0x00,0x00,0xff,0xff,0xff,0xff,0x10,0x00,0x0f,0xff,
    0xff,0xff,0xf1,0x00,0x00,0x00,0x0f,0xf0,0x00,0x00,0x00,0x00,0x00,0xff,0x00,0x00,
    0x00,0x00,0x00,0x0f,0xf0,0x00,0x00,0x00,0x00,0x00,0xff,0x00,0x00,0x00,0x00,0x00,
    0x0f,0xf0,0x00,0x00,0x00,0x00,0x00,0xff,0x00,0x00,0x00,0x00,0x00,0x0f,0xf0,0x00,
    0x00,0x00,0x00,0x00,0xff,0x00,0x00,0x00,0x00,0x00,0x0f,0xf0,0x00,0x00,0x00,0x00,
    0x00,0xff,0x00,0x00,0x00,0x00,0x00,0x0f,0xf0,0x00,0x00,0x00,0x0f,0xff,0xff,0xff,
    0xf1,0x00,0x00,0xff,0xff,0xff,0xff,0x10,0x00,0x00,0x00,0x00,0x00,0x00,0x00,0x00,
    0x00,0x00,0x00,0x00,0x00,0x00,0x00,0x00,0x00,0x00,0x00,0x00,0x00,0x00,0x00,0x00,
    0x00,0x00,0x00,0x00,0x00,0x00,0x00,0x00,0x00,0x00,0x00,0x00,0x00,0x00,0x00,0x00,
    0x00,0x00,0x00,0x00,0x00,0x00,0x00,0x00,0x00,0x00,0x00,0x00,0x00,0x00,0x00,0x00,
    0x00,0x00,0x00,0x00,0x00,0x00,0x00,0x00,0x00,0x00,0x00,0x00,0x00,0x00,0x00,0x00,
    0x00,0x00,0x00,0x00,0x00,0x00,0x00,0x00,0x5f,0xff,0xff,0x50,0x00,0x00,0x05,0xff,
    0xff,0xf5,0x00,0x00,0x00,0x00,0x00,0xaf,0x50,0x00,0x00,0x00,0x00,0x0a,0xf5,0x00,
    0x00,0x00,0x00,0x00,0xaf,0x50,0x00,0x00,0x00,0x00,0x0a,0xf5,0x00,0x00,0x00,0x00,
    0x00,0xaf,0x50,0x00,0x00,0x00,0x00,0x0a,0xf5,0x00,0x00,0x00,0x00,0x00,0xaf,0x50,
    0x00,0x00,0x00,0x00,0x0a,0xf5,0x00,0x00,0x00,0x00,0x00,0xaf,0x50,0x00,0x00,0x00,
    0x00,0x0c,0xf4,0x00,0x00,0xb6,0x31,0x17,0xff,0x10,0x00,0x0e,0xff,0xff,0xff,0x90,
    0x00,0x00,0x39,0xde,0xec,0x70,0x00,0x00,0x00,0x00,0x00,0x00,0x00,0x00,0x00,0x00,
    0x00,0x00,0x00,0x00,0x00,0x00,0x00,0x00,0x00,0x00,0x00,0x00,0x00,0x00,0x00,0x00,
    0x00,0x00,0x00,0x00,0x00,0x00,0x00,0x00,0x00,0x00,0x00,0x00,0x00,0x00,0x00,0x00,
    0x00,0x00,0x00,0x00,0x00,0x00,0x00,0x00,0x00,0x00,0x00,0x00,0x00,0x00,0x00,0x00,
    0x00,0x00,0x00,0x00,0x00,0x00,0x00,0x00,0x00,0x00,0x00,0x00,0x00,0x00,0x00,0x00,
    0x00,0x00,0x00,0x00,0x00,0x00,0x0a,0xf5,0x00,0x00,0x2d,0xf5,0x00,0xaf,0x50,0x00,
    0x1c,0xf6,0x00,0x0a,0xf5,0x00,0x1c,0xf7,0x00,0x00,0xaf,0x50,0x0b,0xf8,0x00,0x00,
    0x0a,0xf5,0x0a,0xf9,0x00,0x00,0x00,0xaf,0x59,0xfa,0x00,0x00,0x00,0x0a,0xfc,0xff,
    0x60,0x00,0x00,0x00,0xaf,0xfc,0xfe,0x10,0x00,0x00,0x0a,0xfc,0x18,0xfa,0x00,0x00,
    0x00,0xaf,0x50,0x1d,0xf5,0x00,0x00,0x0a,0xf5,0x00,0x4f,0xe1,0x00,0x00,0xaf,0x50,
    0x00,0xaf,0xa0,0x00,0x0a,0xf5,0x00,0x01,0xef,0x50,0x00,0xaf,0x50,0x00,0x06,0xfe,
    0x10,0x0a,0xf5,0x00,0x00,0x0b,0xfa,0x00,0x00,0x00,0x00,0x00,0x00,0x00,0x00,0x00,
    0x00,0x00,0x00,0x00,0x00,0x00,0x00,0x00,0x00,0x00,0x00,0x00,0x00,0x00,0x00,0x00,
    0x00,0x00,0x00,0x00,0x00,0x00,0x00,0x00,0x00,0x00,0x00,0x00,0x00,0x00,0x00,0x00,
    0x00,0x00,0x00,0x00,0x00,0x00,0x00,0x00,0x00,0x00,0x00,0x00,0x00,0x00,0x00,0x00,
    0x00,0x00,0x00,0x00,0x00,0x00,0x00,0x00,0x00,0x00,0x00,0x00,0x00,0x00,0x00,0x00,
    0x00,0x00,0x00,0x00,0x00,0x00,0x0e,0xf1,0x00,0x00,0x00,0x00,0x00,0xef,0x10,0x00,
    0x00,0x00,0x00,0x0e,0xf1,0x00,0x00,0x00,0x00,0x00,0xef,0x10,0x00,0x00,0x00,0x00,
    0x0e,0xf1,0x00,0x00,0x00,0x00,0x00,0xef,0x10,0x00,0x00,0x00,0x00,0x0e,0xf1,0x00,
    0x00,0x00,0x00,0x00,0xef,0x10,0x00,0x00,0x00,0x00,0x0e,0xf1,0x00,0x00,0x00,0x00,
    0x00,0xef,0x10,0x00,0x00,0x00,0x00,0x0e,0xf1,0x00,0x00,0x00,0x00,0x00,0xef,0x10,
    0x00,0x00,0x00,0x00,0x0e,0xf1,0x00,0x00,0x00,0x00,0x00,0xef,0xff,0xff,0xff,0xf2,
    0x00,0x0e,0xff,0xff,0xff,0xff,0x20,0x00,0x00,0x00,0x00,0x00,0x00,0x00,0x00,0x00,
    0x00,0x00,0x00,0x00,0x00,0x00,0x00,0x00,0x00,0x00,0x00,0x00,0x00,0x00,0x00,0x00,
    0x00,0x00,0x00,0x00,0x00,0x00,0x00,0x00,0x00,0x00,0x00,0x00,0x00,0x00,0x00,0x00,
    0x00,0x00,0x00,0x00,0x00,0x00,0x00,0x00,0x00,0x00,0x00,0x00,0x00,0x00,0x00,0x00,
    0x00,0x00,0x00,0x00,0x00,0x00,0x00,0x00,0x00,0x00,0x00,0x00,0x00,0x00,0x00,0x00,
    0x00,0x00,0x00,0x00,0x00,0x2f,0xfa,0x00,0x00,0x9f,0xf3,0x02,0xff,0xe0,0x00,0x0e,
    0xff,0x30,0x2f,0xcf,0x40,0x04,0xfc,0xf3,0x02,0xfa,0xc9,0x00,0x9c,0xaf,0x30,0x2f,
    0xa7,0xe0,0x0e,0x8a,0xf3,0x02,0xfa,0x3f,0x33,0xf3,0xaf,0x30,0x2f,0xa0,0xd8,0x8d,
    0x0a,0xf3,0x02,0xfa,0x08,0xdd,0x80,0xaf,0x30,0x2f,0xa0,0x3f,0xf4,0x0a,0xf3,0x02,
    0xfa,0x00,0xde,0x00,0xaf,0x30,0x2f,0xa0,0x00,0x00,0x0a,0xf3,0x02,0xfa,0x00,0x00,
    0x00,0xaf,0x30,0x2f,0xa0,0x00,0x00,0x0a,0xf3,0x02,0xfa,0x00,0x00,0x00,0xaf,0x30,
    0x2f,0xa0,0x00,0x00,0x0a,0xf3,0x00,0x00,0x00,0x00,0x00,0x00,0x00,0x00,0x00,0x00,
    0x00,0x00,0x00,0x00,0x00,0x00,0x00,0x00,0x00,0x00,0x00,0x00,0x00,0x00,0x00,0x00,
    0x00,0x00,0x00,0x00,0x00,0x00,0x00,0x00,0x00,0x00,0x00,0x00,0x00,0x00,0x00,0x00,
    0x00,0x00,0x00,0x00,0x00,0x00,0x00,0x00,0x00,0x00,0x00,0x00,0x00,0x00,0x00,0x00,
    0x00,0x00,0x00,0x00,0x00,0x00,0x00,0x00,0x00,0x00,0x00,0x00,0x00,0x00,0x00,0x00,
    0x00,0x00,0x00,0x00,0x00,0xaf,0xf1,0x00,0x03,0xfa,0x00,0x0a,0xff,0x70,0x00,0x3f,
    0xa0,0x00,0xaf,0xfd,0x00,0x03,0xfa,0x00,0x0a,0xfa,0xf4,0x00,0x3f,0xa0,0x00,0xaf,
    0x5e,0xa0,0x03,0xfa,0x00,0x0a,0xf4,0x9f,0x10,0x3f,0xa0,0x00,0xaf,0x43,0xf7,0x03,
    0xfa,0x00,0x0a,0xf4,0x0c,0xd0,0x3f,0xa0,0x00,0xaf,0x40,0x6f,0x43,0xfa,0x00,0x0a,
    0xf4,0x01,0xea,0x3f,0xa0,0x00,0xaf,0x40,0x09,0xf4,0xfa,0x00,0x0a,0xf4,0x00,0x3f,
    0xaf,0xa0,0x00,0xaf,0x40,0x00,0xcf,0xfa,0x00,0x0a,0xf4,0x00,0x06,0xff,0xa0,0x00,
    0xaf,0x40,0x00,0x1e,0xfa,0x00,0x00,0x00,0x00,0x00,0x00,0x00,0x00,0x00,0x00,0x00,
    0x00,0x00,0x00,0x00,0x00,0x00,0x00,0x00,0x00,0x00,0x00,0x00,0x00,0x00,0x00,0x00,
    0x00,0x00,0x00,0x00,0x00,0x00,0x00,0x00,0x00,0x00,0x00,0x00,0x00,0x00,0x00,0x00,
    0x00,0x00,0x00,0x00,0x00,0x00,0x00,0x00,0x00,0x00,0x00,0x00,0x00,0x00,0x00,0x00,
    0x00,0x00,0x00,0x00,0x00,0x00,0x00,0x00,0x00,0x00,0x00,0x00,0x00,0x00,0x00,0x00,
    0x00,0x00,0x00,0x00,0x00,0x04,0xbe,0xeb,0x40,0x00,0x00,0x05,0xff,0xff,0xff,0x60,
    0x00,0x01,0xef,0x81,0x18,0xfe,0x10,0x00,0x5f,0xc0,0x00,0x0b,0xf6,0x00,0x09,0xf7,
    0x00,0x00,0x6f,0xa0,0x00,0xbf,0x50,0x00,0x04,0xfc,0x00,0x0c,0xf3,0x00,0x00,0x3f,
    0xd0,0x00,0xdf,0x30,0x00,0x02,0xfd,0x00,0x0c,0xf3,0x00,0x00,0x3f,0xd0,0x00,0xbf,
    0x50,0x00,0x04,0xfc,0x00,0x09,0xf7,0x00,0x00,0x6f,0xa0,0x00,0x5f,0xc0,0x00,0x0b,
    0xf6,0x00,0x01,0xef,0x81,0x17,0xfe,0x10,0x00,0x05,0xff,0xff,0xff,0x60,0x00,0x00,
    0x04,0xbe,0xec,0x50,0x00,0x00,0x00,0x00,0x00,0x00,0x00,0x00,0x00,0x00,0x00,0x00,
    0x00,0x00,0x00,0x00,0x00,0x00,0x00,0x00,0x00,0x00,0x00,0x00,0x00,0x00,0x00,0x00,
    0x00,0x00,0x00,0x00,0x00,0x00,0x00,0x00,0x00,0x00,0x00,0x00,0x00,0x00,0x00,0x00,
    0x00,0x00,0x00,0x00,0x00,0x00,0x00,0x00,0x00,0x00,0x00,0x00,0x00,0x00,0x00,0x00,
    0x00,0x00,0x00,0x00,0x00,0x00,0x00,0x00,0x00,0x00,0x00,0x00,0x00,0x00,0x00,0x00,
    0x00,0x00,0x00,0x00,0x1f,0xff,0xff,0xd9,0x20,0x00,0x01,0xff,0xff,0xff,0xfe,0x30,
    0x00,0x1f,0xd0,0x01,0x4c,0xfc,0x00,0x01,0xfd,0x00,0x00,0x2f,0xf1,0x00,0x1f,0xd0,
    0x00,0x00,0xff,0x20,0x01,0xfd,0x00,0x00,0x2f,0xf1,0x00,0x1f,0xd0,0x01,0x4c,0xfc,
    0x00,0x01,0xff,0xff,0xff,0xfe,0x30,0x00,0x1f,0xff,0xff,0xda,0x20,0x00,0x01,0xfd,
    0x00,0x00,0x00,0x00,0x00,0x1f,0xd0,0x00,0x00,0x00,0x00,0x01,0xfd,0x00,0x00,0x00,
    0x00,0x00,0x1f,0xd0,0x00,0x00,0x00,0x00,0x01,0xfd,0x00,0x00,0x00,0x00,0x00,0x1f,
    0xd0,0x00,0x00,0x00,0x00,0x00,0x00,0x00,0x00,0x00,0x00,0x00,0x00,0x00,0x00,0x00,
    0x00,0x00,0x00,0x00,0x00,0x00,0x00,0x00,0x00,0x00,0x00,0x00,0x00,0x00,0x00,0x00,
    0x00,0x00,0x00,0x00,0x00,0x00,0x00,0x00,0x00,0x00,0x00,0x00,0x00,0x00,0x00,0x00,
    0x00,0x00,0x00,0x00,0x00,0x00,0x00,0x00,0x00,0x00,0x00,0x00,0x00,0x00,0x00,0x00,
    0x00,0x00,0x00,0x00,0x00,0x00,0x00,0x00,0x00,0x00,0x00,0x00,0x00,0x00,0x00,0x00,
    0x00,0x00,0x00,0x00,0x04,0xbe,0xeb,0x50,0x00,0x00,0x05,0xff,0xff,0xff,0x60,0x00,
    0x01,0xef,0x81,0x18,0xfe,0x10,0x00,0x5f,0xc0,0x00,0x0b,0xf6,0x00,0x09,0xf7,0x00,
    0x00,0x6f,0xa0,0x00,0xbf,0x50,0x00,0x04,0xfc,0x00,0x0c,0xf3,0x00,0x00,0x3f,0xd0,
    0x00,0xdf,0x30,0x00,0x02,0xfd,0x00,0x0c,0xf3,0x00,0x00,0x3f,0xd0,0x00,0xbf,0x50,
    0x00,0x04,0xfc,0x00,0x09,0xf7,0x00,0x00,0x6f,0xa0,0x00,0x5f,0xc0,0x00,0x0b,0xf6,
    0x00,0x01,0xef,0x81,0x17,0xfe,0x10,0x00,0x05,0xff,0xff,0xff,0x50,0x00,0x00,0x04,
    0xbe,0xff,0x70,0x00,0x00,0x00,0x00,0x04,0xfe,0x20,0x00,0x00,0x00,0x00,0x07,0xfd,
    0x00,0x00,0x00,0x00,0x00,0x0a,0x50,0x00,0x00,0x00,0x00,0x00,0x00,0x00,0x00,0x00,
    0x00,0x00,0x00,0x00,0x00,0x00,0x00,0x00,0x00,0x00,0x00,0x00,0x00,0x00,0x00,0x00,
    0x00,0x00,0x00,0x00,0x00,0x00,0x00,0x00,0x00,0x00,0x00,0x00,0x00,0x00,0x00,0x00,
    0x00,0x00,0x00,0x00,0x00,0x00,0x00,0x00,0x00,0x00,0x00,0x00,0x00,0x00,0x00,0x00,
    0x00,0x00,0x00,0x9f,0xff,0xfe,0xb6,0x00,0x00,0x09,0xff,0xff,0xff,0xf9,0x00,0x00,
    0x9f,0x60,0x02,0x8f,0xf3,0x00,0x09,0xf6,0x00,0x00,0xcf,0x60,0x00,0x9f,0x60,0x00,
    0x0b,0xf5,0x00,0x09,0xf6,0x00,0x27,0xfe,0x10,0x00,0x9f,0xff,0xff,0xfc,0x30,0x00,
    0x09,0xff,0xff,0xfd,0x40,0x00,0x00,0x9f,0x60,0x15,0xee,0x20,0x00,0x09,0xf6,0x00,
    0x07,0xf9,0x00,0x00,0x9f,0x60,0x00,0x1e,0xf1,0x00,0x09,0xf6,0x00,0x00,0x8f,0x80,
    0x00,0x9f,0x60,0x00,0x02,0xfe,0x00,0x09,0xf6,0x00,0x00,0x0b,0xf6,0x00,0x9f,0x60,
    0x00,0x00,0x4f,0xc0,0x00,0x00,0x00,0x00,0x00,0x00,0x00,0x00,0x00,0x00,0x00,0x00,
    0x00,0x00,0x00,0x00,0x00,0x00,0x00,0x00,0x00,0x00,0x00,0x00,0x00,0x00,0x00,0x00,
    0x00,0x00,0x00,0x00,0x00,0x00,0x00,0x00,0x00,0x00,0x00,0x00,0x00,0x00,0x00,0x00,
    0x00,0x00,0x00,0x00,0x00,0x00,0x00,0x00,0x00,0x00,0x00,0x00,0x00,0x00,0x00,0x00,
    0x00,0x00,0x00,0x00,0x00,0x00,0x00,0x00,0x00,0x00,0x00,0x00,0x00,0x00,0x00,0x00,
    0x00,0x00,0x00,0x05,0xce,0xec,0x82,0x00,0x00,0x09,0xff,0xff,0xff,0xd0,0x00,0x04,
    0xfe,0x61,0x13,0x6b,0x00,0x00,0x8f,0x70,0x00,0x00,0x00,0x00,0x09,0xf5,0x00,0x00,
    0x00,0x00,0x00,0x7f,0xb1,0x00,0x00,0x00,0x00,0x01,0xdf,0xea,0x62,0x00,0x00,0x00,
    0x02,0x9f,0xff,0xfb,0x30,0x00,0x00,0x00,0x14,0x8c,0xfe,0x10,0x00,0x00,0x00,0x00,
    0x09,0xf7,0x00,0x00,0x00,0x00,0x00,0x3f,0xa0,0x00,0x00,0x00,0x00,0x05,0xfa,0x00,
    0x06,0x94,0x20,0x15,0xef,0x60,0x00,0x7f,0xff,0xff,0xff,0xc0,0x00,0x01,0x5a,0xdf,
    0xec,0x70,0x00,0x00,0x00,0x00,0x00,0x00,0x00,0x00,0x00,0x00,0x00,0x00,0x00,0x00,
    0x00,0x00,0x00,0x00,0x00,0x00,0x00,0x00,0x00,0x00,0x00,0x00,0x00,0x00,0x00,0x00,
    0x00,0x00,0x00,0x00,0x00,0x00,0x00,0x00,0x00,0x00,0x00,0x00,0x00,0x00,0x00,0x00,
    0x00,0x00,0x00,0x00,0x00,0x00,0x00,0x00,0x00,0x00,0x00,0x00,0x00,0x00,0x00,0x00,
    0x00,0x00,0x00,0x00,0x00,0x00,0x00,0x00,0x00,0x00,0x00,0x00,0x00,0x00,0x00,0x00,
    0x00,0x08,0xff,0xff,0xff,0xff,0xff,0x90,0x8f,0xff,0xff,0xff,0xff,0xf9,0x00,0x00,
    0x00,0xef,0x00,0x00,0x00,0x00,0x00,0x0e,0xf0,0x00,0x00,0x00,0x00,0x00,0xef,0x00,
    0x00,0x00,0x00,0x00,0x0e,0xf0,0x00,0x00,0x00,0x00,0x00,0xef,0x00,0x00,0x00,0x00,
    0x00,0x0e,0xf0,0x00,0x00,0x00,0x00,0x00,0xef,0x00,0x00,0x00,0x00,0x00,0x0e,0xf0,
    0x00,0x00,0x00,0x00,0x00,0xef,0x00,0x00,0x00,0x00,0x00,0x0e,0xf0,0x00,0x00,0x00,
    0x00,0x00,0xef,0x00,0x00,0x00,0x00,0x00,0x0e,0xf0,0x00,0x00,0x00,0x00,0x00,0xef,
    0x00,0x00,0x00,0x00,0x00,0x00,0x00,0x00,0x00,0x00,0x00,0x00,0x00,0x00,0x00,0x00,
    0x00,0x00,0x00,0x00,0x00,0x00,0x00,0x00,0x00,0x00,0x00,0x00,0x00,0x00,0x00,0x00,
    0x00,0x00,0x00,0x00,0x00,0x00,0x00,0x00,0x00,0x00,0x00,0x00,0x00,0x00,0x00,0x00,
    0x00,0x00,0x00,0x00,0x00,0x00,0x00,0x00,0x00,0x00,0x00,0x00,0x00,0x00,0x00,0x00,
    0x00,0x00,0x00,0x00,0x00,0x00,0x00,0x00,0x00,0x00,0x00,0x00,0x00,0x00,0x00,0x00,
    0x00,0x08,0xf6,0x00,0x00,0x6f,0x90,0x00,0x8f,0x60,0x00,0x06,0xf9,0x00,0x08,0xf6,
    0x00,0x00,0x6f,0x90,0x00,0x8f,0x60,0x00,0x06,0xf9,0x00,0x08,0xf6,0x00,0x00,0x6f,
    0x90,0x00,0x8f,0x60,0x00,0x06,0xf9,0x00,0x08,0xf6,0x00,0x00,0x6f,0x90,0x00,0x8f,
    0x60,0x00,0x06,0xf9,0x00,0x08,0xf6,0x00,0x00,0x6f,0x90,0x00,0x8f,0x60,0x00,0x06,
    0xf9,0x00,0x08,0xf7,0x00,0x00,0x6f,0x80,0x00,0x6f,0x90,0x00,0x08,0xf7,0x00,0x02,
    0xff,0x61,0x15,0xef,0x30,0x00,0x08,0xff,0xff,0xff,0x90,0x00,0x00,0x06,0xce,0xec,
    0x60,0x00,0x00,0x00,0x00,0x00,0x00,0x00,0x00,0x00,0x00,0x00,0x00,0x00,0x00,0x00,
    0x00,0x00,0x00,0x00,0x00,0x00,0x00,0x00,0x00,0x00,0x00,0x00,0x00,0x00,0x00,0x00,
    0x00,0x00,0x00,0x00,0x00,0x00,0x00,0x00,0x00,0x00,0x00,0x00,0x00,0x00,0x00,0x00,
    0x00,0x00,0x00,0x00,0x00,0x00,0x00,0x00,0x00,0x00,0x00,0x00,0x00,0x00,0x00,0x00,
    0x00,0x00,0x00,0x00,0x00,0x00,0x00,0x00,0x00,0x00,0x00,0x00,0x00,0x00,0x00,0x00,
    0x04,0xfb,0x00,0x00,0x00,0xaf,0x50,0x1f,0xe0,0x00,0x00,0x0e,0xf1,0x00,0xbf,0x40,
    0x00,0x03,0xfc,0x00,0x07,0xf7,0x00,0x00,0x7f,0x70,0x00,0x2f,0xb0,0x00,0x0b,0xf3,
    0x00,0x00,0xdf,0x10,0x00,0xee,0x00,0x00,0x09,0xf4,0x00,0x4f,0xa0,0x00,0x00,0x5f,
    0x80,0x07,0xf5,0x00,0x00,0x01,0xfc,0x00,0xbf,0x10,0x00,0x00,0x0b,0xf1,0x1f,0xc0,
    0x00,0x00,0x00,0x7f,0x44,0xf7,0x00,0x00,0x00,0x03,0xf8,0x8f,0x30,0x00,0x00,0x00,
    0x0d,0xcc,0xe0,0x00,0x00,0x00,0x00,0x9f,0xfa,0x00,0x00,0x00,0x00,0x05,0xff,0x50,
    0x00,0x00,0x00,0x00,0x00,0x00,0x00,0x00,0x00,0x00,0x00,0x00,0x00,0x00,0x00,0x00,
    0x00,0x00,0x00,0x00,0x00,0x00,0x00,0x00,0x00,0x00,0x00,0x00,0x00,0x00,0x00,0x00,
    0x00,0x00,0x00,0x00,0x00,0x00,0x00,0x00,0x00,0x00,0x00,0x00,0x00,0x00,0x00,0x00,
    0x00,0x00,0x00,0x00,0x00,0x00,0x00,0x00,0x00,0x00,0x00,0x00,0x00,0x00,0x00,0x00,
    0x00,0x00,0x00,0x00,0x00,0x00,0x00,0x00,0x00,0x00,0x00,0x00,0x00,0x00,0x00,0x00,
    0xef,0x00,0x00,0x00,0x00,0xef,0x0c,0xf1,0x00,0x00,0x00,0x1f,0xc0,0xaf,0x30,0x00,
    0x00,0x02,0xfa,0x07,0xf5,0x00,0x00,0x00,0x4f,0x80,0x5f,0x70,0x2f,0xf2,0x06,0xf6,
    0x03,0xf8,0x05,0xff,0x50,0x8f,0x40,0x1f,0xa0,0x8e,0xd8,0x09,0xf1,0x00,0xec,0x0b,
    0xaa,0xb0,0xbe,0x00,0x0c,0xe0,0xe7,0x7e,0x0d,0xc0,0x00,0x9f,0x2f,0x43,0xf3,0xfa,
    0x00,0x07,0xf7,0xf1,0x0f,0x7f,0x80,0x00,0x5f,0xcc,0x00,0xcc,0xf6,0x00,0x03,0xff,
    0x90,0x08,0xff,0x30,0x00,0x1f,0xf6,0x00,0x5f,0xf1,0x00,0x00,0xef,0x20,0x02,0xfe,
    0x00,0x00,0x00,0x00,0x00,0x00,0x00,0x00,0x00,0x00,0x00,0x00,0x00,0x00,0x00,0x00,
    0x00,0x00,0x00,0x00,0x00,0x00,0x00,0x00,0x00,0x00,0x00,0x00,0x00,0x00,0x00,0x00,
    0x00,0x00,0x00,0x00,0x00,0x00,0x00,0x00,0x00,0x00,0x00,0x00,0x00,0x00,0x00,0x00,
    0x00,0x00,0x00,0x00,0x00,0x00,0x00,0x00,0x00,0x00,0x00,0x00,0x00,0x00,0x00,0x00,
    0x00,0x00,0x00,0x00,0x00,0x00,0x00,0x00,0x00,0x00,0x00,0x00,0x00,0x00,0x00,0x00,
    0xdf,0x40,0x00,0x00,0xdf,0x40,0x04,0xfc,0x00,0x00,0x7f,0x90,0x00,0x0a,0xf5,0x00,
    0x1e,0xe1,0x00,0x00,0x2e,0xd1,0x09,0xf6,0x00,0x00,0x00,0x7f,0x73,0xfb,0x00,0x00,
    0x00,0x00,0xde,0xcf,0x20,0x00,0x00,0x00,0x04,0xff,0x80,0x00,0x00,0x00,0x00,0x3f,
    0xf7,0x00,0x00,0x00,0x00,0x0c,0xfd,0xe1,0x00,0x00,0x00,0x07,0xf9,0x5f,0x90,0x00,
    0x00,0x02,0xee,0x10,0xbf,0x30,0x00,0x00,0xaf,0x60,0x03,0xfc,0x00,0x00,0x4f,0xc0,
    0x00,0x0a,0xf6,0x00,0x1d,0xf3,0x00,0x00,0x2f,0xe1,0x08,0xf9,0x00,0x00,0x00,0x8f,
    0x80,0x00,0x00,0x00,0x00,0x00,0x00,0x00,0x00,0x00,0x00,0x00,0x00,0x00,0x00,0x00,
    0x00,0x00,0x00,0x00,0x00,0x00,0x00,0x00,0x00,0x00,0x00,0x00,0x00,0x00,0x00,0x00,
    0x00,0x00,0x00,0x00,0x00,0x00,0x00,0x00,0x00,0x00,0x00,0x00,0x00,0x00,0x00,0x00,
    0x00,0x00,0x00,0x00,0x00,0x00,0x00,0x00,0x00,0x00,0x00,0x00,0x00,0x00,0x00,0x00,
    0x00,0x00,0x00,0x00,0x00,0x00,0x00,0x00,0x00,0x00,0x00,0x00,0x00,0x00,0x00,0x5f,
    0xb0,0x00,0x00,0x0b,0xf6,0x00,0xcf,0x40,0x00,0x04,0xfc,0x00,0x04,0xfc,0x00,0x00,
    0xcf,0x40,0x00,0x0a,0xf5,0x00,0x5f,0xb0,0x00,0x00,0x2f,0xd0,0x0d,0xf2,0x00,0x00,
    0x00,0x8f,0x66,0xf9,0x00,0x00,0x00,0x01,0xee,0xde,0x10,0x00,0x00,0x00,0x06,0xff,
    0x60,0x00,0x00,0x00,0x00,0x0f,0xf0,0x00,0x00,0x00,0x00,0x00,0xff,0x00,0x00,0x00,
    0x00,0x00,0x0f,0xf0,0x00,0x00,0x00,0x00,0x00,0xff,0x00,0x00,0x00,0x00,0x00,0x0f,
    0xf0,0x00,0x00,0x00,0x00,0x00,0xff,0x00,0x00,0x00,0x00,0x00,0x0f,0xf0,0x00,0x00,
    0x00,0x00,0x00,0x00,0x00,0x00,0x00,0x00,0x00,0x00,0x00,0x00,0x00,0x00,0x00,0x00,
    0x00,0x00,0x00,0x00,0x00,0x00,0x00,0x00,0x00,0x00,0x00,0x00,0x00,0x00,0x00,0x00,
    0x00,0x00,0x00,0x00,0x00,0x00,0x00,0x00,0x00,0x00,0x00,0x00,0x00,0x00,0x00,0x00,
    0x00,0x00,0x00,0x00,0x00,0x00,0x00,0x00,0x00,0x00,0x00,0x00,0x00,0x00,0x00,0x00,
    0x00,0x00,0x00,0x00,0x00,0x00,0x00,0x00,0x00,0x00,0x00,0x00,0x00,0x00,0x00,0x4f,
    0xff,0xff,0xff,0xff,0x30,0x04,0xff,0xff,0xff,0xff,0xf2,0x00,0x00,0x00,0x00,0x06,
    0xf8,0x00,0x00,0x00,0x00,0x01,0xed,0x10,0x00,0x00,0x00,0x00,0xaf,0x30,0x00,0x00,
    0x00,0x00,0x5f,0x80,0x00,0x00,0x00,0x00,0x1e,0xd1,0x00,0x00,0x00,0x00,0x09,0xf4,
    0x00,0x00,0x00,0x00,0x04,0xf8,0x00,0x00,0x00,0x00,0x01,0xdd,0x10,0x00,0x00,0x00,
    0x00,0x8f,0x40,0x00,0x00,0x00,0x00,0x3f,0x90,0x00,0x00,0x00,0x00,0x0c,0xd1,0x00,
    0x00,0x00,0x00,0x06,0xff,0xff,0xff,0xff,0xf6,0x00,0x7f,0xff,0xff,0xff,0xff,0x60,
    0x00,0x00,0x00,0x00,0x00,0x00,0x00,0x00,0x00,0x00,0x00,0x00,0x00,0x00,0x00,0x00,
    0x00,0x00,0x00,0x00,0x00,0x00,0x00,0x00,0x00,0x00,0x00,0x00,0x00,0x00,0x00,0x00,
    0x00,0x00,0x00,0x00,0x00,0x00,0x00,0x00,0x00,0x00,0x00,0x00,0x00,0x00,0x00,0x00,
    0x00,0x00,0x00,0x00,0x00,0x00,0x00,0x00,0x00,0x00,0x00,0x00,0x00,0x00,0x00,0x00,
    0x00,0x00,0x00,0x00,0x00,0x00,0x00,0x00,0x00,0x00,0x00,0x00,0x00,0x00,0x00,0x00,
    0x7f,0xff,0xa0,0x00,0x00,0x00,0x07,0xff,0xfa,0x00,0x00,0x00,0x00,0x7f,0x50,0x00,
    0x00,0x00,0x00,0x07,0xf5,0x00,0x00,0x00,0x00,0x00,0x7f,0x50,0x00,0x00,0x00,0x00,
    0x07,0xf5,0x00,0x00,0x00,0x00,0x00,0x7f,0x50,0x00,0x00,0x00,0x00,0x07,0xf5,0x00,
    0x00,0x00,0x00,0x00,0x7f,0x50,0x00,0x00,0x00,0x00,0x07,0xf5,0x00,0x00,0x00,0x00,
    0x00,0x7f,0x50,0x00,0x00,0x00,0x00,0x07,0xf5,0x00,0x00,0x00,0x00,0x00,0x7f,0x50,
    0x00,0x00,0x00,0x00,0x07,0xf5,0x00,0x00,0x00,0x00,0x00,0x7f,0x50,0x00,0x00,0x00,
    0x00,0x07,0xf5,0x00,0x00,0x00,0x00,0x00,0x7f,0xff,0xa0,0x00,0x00,0x00,0x07,0xff,
    0xfa,0x00,0x00,0x00,0x00,0x00,0x00,0x00,0x00,0x00,0x00,0x00,0x00,0x00,0x00,0x00,
    0x00,0x00,0x00,0x00,0x00,0x00,0x00,0x00,0x00,0x00,0x00,0x00,0x00,0x00,0x00,0x00,
    0x00,0x00,0x00,0x00,0x00,0x00,0x00,0x00,0x00,0x00,0x00,0x00,0x00,0x00,0x00,0x00,
    0x00,0x00,0x00,0x00,0x00,0x00,0x00,0x00,0x00,0x00,0x00,0x00,0x00,0x00,0xbf,0x20,
    0x00,0x00,0x00,0x00,0x04,0xf9,0x00,0x00,0x00,0x00,0x00,0x0c,0xf1,0x00,0x00,0x00,
    0x00,0x00,0x5f,0x80,0x00,0x00,0x00,0x00,0x00,0xde,0x10,0x00,0x00,0x00,0x00,0x05,
    0xf7,0x00,0x00,0x00,0x00,0x00,0x0d,0xe1,0x00,0x00,0x00,0x00,0x00,0x6f,0x70,0x00,
    0x00,0x00,0x00,0x00,0xde,0x00,0x00,0x00,0x00,0x00,0x07,0xf6,0x00,0x00,0x00,0x00,
    0x00,0x1e,0xd0,0x00,0x00,0x00,0x00,0x00,0x7f,0x60,0x00,0x00,0x00,0x00,0x01,0xed,
    0x00,0x00,0x00,0x00,0x00,0x08,0xf5,0x00,0x00,0x00,0x00,0x00,0x1e,0xc0,0x00,0x00,
    0x00,0x00,0x00,0x8f,0x40,0x00,0x00,0x00,0x00,0x00,0x00,0x00,0x00,0x00,0x00,0x00,
    0x00,0x00,0x00,0x00,0x00,0x00,0x00,0x00,0x00,0x00,0x00,0x00,0x00,0x00,0x00,0x00,
    0x00,0x00,0x00,0x00,0x00,0x00,0x00,0x00,0x00,0x00,0x00,0x00,0x00,0x00,0x00,0x00,
    0x00,0x00,0x00,0x00,0x00,0x00,0x00,0x00,0x00,0x00,0x00,0x00,0x00,0x00,0x00,0x00,
    0x00,0x00,0x00,0x00,0x00,0x00,0x00,0x00,0x00,0x00,0x00,0x00,0x00,0x00,0x09,0xff,
    0xf8,0x00,0x00,0x00,0x00,0x9f,0xff,0x80,0x00,0x00,0x00,0x00,0x04,0xf8,0x00,0x00,
    0x00,0x00,0x00,0x4f,0x80,0x00,0x00,0x00,0x00,0x04,0xf8,0x00,0x00,0x00,0x00,0x00,
    0x4f,0x80,0x00,0x00,0x00,0x00,0x04,0xf8,0x00,0x00,0x00,0x00,0x00,0x4f,0x80,0x00,
    0x00,0x00,0x00,0x04,0xf8,0x00,0x00,0x00,0x00,0x00,0x4f,0x80,0x00,0x00,0x00,0x00,
    0x04,0xf8,0x00,0x00,0x00,0x00,0x00,0x4f,0x80,0x00,0x00,0x00,0x00,0x04,0xf8,0x00,
    0x00,0x00,0x00,0x00,0x4f,0x80,0x00,0x00,0x00,0x00,0x04,0xf8,0x00,0x00,0x00,0x00,
    0x00,0x4f,0x80,0x00,0x00,0x00,0x09,0xff,0xf8,0x00,0x00,0x00,0x00,0x9f,0xff,0x80,
    0x00,0x00,0x00,0x00,0x00,0x00,0x00,0x00,0x00,0x00,0x00,0x00,0x00,0x00,0x00,0x00,
    0x00,0x00,0x00,0x00,0x00,0x00,0x00,0x00,0x00,0x00,0x00,0x00,0x00,0x00,0x00,0x00,
    0x00,0x00,0x00,0x00,0x00,0x00,0x00,0x00,0x00,0x00,0x00,0x00,0x00,0x00,0x00,0x00,
    0x00,0x00,0x00,0x00,0x00,0x00,0x00,0x00,0x00,0x00,0x00,0x00,0x00,0x00,0x05,0xff,
    0x50,0x00,0x00,0x00,0x03,0xed,0xdf,0x40,0x00,0x00,0x02,0xed,0x21,0xde,0x30,0x00,
    0x01,0xdd,0x20,0x01,0xcd,0x20,0x01,0xcd,0x10,0x00,0x01,0xcc,0x10,0x00,0x00,0x00,
    0x00,0x00,0x00,0x00,0x00,0x00,0x00,0x00,0x00,0x00,0x00,0x00,0x00,0x00,0x00,0x00,
    0x00,0x00,0x00,0x00,0x00,0x00,0x00,0x00,0x00,0x00,0x00,0x00,0x00,0x00,0x00,0x00,
    0x00,0x00,0x00,0x00,0x00,0x00,0x00,0x00,0x00,0x00,0x00,0x00,0x00,0x00,0x00,0x00,
    0x00,0x00,0x00,0x00,0x00,0x00,0x00,0x00,0x00,0x00,0x00,0x00,0x00,0x00,0x00,0x00,
    0x00,0x00,0x00,0x00,0x00,0x00,0x00,0x00,0x00,0x00,0x00,0x00,0x00,0x00,0x00,0x00,
    0x00,0x00,0x00,0x00,0x00,0x00,0x00,0x00,0x00,0x00,0x00,0x00,0x00,0x00,0x00,0x00,
    0x00,0x00,0x00,0x00,0x00,0x00,0x00,0x00,0x00,0x00,0x00,0x00,0x00,0x00,0x00,0x00,
    0x00,0x00,0x00,0x00,0x00,0x00,0x00,0x00,0x00,0x00,0x00,0x00,0x00,0x00,0x00,0x00,
    0x00,0x00,0x00,0x00,0x00,0x00,0x00,0x00,0x00,0x00,0x00,0x00,0x00,0x00,0x00,0x00,
    0x00,0x00,0x00,0x00,0x00,0x00,0x00,0x00,0x00,0x00,0x00,0x00,0x00,0x00,0x00,0x00,
    0x00,0x00,0x00,0x00,0x00,0x00,0x00,0x00,0x00,0x00,0x00,0x00,0x00,0x00,0x00,0x00,
    0x00,0x00,0x00,0x00,0x00,0x00,0x00,0x00,0x00,0x00,0x00,0x00,0x00,0x00,0x00,0x00,
    0x00,0x00,0x00,0x00,0x00,0x00,0x00,0x00,0x00,0x00,0x00,0x00,0x00,0x00,0x00,0x00,
    0x00,0x00,0x00,0x00,0x00,0x00,0x00,0x00,0x00,0x00,0x00,0x00,0x00,0x00,0x00,0x00,
    0x00,0x00,0x00,0x00,0x00,0x00,0x00,0x00,0x00,0x00,0x00,0x00,0x00,0x00,0x00,0x00,
    0x00,0x00,0x00,0x00,0x00,0x00,0x00,0x00,0x00,0x00,0x00,0x00,0x00,0x00,0x00,0x00,
    0x00,0xff,0xff,0xff,0xff,0xff,0xff,0x1f,0xff,0xff,0xff,0xff,0xff,0xf1,0x00,0x00,
    0x00,0x00,0x00,0x00,0x00,0x00,0x00,0x00,0x00,0x00,0x00,0x00,0x00,0x00,0x00,0x00,
    0x00,0x00,0x00,0x00,0x00,0x00,0x00,0x00,0x00,0x00,0x00,0x00,0x00,0x00,0x00,0x00,
    0x00,0x00,0x00,0x00,0x00,0x00,0x1d,0xe1,0x00,0x00,0x00,0x00,0x00,0x2e,0xa0,0x00,
    0x00,0x00,0x00,0x00,0x4f,0x60,0x00,0x00,0x00,0x00,0x00,0x7e,0x20,0x00,0x00,0x00,
    0x00,0x00,0x00,0x00,0x00,0x00,0x00,0x00,0x00,0x00,0x00,0x00,0x00,0x00,0x00,0x00,
    0x00,0x00,0x00,0x00,0x00,0x00,0x00,0x00,0x00,0x00,0x00,0x00,0x00,0x00,0x00,0x00,
    0x00,0x00,0x00,0x00,0x00,0x00,0x00,0x00,0x00,0x00,0x00,0x00,0x00,0x00,0x00,0x00,
    0x00,0x00,0x00,0x00,0x00,0x00,0x00,0x00,0x00,0x00,0x00,0x00,0x00,0x00,0x00,0x00,
    0x00,0x00,0x00,0x00,0x00,0x00,0x00,0x00,0x00,0x00,0x00,0x00,0x00,0x00,0x00,0x00,
    0x00,0x00,0x00,0x00,0x00,0x00,0x00,0x00,0x00,0x00,0x00,0x00,0x00,0x00,0x00,0x00,
    0x00,0x00,0x00,0x00,0x00,0x00,0x00,0x00,0x00,0x00,0x00,0x00,0x00,0x00,0x00,0x00,
    0x00,0x00,0x00,0x00,0x00,0x00,0x00,0x00,0x00,0x00,0x00,0x00,0x00,0x00,0x00,0x00,
    0x00,0x00,0x00,0x00,0x00,0x00,0x00,0x00,0x00,0x00,0x00,0x00,0x00,0x00,0x00,0x00,
    0x00,0x00,0x00,0x00,0x00,0x00,0x00,0x00,0x00,0x00,0x00,0x00,0x00,0x00,0x00,0x00,
    0x00,0x00,0x00,0x00,0x00,0x00,0x00,0x00,0x00,0x00,0x00,0x00,0x00,0x00,0x00,0x00,
    0x00,0x00,0x00,0x00,0x00,0x00,0x28,0xce,0xeb,0x50,0x00,0x00,0x0e,0xff,0xff,0xff,
    0x80,0x00,0x00,0xb7,0x20,0x14,0xef,0x10,0x00,0x00,0x00,0x00,0x08,0xf4,0x00,0x00,
    0x29,0xdf,0xff,0xff,0x50,0x00,0x2e,0xff,0xff,0xff,0xf5,0x00,0x08,0xfb,0x31,0x00,
    0x8f,0x50,0x00,0xaf,0x20,0x00,0x0c,0xf5,0x00,0x08,0xf9,0x20,0x3a,0xff,0x50,0x00,
    0x2f,0xff,0xff,0xe8,0xf5,0x00,0x00,0x3b,0xee,0xa2,0x7f,0x50,0x00,0x00,0x00,0x00,
    0x00,0x00,0x00,0x00,0x00,0x00,0x00,0x00,0x00,0x00,0x00,0x00,0x00,0x00,0x00,0x00,
    0x00,0x00,0x00,0x00,0x00,0x00,0x00,0x00,0x00,0x00,0x00,0x00,0x00,0x00,0x00,0x00,
    0x00,0x00,0x00,0x00,0x00,0x00,0x00,0x00,0x00,0x00,0x00,0x00,0x00,0x00,0x00,0x00,
    0x00,0x00,0x00,0x00,0x00,0x00,0x00,0x00,0x00,0x00,0x00,0x00,0x00,0x00,0x00,0x00,
    0x00,0x00,0x00,0x00,0x00,0x00,0x00,0x00,0x00,0x00,0x00,0x2f,0xa0,0x00,0x00,0x00,
    0x00,0x02,0xfa,0x00,0x00,0x00,0x00,0x00,0x2f,0xa0,0x00,0x00,0x00,0x00,0x02,0xfa,
    0x00,0x00,0x00,0x00,0x00,0x2f,0xa3,0xbe,0xd8,0x10,0x00,0x02,0xfb,0xef,0xff,0xfb,
    0x00,0x00,0x2f,0xfb,0x31,0x5e,0xf5,0x00,0x02,0xff,0x20,0x00,0x6f,0x90,0x00,0x2f,
    0xc0,0x00,0x02,0xfc,0x00,0x02,0xfb,0x00,0x00,0x1f,0xd0,0x00,0x2f,0xc0,0x00,0x02,
    0xfc,0x00,0x02,0xff,0x20,0x00,0x6f,0x90,0x00,0x2f,0xfb,0x31,0x5e,0xf4,0x00,0x02,
    0xfb,0xef,0xff,0xfa,0x00,0x00,0x2f,0xa3,0xbf,0xd8,0x00,0x00,0x00,0x00,0x00,0x00,
    0x00,0x00,0x00,0x00,0x00,0x00,0x00,0x00,0x00,0x00,0x00,0x00,0x00,0x00,0x00,0x00,
    0x00,0x00,0x00,0x00,0x00,0x00,0x00,0x00,0x00,0x00,0x00,0x00,0x00,0x00,0x00,0x00,
    0x00,0x00,0x00,0x00,0x00,0x00,0x00,0x00,0x00,0x00,0x00,0x00,0x00,0x00,0x00,0x00,
    0x00,0x00,0x00,0x00,0x00,0x00,0x00,0x00,0x00,0x00,0x00,0x00,0x00,0x00,0x00,0x00,
    0x00,0x00,0x00,0x00,0x00,0x00,0x00,0x00,0x00,0x00,0x00,0x00,0x00,0x00,0x00,0x00,
    0x00,0x00,0x00,0x00,0x00,0x00,0x00,0x00,0x00,0x00,0x00,0x00,0x00,0x00,0x00,0x00,
    0x00,0x00,0x00,0x00,0x00,0x00,0x5b,0xee,0xc7,0x10,0x00,0x00,0xaf,0xff,0xff,0xf5,
    0x00,0x00,0x6f,0xe6,0x21,0x37,0x50,0x00,0x0c,0xf5,0x00,0x00,0x00,0x00,0x00,0xfe,
    0x00,0x00,0x00,0x00,0x00,0x1f,0xd0,0x00,0x00,0x00,0x00,0x00,0xfe,0x00,0x00,0x00,
    0x00,0x00,0x0c,0xf5,0x00,0x00,0x00,0x00,0x00,0x6f,0xe6,0x21,0x37,0x50,0x00,0x00,
    0xaf,0xff,0xff,0xf5,0x00,0x00,0x00,0x6b,0xee,0xc7,0x00,0x00,0x00,0x00,0x00,0x00,
    0x00,0x00,0x00,0x00,0x00,0x00,0x00,0x00,0x00,0x00,0x00,0x00,0x00,0x00,0x00,0x00,
    0x00,0x00,0x00,0x00,0x00,0x00,0x00,0x00,0x00,0x00,0x00,0x00,0x00,0x00,0x00,0x00,
    0x00,0x00,0x00,0x00,0x00,0x00,0x00,0x00,0x00,0x00,0x00,0x00,0x00,0x00,0x00,0x00,
    0x00,0x00,0x00,0x00,0x00,0x00,0x00,0x00,0x00,0x00,0x00,0x00,0x00,0x00,0x00,0x00,
    0x00,0x00,0x00,0x00,0x00,0x00,0x00,0x00,0x00,0x00,0x00,0x00,0x00,0x09,0xf3,0x00,
    0x00,0x00,0x00,0x00,0x9f,0x30,0x00,0x00,0x00,0x00,0x09,0xf3,0x00,0x00,0x00,0x00,
    0x00,0x9f,0x30,0x00,0x00,0x8d,0xfc,0x39,0xf3,0x00,0x00,0xaf,0xff,0xfe,0xbf,0x30,
    0x00,0x4f,0xe5,0x12,0xbf,0xf3,0x00,0x09,0xf7,0x00,0x01,0xef,0x30,0x00,0xbf,0x30,
    0x00,0x0b,0xf3,0x00,0x0c,0xf2,0x00,0x00,0xaf,0x30,0x00,0xbf,0x30,0x00,0x0b,0xf3,
    0x00,0x08,0xf7,0x00,0x01,0xef,0x30,0x00,0x3f,0xe5,0x12,0xbf,0xf3,0x00,0x00,0xaf,
    0xff,0xfe,0xbf,0x30,0x00,0x00,0x7d,0xfc,0x39,0xf3,0x00,0x00,0x00,0x00,0x00,0x00,
    0x00,0x00,0x00,0x00,0x00,0x00,0x00,0x00,0x00,0x00,0x00,0x00,0x00,0x00,0x00,0x00,
    0x00,0x00,0x00,0x00,0x00,0x00,0x00,0x00,0x00,0x00,0x00,0x00,0x00,0x00,0x00,0x00,
    0x00,0x00,0x00,0x00,0x00,0x00,0x00,0x00,0x00,0x00,0x00,0x00,0x00,0x00,0x00,0x00,
    0x00,0x00,0x00,0x00,0x00,0x00,0x00,0x00,0x00,0x00,0x00,0x00,0x00,0x00,0x00,0x00,
    0x00,0x00,0x00,0x00,0x00,0x00,0x00,0x00,0x00,0x00,0x00,0x00,0x00,0x00,0x00,0x00,
    0x00,0x00,0x00,0x00,0x00,0x00,0x00,0x00,0x00,0x00,0x00,0x00,0x00,0x00,0x00,0x00,
    0x00,0x00,0x00,0x00,0x03,0xae,0xfd,0x81,0x00,0x00,0x05,0xff,0xff,0xff,0xc0,0x00,
    0x02,0xfe,0x61,0x03,0xbf,0x60,0x00,0x8f,0x50,0x00,0x01,0xfb,0x00,0x0b,0xff,0xff,
    0xff,0xff,0xd0,0x00,0xcf,0xff,0xff,0xff,0xfd,0x00,0x0b,0xf2,0x00,0x00,0x00,0x00,
    0x00,0x8f,0x70,0x00,0x00,0x00,0x00,0x02,0xff,0x82,0x02,0x4a,0x60,0x00,0x05,0xff,
    0xff,0xff,0xf7,0x00,0x00,0x03,0xae,0xfd,0xb5,0x10,0x00,0x00,0x00,0x00,0x00,0x00,
    0x00,0x00,0x00,0x00,0x00,0x00,0x00,0x00,0x00,0x00,0x00,0x00,0x00,0x00,0x00,0x00,
    0x00,0x00,0x00,0x00,0x00,0x00,0x00,0x00,0x00,0x00,0x00,0x00,0x00,0x00,0x00,0x00,
    0x00,0x00,0x00,0x00,0x00,0x00,0x00,0x00,0x00,0x00,0x00,0x00,0x00,0x00,0x00,0x00,
    0x00,0x00,0x00,0x00,0x00,0x00,0x00,0x00,0x00,0x00,0x00,0x00,0x00,0x00,0x00,0x00,
    0x00,0x00,0x00,0x00,0x00,0x00,0x00,0x00,0x00,0x00,0x00,0x1a,0xef,0xf6,0x00,0x00,
    0x00,0x0b,0xff,0xff,0x60,0x00,0x00,0x01,0xfd,0x20,0x00,0x00,0x00,0x00,0x2f,0x90,
    0x00,0x00,0x00,0x1f,0xff,0xff,0xff,0xf6,0x00,0x01,0xff,0xff,0xff,0xff,0x60,0x00,
    0x00,0x03,0xf9,0x00,0x00,0x00,0x00,0x00,0x3f,0x90,0x00,0x00,0x00,0x00,0x03,0xf9,
    0x00,0x00,0x00,0x00,0x00,0x3f,0x90,0x00,0x00,0x00,0x00,0x03,0xf9,0x00,0x00,0x00,
    0x00,0x00,0x3f,0x90,0x00,0x00,0x00,0x00,0x03,0xf9,0x00,0x00,0x00,0x00,0x00,0x3f,
    0x90,0x00,0x00,0x00,0x00,0x03,0xf9,0x00,0x00,0x00,0x00,0x00,0x00,0x00,0x00,0x00,
    0x00,0x00,0x00,0x00,0x00,0x00,0x00,0x00,0x00,0x00,0x00,0x00,0x00,0x00,0x00,0x00,
    0x00,0x00,0x00,0x00,0x00,0x00,0x00,0x00,0x00,0x00,0x00,0x00,0x00,0x00,0x00,0x00,
    0x00,0x00,0x00,0x00,0x00,0x00,0x00,0x00,0x00,0x00,0x00,0x00,0x00,0x00,0x00,0x00,
    0x00,0x00,0x00,0x00,0x00,0x00,0x00,0x00,0x00,0x00,0x00,0x00,0x00,0x00,0x00,0x00,
    0x00,0x00,0x00,0x00,0x00,0x00,0x00,0x00,0x00,0x00,0x00,0x00,0x00,0x00,0x00,0x00,
    0x00,0x00,0x00,0x00,0x00,0x00,0x00,0x00,0x00,0x00,0x00,0x00,0x00,0x00,0x00,0x00,
    0x00,0x00,0x00,0x07,0xdf,0xc3,0x9f,0x30,0x00,0x09,0xff,0xff,0xea,0xf3,0x00,0x03,
    0xfe,0x61,0x2b,0xff,0x30,0x00,0x8f,0x70,0x00,0x1e,0xf3,0x00,0x0b,0xf3,0x00,0x00,
    0xbf,0x30,0x00,0xcf,0x20,0x00,0x0a,0xf3,0x00,0x0b,0xf3,0x00,0x00,0xbf,0x30,0x00,
    0x8f,0x70,0x00,0x1e,0xf3,0x00,0x03,0xfe,0x61,0x2b,0xff,0x30,0x00,0x09,0xff,0xff,
    0xea,0xf3,0x00,0x00,0x07,0xdf,0xc3,0xaf,0x20,0x00,0x00,0x00,0x00,0x0d,0xf0,0x00,
    0x00,0x77,0x31,0x29,0xfb,0x00,0x00,0x09,0xff,0xff,0xfe,0x30,0x00,0x00,0x18,0xcf,
    0xea,0x30,0x00,0x00,0x00,0x00,0x00,0x00,0x00,0x00,0x00,0x00,0x00,0x00,0x00,0x00,
    0x00,0x00,0x00,0x00,0x00,0x00,0x00,0x00,0x00,0x00,0x00,0x00,0x00,0x00,0x00,0x00,
    0x00,0x00,0x00,0x00,0x00,0x00,0x00,0x00,0x00,0x00,0x00,0x00,0x00,0x00,0x00,0x00,
    0x00,0x00,0x00,0x00,0x00,0x00,0x00,0x00,0x1f,0xb0,0x00,0x00,0x00,0x00,0x01,0xfb,
    0x00,0x00,0x00,0x00,0x00,0x1f,0xb0,0x00,0x00,0x00,0x00,0x01,0xfb,0x00,0x00,0x00,
    0x00,0x00,0x1f,0xb1,0xae,0xe9,0x10,0x00,0x01,0xfb,0xcf,0xff,0xf9,0x00,0x00,0x1f,
    0xfb,0x21,0x5f,0xf1,0x00,0x01,0xfe,0x10,0x00,0xbf,0x30,0x00,0x1f,0xc0,0x00,0x09,
    0xf4,0x00,0x01,0xfb,0x00,0x00,0x8f,0x40,0x00,0x1f,0xb0,0x00,0x08,0xf4,0x00,0x01,
    0xfb,0x00,0x00,0x8f,0x40,0x00,0x1f,0xb0,0x00,0x08,0xf4,0x00,0x01,0xfb,0x00,0x00,
    0x8f,0x40,0x00,0x1f,0xb0,0x00,0x08,0xf4,0x00,0x00,0x00,0x00,0x00,0x00,0x00,0x00,
    0x00,0x00,0x00,0x00,0x00,0x00,0x00,0x00,0x00,0x00,0x00,0x00,0x00,0x00,0x00,0x00,
    0x00,0x00,0x00,0x00,0x00,0x00,0x00,0x00,0x00,0x00,0x00,0x00,0x00,0x00,0x00,0x00,
    0x00,0x00,0x00,0x00,0x00,0x00,0x00,0x00,0x00,0x00,0x00,0x00,0x00,0x00,0x00,0x00,
    0x00,0x00,0x00,0x00,0x00,0x00,0x00,0x00,0x00,0x00,0x00,0x00,0x00,0x00,0x00,0x00,
    0x00,0x00,0x00,0x00,0x00,0x00,0x00,0x00,0x00,0x0b,0xf1,0x00,0x00,0x00,0x00,0x00,
    0xbf,0x10,0x00,0x00,0x00,0x00,0x00,0x00,0x00,0x00,0x00,0x00,0x00,0x00,0x00,0x00,
    0x00,0x00,0x8f,0xff,0xf1,0x00,0x00,0x00,0x08,0xff,0xff,0x10,0x00,0x00,0x00,0x00,
    0x0b,0xf1,0x00,0x00,0x00,0x00,0x00,0xbf,0x10,0x00,0x00,0x00,0x00,0x0b,0xf1,0x00,
    0x00,0x00,0x00,0x00,0xbf,0x10,0x00,0x00,0x00,0x00,0x0b,0xf1,0x00,0x00,0x00,0x00,
    0x00,0xbf,0x10,0x00,0x00,0x00,0x00,0x0b,0xf1,0x00,0x00,0x00,0x4f,0xff,0xff,0xff,
    0xfa,0x00,0x04,0xff,0xff,0xff,0xff,0xa0,0x00,0x00,0x00,0x00,0x00,0x00,0x00,0x00,
    0x00,0x00,0x00,0x00,0x00,0x00,0x00,0x00,0x00,0x00,0x00,0x00,0x00,0x00,0x00,0x00,
    0x00,0x00,0x00,0x00,0x00,0x00,0x00,0x00,0x00,0x00,0x00,0x00,0x00,0x00,0x00,0x00,
    0x00,0x00,0x00,0x00,0x00,0x00,0x00,0x00,0x00,0x00,0x00,0x00,0x00,0x00,0x00,0x00,
    0x00,0x00,0x00,0x00,0x00,0x00,0x00,0x00,0x00,0x00,0x00,0x00,0x00,0x00,0x00,0x00,
    0x00,0x00,0x00,0x00,0x00,0x00,0x00,0x00,0x00,0x2f,0xa0,0x00,0x00,0x00,0x00,0x02,
    0xfa,0x00,0x00,0x00,0x00,0x00,0x00,0x00,0x00,0x00,0x00,0x00,0x00,0x00,0x00,0x00,
    0x00,0x04,0xff,0xff,0xa0,0x00,0x00,0x00,0x4f,0xff,0xfa,0x00,0x00,0x00,0x00,0x00,
    0x2f,0xa0,0x00,0x00,0x00,0x00,0x02,0xfa,0x00,0x00,0x00,0x00,0x00,0x2f,0xa0,0x00,
    0x00,0x00,0x00,0x02,0xfa,0x00,0x00,0x00,0x00,0x00,0x2f,0xa0,0x00,0x00,0x00,0x00,
    0x02,0xfa,0x00,0x00,0x00,0x00,0x00,0x2f,0xa0,0x00,0x00,0x00,0x00,0x02,0xfa,0x00,
    0x00,0x00,0x00,0x00,0x2f,0xa0,0x00,0x00,0x00,0x00,0x03,0xf9,0x00,0x00,0x00,0x00,
    0x01,0xaf,0x60,0x00,0x00,0x03,0xff,0xff,0xe1,0x00,0x00,0x00,0x3f,0xff,0xc3,0x00,
    0x00,0x00,0x00,0x00,0x00,0x00,0x00,0x00,0x00,0x00,0x00,0x00,0x00,0x00,0x00,0x00,
    0x00,0x00,0x00,0x00,0x00,0x00,0x00,0x00,0x00,0x00,0x00,0x00,0x00,0x00,0x00,0x00,
    0x00,0x00,0x00,0x00,0x00,0x00,0x00,0x00,0x00,0x00,0x00,0x00,0x00,0x00,0x00,0x00,
    0x00,0x00,0x00,0x00,0x00,0x00,0x00,0xaf,0x20,0x00,0x00,0x00,0x00,0x0a,0xf2,0x00,
    0x00,0x00,0x00,0x00,0xaf,0x20,0x00,0x00,0x00,0x00,0x0a,0xf2,0x00,0x00,0x00,0x00,
    0x00,0xaf,0x20,0x00,0x9f,0x80,0x00,0x0a,0xf2,0x00,0xaf,0x80,0x00,0x00,0xaf,0x20,
    0xaf,0x70,0x00,0x00,0x0a,0xf3,0xbf,0x70,0x00,0x00,0x00,0xaf,0xdf,0xe2,0x00,0x00,
    0x00,0x0a,0xff,0x9f,0xb0,0x00,0x00,0x00,0xaf,0x50,0xaf,0x70,0x00,0x00,0x0a,0xf2,
    0x01,0xdf,0x30,0x00,0x00,0xaf,0x20,0x04,0xfd,0x10,0x00,0x0a,0xf2,0x00,0x08,0xfa,
    0x00,0x00,0xaf,0x20,0x00,0x0c,0xf6,0x00,0x00,0x00,0x00,0x00,0x00,0x00,0x00,0x00,
    0x00,0x00,0x00,0x00,0x00,0x00,0x00,0x00,0x00,0x00,0x00,0x00,0x00,0x00,0x00,0x00,
    0x00,0x00,0x00,0x00,0x00,0x00,0x00,0x00,0x00,0x00,0x00,0x00,0x00,0x00,0x00,0x00,
    0x00,0x00,0x00,0x00,0x00,0x00,0x00,0x00,0x00,0x00,0x00,0x00,0x00,0x00,0x00,0x00,
    0x00,0x00,0x00,0x00,0x00,0x00,0x00,0x00,0x00,0x00,0x00,0x00,0x00,0x00,0x00,0x00,
    0x00,0x00,0x00,0x00,0x00,0x00,0x7f,0xff,0xf4,0x00,0x00,0x00,0x07,0xff,0xff,0x40,
    0x00,0x00,0x00,0x00,0x08,0xf4,0x00,0x00,0x00,0x00,0x00,0x8f,0x40,0x00,0x00,0x00,
    0x00,0x08,0xf4,0x00,0x00,0x00,0x00,0x00,0x8f,0x40,0x00,0x00,0x00,0x00,0x08,0xf4,
    0x00,0x00,0x00,0x00,0x00,0x8f,0x40,0x00,0x00,0x00,0x00,0x08,0xf4,0x00,0x00,0x00,
    0x00,0x00,0x8f,0x40,0x00,0x00,0x00,0x00,0x08,0xf4,0x00,0x00,0x00,0x00,0x00,0x7f,
    0x50,0x00,0x00,0x00,0x00,0x05,0xfb,0x20,0x00,0x00,0x00,0x00,0x0d,0xff,0xff,0x10,
    0x00,0x00,0x00,0x2b,0xff,0xf1,0x00,0x00,0x00,0x00,0x00,0x00,0x00,0x00,0x00,0x00,
    0x00,0x00,0x00,0x00,0x00,0x00,0x00,0x00,0x00,0x00,0x00,0x00,0x00,0x00,0x00,0x00,
    0x00,0x00,0x00,0x00,0x00,0x00,0x00,0x00,0x00,0x00,0x00,0x00,0x00,0x00,0x00,0x00,
    0x00,0x00,0x00,0x00,0x00,0x00,0x00,0x00,0x00,0x00,0x00,0x00,0x00,0x00,0x00,0x00,
    0x00,0x00,0x00,0x00,0x00,0x00,0x00,0x00,0x00,0x00,0x00,0x00,0x00,0x00,0x00,0x00,
    0x00,0x00,0x00,0x00,0x00,0x00,0x00,0x00,0x00,0x00,0x00,0x00,0x00,0x00,0x00,0x00,
    0x00,0x00,0x00,0x00,0x00,0x00,0x00,0x00,0x00,0x00,0x00,0x00,0x00,0x00,0x00,0x0e,
    0xb8,0xeb,0x18,0xec,0x20,0x00,0xee,0xff,0xfb,0xff,0xfa,0x00,0x0e,0xe3,0x3f,0xf5,
    0x1d,0xe0,0x00,0xec,0x00,0xcf,0x00,0xaf,0x00,0x0e,0xb0,0x0b,0xe0,0x09,0xf1,0x00,
    0xeb,0x00,0xbd,0x00,0x8f,0x10,0x0e,0xb0,0x0b,0xd0,0x08,0xf1,0x00,0xeb,0x00,0xbd,
    0x00,0x8f,0x10,0x0e,0xb0,0x0b,0xd0,0x08,0xf1,0x00,0xeb,0x00,0xbd,0x00,0x8f,0x10,
    0x0e,0xb0,0x0b,0xd0,0x08,0xf1,0x00,0x00,0x00,0x00,0x00,0x00,0x00,0x00,0x00,0x00,
    0x00,0x00,0x00,0x00,0x00,0x00,0x00,0x00,0x00,0x00,0x00,0x00,0x00,0x00,0x00,0x00,
    0x00,0x00,0x00,0x00,0x00,0x00,0x00,0x00,0x00,0x00,0x00,0x00,0x00,0x00,0x00,0x00,
    0x00,0x00,0x00,0x00,0x00,0x00,0x00,0x00,0x00,0x00,0x00,0x00,0x00,0x00,0x00,0x00,
    0x00,0x00,0x00,0x00,0x00,0x00,0x00,0x00,0x00,0x00,0x00,0x00,0x00,0x00,0x00,0x00,
    0x00,0x00,0x00,0x00,0x00,0x00,0x00,0x00,0x00,0x00,0x00,0x00,0x00,0x00,0x00,0x00,
    0x00,0x00,0x00,0x00,0x00,0x00,0x00,0x00,0x00,0x00,0x00,0x00,0x00,0x00,0x00,0x1f,
    0xb1,0xae,0xe9,0x10,0x00,0x01,0xfb,0xcf,0xff,0xf9,0x00,0x00,0x1f,0xfb,0x21,0x5f,
    0xf1,0x00,0x01,0xfe,0x10,0x00,0xbf,0x30,0x00,0x1f,0xc0,0x00,0x09,0xf4,0x00,0x01,
    0xfb,0x00,0x00,0x8f,0x40,0x00,0x1f,0xb0,0x00,0x08,0xf4,0x00,0x01,0xfb,0x00,0x00,
    0x8f,0x40,0x00,0x1f,0xb0,0x00,0x08,0xf4,0x00,0x01,0xfb,0x00,0x00,0x8f,0x40,0x00,
    0x1f,0xb0,0x00,0x08,0xf4,0x00,0x00,0x00,0x00,0x00,0x00,0x00,0x00,0x00,0x00,0x00,
    0x00,0x00,0x00,0x00,0x00,0x00,0x00,0x00,0x00,0x00,0x00,0x00,0x00,0x00,0x00,0x00,
    0x00,0x00,0x00,0x00,0x00,0x00,0x00,0x00,0x00,0x00,0x00,0x00,0x00,0x00,0x00,0x00,
    0x00,0x00,0x00,0x00,0x00,0x00,0x00,0x00,0x00,0x00,0x00,0x00,0x00,0x00,0x00,0x00,
    0x00,0x00,0x00,0x00,0x00,0x00,0x00,0x00,0x00,0x00,0x00,0x00,0x00,0x00,0x00,0x00,
    0x00,0x00,0x00,0x00,0x00,0x00,0x00,0x00,0x00,0x00,0x00,0x00,0x00,0x00,0x00,0x00,
    0x00,0x00,0x00,0x00,0x00,0x00,0x00,0x00,0x00,0x00,0x00,0x00,0x00,0x00,0x00,0x05,
    0xce,0xec,0x60,0x00,0x00,0x07,0xff,0xff,0xff,0x80,0x00,0x02,0xff,0x71,0x17,0xff,
    0x20,0x00,0x6f,0xa0,0x00,0x09,0xf7,0x00,0x09,0xf5,0x00,0x00,0x5f,0xa0,0x00,0xaf,
    0x40,0x00,0x03,0xfa,0x00,0x09,0xf5,0x00,0x00,0x5f,0xa0,0x00,0x6f,0xa0,0x00,0x09,
    0xf7,0x00,0x02,0xff,0x71,0x17,0xff,0x20,0x00,0x07,0xff,0xff,0xff,0x80,0x00,0x00,
    0x05,0xce,0xec,0x60,0x00,0x00,0x00,0x00,0x00,0x00,0x00,0x00,0x00,0x00,0x00,0x00,
    0x00,0x00,0x00,0x00,0x00,0x00,0x00,0x00,0x00,0x00,0x00,0x00,0x00,0x00,0x00,0x00,
    0x00,0x00,0x00,0x00,0x00,0x00,0x00,0x00,0x00,0x00,0x00,0x00,0x00,0x00,0x00,0x00,
    0x00,0x00,0x00,0x00,0x00,0x00,0x00,0x00,0x00,0x00,0x00,0x00,0x00,0x00,0x00,0x00,
    0x00,0x00,0x00,0x00,0x00,0x00,0x00,0x00,0x00,0x00,0x00,0x00,0x00,0x00,0x00,0x00,
    0x00,0x00,0x00,0x00,0x00,0x00,0x00,0x00,0x00,0x00,0x00,0x00,0x00,0x00,0x00,0x00,
    0x00,0x00,0x00,0x00,0x00,0x00,0x00,0x00,0x00,0x00,0x00,0x00,0x00,0x00,0x2f,0xa3,
    0xbf,0xd8,0x00,0x00,0x02,0xfb,0xef,0xff,0xfa,0x00,0x00,0x2f,0xfb,0x21,0x5e,0xf4,
    0x00,0x02,0xfe,0x10,0x00,0x7f,0x90,0x00,0x2f,0xc0,0x00,0x03,0xfb,0x00,0x02,0xfa,
    0x00,0x00,0x1f,0xc0,0x00,0x2f,0xc0,0x00,0x03,0xfb,0x00,0x02,0xfe,0x10,0x00,0x7f,
    0x90,0x00,0x2f,0xfb,0x21,0x5e,0xf4,0x00,0x02,0xfb,0xef,0xff,0xfa,0x00,0x00,0x2f,
    0xa3,0xcf,0xd8,0x00,0x00,0x02,0xfa,0x00,0x00,0x00,0x00,0x00,0x2f,0xa0,0x00,0x00,
    0x00,0x00,0x02,0xfa,0x00,0x00,0x00,0x00,0x00,0x2f,0xa0,0x00,0x00,0x00,0x00,0x00,
    0x00,0x00,0x00,0x00,0x00,0x00,0x00,0x00,0x00,0x00,0x00,0x00,0x00,0x00,0x00,0x00,
    0x00,0x00,0x00,0x00,0x00,0x00,0x00,0x00,0x00,0x00,0x00,0x00,0x00,0x00,0x00,0x00,
    0x00,0x00,0x00,0x00,0x00,0x00,0x00,0x00,0x00,0x00,0x00,0x00,0x00,0x00,0x00,0x00,
    0x00,0x00,0x00,0x00,0x00,0x00,0x00,0x00,0x00,0x00,0x00,0x00,0x00,0x00,0x00,0x00,
    0x00,0x00,0x00,0x00,0x00,0x00,0x00,0x00,0x00,0x00,0x00,0x00,0x00,0x00,0x06,0xdf,
    0xc4,0x8f,0x40,0x00,0x08,0xff,0xff,0xfa,0xf4,0x00,0x02,0xff,0x61,0x29,0xff,0x40,
    0x00,0x6f,0x90,0x00,0x0d,0xf4,0x00,0x09,0xf5,0x00,0x00,0x9f,0x40,0x00,0xaf,0x40,
    0x00,0x08,0xf4,0x00,0x09,0xf5,0x00,0x00,0x9f,0x40,0x00,0x6f,0x90,0x00,0x0d,0xf4,
    0x00,0x02,0xff,0x61,0x29,0xff,0x40,0x00,0x08,0xff,0xff,0xfa,0xf4,0x00,0x00,0x06,
    0xdf,0xc4,0x8f,0x40,0x00,0x00,0x00,0x00,0x08,0xf4,0x00,0x00,0x00,0x00,0x00,0x8f,
    0x40,0x00,0x00,0x00,0x00,0x08,0xf4,0x00,0x00,0x00,0x00,0x00,0x8f,0x40,0x00,0x00,
    0x00,0x00,0x00,0x00,0x00,0x00,0x00,0x00,0x00,0x00,0x00,0x00,0x00,0x00,0x00,0x00,
    0x00,0x00,0x00,0x00,0x00,0x00,0x00,0x00,0x00,0x00,0x00,0x00,0x00,0x00,0x00,0x00,
    0x00,0x00,0x00,0x00,0x00,0x00,0x00,0x00,0x00,0x00,0x00,0x00,0x00,0x00,0x00,0x00,
    0x00,0x00,0x00,0x00,0x00,0x00,0x00,0x00,0x00,0x00,0x00,0x00,0x00,0x00,0x00,0x00,
    0x00,0x00,0x00,0x00,0x00,0x00,0x00,0x00,0x00,0x00,0x00,0x00,0x00,0x00,0x7f,0x52,
    0xae,0xd8,0x00,0x00,0x07,0xf6,0xdf,0xff,0xf4,0x00,0x00,0x7f,0xcc,0x30,0x27,0x40,
    0x00,0x07,0xfe,0x10,0x00,0x00,0x00,0x00,0x7f,0x80,0x00,0x00,0x00,0x00,0x07,0xf6,
    0x00,0x00,0x00,0x00,0x00,0x7f,0x50,0x00,0x00,0x00,0x00,0x07,0xf5,0x00,0x00,0x00,
    0x00,0x00,0x7f,0x50,0x00,0x00,0x00,0x00,0x07,0xf5,0x00,0x00,0x00,0x00,0x00,0x7f,
    0x50,0x00,0x00,0x00,0x00,0x00,0x00,0x00,0x00,0x00,0x00,0x00,0x00,0x00,0x00,0x00,
    0x00,0x00,0x00,0x00,0x00,0x00,0x00,0x00,0x00,0x00,0x00,0x00,0x00,0x00,0x00,0x00,
    0x00,0x00,0x00,0x00,0x00,0x00,0x00,0x00,0x00,0x00,0x00,0x00,0x00,0x00,0x00,0x00,
    0x00,0x00,0x00,0x00,0x00,0x00,0x00,0x00,0x00,0x00,0x00,0x00,0x00,0x00,0x00,0x00,
    0x00,0x00,0x00,0x00,0x00,0x00,0x00,0x00,0x00,0x00,0x00,0x00,0x00,0x00,0x00,0x00,
    0x00,0x00,0x00,0x00,0x00,0x00,0x00,0x00,0x00,0x00,0x00,0x00,0x00,0x00,0x00,0x00,
    0x00,0x00,0x00,0x00,0x00,0x00,0x00,0x00,0x00,0x00,0x00,0x00,0x00,0x05,0xbe,0xec,
    0x71,0x00,0x00,0x06,0xff,0xff,0xff,0x80,0x00,0x00,0xcf,0x71,0x13,0x87,0x00,0x00,
    0x0c,0xf0,0x00,0x00,0x00,0x00,0x00,0x7f,0xa5,0x20,0x00,0x00,0x00,0x00,0x6c,0xff,
    0xe9,0x10,0x00,0x00,0x00,0x00,0x39,0xfb,0x00,0x00,0x00,0x00,0x00,0x0c,0xf0,0x00,
    0x00,0xb7,0x31,0x16,0xfe,0x00,0x00,0x0e,0xff,0xff,0xff,0x80,0x00,0x00,0x38,0xce,
    0xeb,0x50,0x00,0x00,0x00,0x00,0x00,0x00,0x00,0x00,0x00,0x00,0x00,0x00,0x00,0x00,
    0x00,0x00,0x00,0x00,0x00,0x00,0x00,0x00,0x00,0x00,0x00,0x00,0x00,0x00,0x00,0x00,
    0x00,0x00,0x00,0x00,0x00,0x00,0x00,0x00,0x00,0x00,0x00,0x00,0x00,0x00,0x00,0x00,
    0x00,0x00,0x00,0x00,0x00,0x00,0x00,0x00,0x00,0x00,0x00,0x00,0x00,0x00,0x00,0x00,
    0x00,0x00,0x00,0x00,0x00,0x00,0x00,0x00,0x00,0x00,0x00,0x00,0x00,0x00,0x00,0x00,
    0x00,0x00,0x00,0x00,0x00,0x00,0x00,0x00,0x00,0x00,0xcf,0x00,0x00,0x00,0x00,0x00,
    0x0c,0xf0,0x00,0x00,0x00,0x00,0x00,0xcf,0x00,0x00,0x00,0x00,0xbf,0xff,0xff,0xff,
    0xf1,0x00,0x0b,0xff,0xff,0xff,0xff,0x10,0x00,0x00,0x0c,0xf0,0x00,0x00,0x00,0x00,
    0x00,0xcf,0x00,0x00,0x00,0x00,0x00,0x0c,0xf0,0x00,0x00,0x00,0x00,0x00,0xcf,0x00,
    0x00,0x00,0x00,0x00,0x0c,0xf0,0x00,0x00,0x00,0x00,0x00,0xcf,0x10,0x00,0x00,0x00,
    0x00,0x0a,0xf8,0x10,0x00,0x00,0x00,0x00,0x5f,0xff,0xff,0x10,0x00,0x00,0x00,0x7d,
    0xff,0xf1,0x00,0x00,0x00,0x00,0x00,0x00,0x00,0x00,0x00,0x00,0x00,0x00,0x00,0x00,
    0x00,0x00,0x00,0x00,0x00,0x00,0x00,0x00,0x00,0x00,0x00,0x00,0x00,0x00,0x00,0x00,
    0x00,0x00,0x00,0x00,0x00,0x00,0x00,0x00,0x00,0x00,0x00,0x00,0x00,0x00,0x00,0x00,
    0x00,0x00,0x00,0x00,0x00,0x00,0x00,0x00,0x00,0x00,0x00,0x00,0x00,0x00,0x00,0x00,
    0x00,0x00,0x00,0x00,0x00,0x00,0x00,0x00,0x00,0x00,0x00,0x00,0x00,0x00,0x00,0x00,
    0x00,0x00,0x00,0x00,0x00,0x00,0x00,0x00,0x00,0x00,0x00,0x00,0x00,0x00,0x00,0x00,
    0x00,0x00,0x00,0x00,0x00,0x00,0x00,0x00,0x00,0x00,0x00,0x01,0xfb,0x00,0x00,0x8f,
    0x40,0x00,0x1f,0xb0,0x00,0x08,0xf4,0x00,0x01,0xfb,0x00,0x00,0x8f,0x40,0x00,0x1f,
    0xb0,0x00,0x08,0xf4,0x00,0x01,0xfb,0x00,0x00,0x8f,0x40,0x00,0x1f,0xb0,0x00,0x08,
    0xf4,0x00,0x01,0xfb,0x00,0x00,0xaf,0x40,0x00,0x0f,0xd0,0x00,0x0d,0xf4,0x00,0x00,
    0xdf,0x71,0x29,0xff,0x40,0x00,0x07,0xff,0xff,0xd9,0xf4,0x00,0x00,0x08,0xee,0xb2,
    0x8f,0x40,0x00,0x00,0x00,0x00,0x00,0x00,0x00,0x00,0x00,0x00,0x00,0x00,0x00,0x00,
    0x00,0x00,0x00,0x00,0x00,0x00,0x00,0x00,0x00,0x00,0x00,0x00,0x00,0x00,0x00,0x00,
    0x00,0x00,0x00,0x00,0x00,0x00,0x00,0x00,0x00,0x00,0x00,0x00,0x00,0x00,0x00,0x00,
    0x00,0x00,0x00,0x00,0x00,0x00,0x00,0x00,0x00,0x00,0x00,0x00,0x00,0x00,0x00,0x00,
    0x00,0x00,0x00,0x00,0x00,0x00,0x00,0x00,0x00,0x00,0x00,0x00,0x00,0x00,0x00,0x00,
    0x00,0x00,0x00,0x00,0x00,0x00,0x00,0x00,0x00,0x00,0x00,0x00,0x00,0x00,0x00,0x00,
    0x00,0x00,0x00,0x00,0x00,0x00,0x00,0x00,0x00,0x00,0x00,0xde,0x10,0x00,0x00,0xed,
    0x00,0x07,0xf5,0x00,0x00,0x5f,0x80,0x00,0x2f,0xb0,0x00,0x0a,0xf3,0x00,0x00,0xcf,
    0x10,0x01,0xec,0x00,0x00,0x07,0xf6,0x00,0x5f,0x70,0x00,0x00,0x1f,0xb0,0x0a,0xf2,
    0x00,0x00,0x00,0xbf,0x11,0xfb,0x00,0x00,0x00,0x06,0xf6,0x6f,0x60,0x00,0x00,0x00,
    0x1f,0xbb,0xf1,0x00,0x00,0x00,0x00,0xaf,0xfb,0x00,0x00,0x00,0x00,0x05,0xff,0x50,
    0x00,0x00,0x00,0x00,0x00,0x00,0x00,0x00,0x00,0x00,0x00,0x00,0x00,0x00,0x00,0x00,
    0x00,0x00,0x00,0x00,0x00,0x00,0x00,0x00,0x00,0x00,0x00,0x00,0x00,0x00,0x00,0x00,
    0x00,0x00,0x00,0x00,0x00,0x00,0x00,0x00,0x00,0x00,0x00,0x00,0x00,0x00,0x00,0x00,
    0x00,0x00,0x00,0x00,0x00,0x00,0x00,0x00,0x00,0x00,0x00,0x00,0x00,0x00,0x00,0x00,
    0x00,0x00,0x00,0x00,0x00,0x00,0x00,0x00,0x00,0x00,0x00,0x00,0x00,0x00,0x00,0x00,
    0x00,0x00,0x00,0x00,0x00,0x00,0x00,0x00,0x00,0x00,0x00,0x00,0x00,0x00,0x00,0x00,
    0x00,0x00,0x00,0x00,0x00,0x00,0x00,0x00,0x00,0x00,0xdd,0x00,0x00,0x00,0x00,0xde,
    0x0a,0xf2,0x00,0x00,0x00,0x1f,0xa0,0x6f,0x50,0x00,0x00,0x04,0xf7,0x03,0xf8,0x00,
    0xde,0x00,0x7f,0x30,0x0e,0xb0,0x2f,0xf3,0x0b,0xf0,0x00,0xbe,0x06,0xcc,0x70,0xeb,
    0x00,0x07,0xf3,0xa8,0x8b,0x2f,0x80,0x00,0x4f,0x6e,0x43,0xf6,0xf4,0x00,0x01,0xfd,
    0xe0,0x0e,0xdf,0x10,0x00,0x0c,0xfb,0x00,0xaf,0xd0,0x00,0x00,0x8f,0x60,0x06,0xf9,
    0x00,0x00,0x00,0x00,0x00,0x00,0x00,0x00,0x00,0x00,0x00,0x00,0x00,0x00,0x00,0x00,
    0x00,0x00,0x00,0x00,0x00,0x00,0x00,0x00,0x00,0x00,0x00,0x00,0x00,0x00,0x00,0x00,
    0x00,0x00,0x00,0x00,0x00,0x00,0x00,0x00,0x00,0x00,0x00,0x00,0x00,0x00,0x00,0x00,
    0x00,0x00,0x00,0x00,0x00,0x00,0x00,0x00,0x00,0x00,0x00,0x00,0x00,0x00,0x00,0x00,
    0x00,0x00,0x00,0x00,0x00,0x00,0x00,0x00,0x00,0x00,0x00,0x00,0x00,0x00,0x00,0x00,
    0x00,0x00,0x00,0x00,0x00,0x00,0x00,0x00,0x00,0x00,0x00,0x00,0x00,0x00,0x00,0x00,
    0x00,0x00,0x00,0x00,0x00,0x00,0x00,0x00,0x00,0x00,0x8f,0x70,0x00,0x07,0xf8,0x00,
    0x00,0xbf,0x30,0x03,0xfc,0x00,0x00,0x01,0xed,0x11,0xde,0x20,0x00,0x00,0x04,0xfa,
    0xaf,0x50,0x00,0x00,0x00,0x08,0xff,0x90,0x00,0x00,0x00,0x00,0x3f,0xf3,0x00,0x00,
    0x00,0x00,0x1d,0xee,0xd1,0x00,0x00,0x00,0x09,0xf5,0x5f,0xa0,0x00,0x00,0x06,0xfa,
    0x00,0x9f,0x60,0x00,0x03,0xed,0x10,0x01,0xdf,0x30,0x01,0xdf,0x30,0x00,0x03,0xfd,
    0x10,0x00,0x00,0x00,0x00,0x00,0x00,0x00,0x00,0x00,0x00,0x00,0x00,0x00,0x00,0x00,
    0x00,0x00,0x00,0x00,0x00,0x00,0x00,0x00,0x00,0x00,0x00,0x00,0x00,0x00,0x00,0x00,
    0x00,0x00,0x00,0x00,0x00,0x00,0x00,0x00,0x00,0x00,0x00,0x00,0x00,0x00,0x00,0x00,
    0x00,0x00,0x00,0x00,0x00,0x00,0x00,0x00,0x00,0x00,0x00,0x00,0x00,0x00,0x00,0x00,
    0x00,0x00,0x00,0x00,0x00,0x00,0x00,0x00,0x00,0x00,0x00,0x00,0x00,0x00,0x00,0x00,
    0x00,0x00,0x00,0x00,0x00,0x00,0x00,0x00,0x00,0x00,0x00,0x00,0x00,0x00,0x00,0x00,
    0x00,0x00,0x00,0x00,0x00,0x00,0x00,0x00,0x00,0x0c,0xf2,0x00,0x00,0x0c,0xf1,0x00,
    0x6f,0x70,0x00,0x03,0xfa,0x00,0x00,0xed,0x00,0x00,0x9f,0x40,0x00,0x08,0xf4,0x00,
    0x0e,0xd0,0x00,0x00,0x2f,0x90,0x05,0xf6,0x00,0x00,0x00,0xbe,0x10,0xae,0x10,0x00,
    0x00,0x05,0xf5,0x1f,0x90,0x00,0x00,0x00,0x0d,0xb6,0xf3,0x00,0x00,0x00,0x00,0x7f,
    0xdd,0x00,0x00,0x00,0x00,0x01,0xff,0x70,0x00,0x00,0x00,0x00,0x0d,0xf2,0x00,0x00,
    0x00,0x00,0x04,0xfb,0x00,0x00,0x00,0x00,0x02,0xcf,0x50,0x00,0x00,0x00,0x3f,0xff,
    0xd0,0x00,0x00,0x00,0x03,0xff,0xb2,0x00,0x00,0x00,0x00,0x00,0x00,0x00,0x00,0x00,
    0x00,0x00,0x00,0x00,0x00,0x00,0x00,0x00,0x00,0x00,0x00,0x00,0x00,0x00,0x00,0x00,
    0x00,0x00,0x00,0x00,0x00,0x00,0x00,0x00,0x00,0x00,0x00,0x00,0x00,0x00,0x00,0x00,
    0x00,0x00,0x00,0x00,0x00,0x00,0x00,0x00,0x00,0x00,0x00,0x00,0x00,0x00,0x00,0x00,
    0x00,0x00,0x00,0x00,0x00,0x00,0x00,0x00,0x00,0x00,0x00,0x00,0x00,0x00,0x00,0x00,
    0x00,0x00,0x00,0x00,0x00,0x00,0x00,0x00,0x00,0x0c,0xff,0xff,0xff,0xf2,0x00,0x00,
    0xcf,0xff,0xff,0xff,0x20,0x00,0x00,0x00,0x00,0x3e,0x50,0x00,0x00,0x00,0x00,0x2d,
    0x80,0x00,0x00,0x00,0x00,0x1c,0xa0,0x00,0x00,0x00,0x00,0x0a,0xc1,0x00,0x00,0x00,
    0x00,0x08,0xd1,0x00,0x00,0x00,0x00,0x06,0xe3,0x00,0x00,0x00,0x00,0x04,0xf5,0x00,
    0x00,0x00,0x00,0x00,0xef,0xff,0xff,0xff,0x20,0x00,0x0f,0xff,0xff,0xff,0xf2,0x00,
    0x00,0x00,0x00,0x00,0x00,0x00,0x00,0x00,0x00,0x00,0x00,0x00,0x00,0x00,0x00,0x00,
    0x00,0x00,0x00,0x00,0x00,0x00,0x00,0x00,0x00,0x00,0x00,0x00,0x00,0x00,0x00,0x00,
    0x00,0x00,0x00,0x00,0x00,0x00,0x00,0x00,0x00,0x00,0x00,0x00,0x00,0x00,0x00,0x00,
    0x00,0x00,0x00,0x00,0x00,0x00,0x00,0x00,0x00,0x00,0x00,0x00,0x00,0x00,0x00,0x00,
    0x00,0x00,0x00,0x00,0x00,0x00,0x00,0x00,0x00,0x00,0x00,0x00,0x00,0x00,0x00,0x00,
    0x00,0x8d,0xed,0x00,0x00,0x00,0x00,0x7f,0xff,0xd0,0x00,0x00,0x00,0x0b,0xf7,0x10,
    0x00,0x00,0x00,0x00,0xcf,0x10,0x00,0x00,0x00,0x00,0x0c,0xf0,0x00,0x00,0x00,0x00,
    0x00,0xcf,0x00,0x00,0x00,0x00,0x00,0x0e,0xe0,0x00,0x00,0x00,0x00,0x17,0xfc,0x00,
    0x00,0x00,0x00,0xdf,0xfc,0x30,0x00,0x00,0x00,0x0d,0xff,0xc3,0x00,0x00,0x00,0x00,
    0x01,0x8f,0xc0,0x00,0x00,0x00,0x00,0x00,0xee,0x00,0x00,0x00,0x00,0x00,0x0d,0xf0,
    0x00,0x00,0x00,0x00,0x00,0xcf,0x00,0x00,0x00,0x00,0x00,0x0c,0xf1,0x00,0x00,0x00,
    0x00,0x00,0xbf,0x61,0x00,0x00,0x00,0x00,0x07,0xff,0xfd,0x00,0x00,0x00,0x00,0x08,
    0xdf,0xd0,0x00,0x00,0x00,0x00,0x00,0x00,0x00,0x00,0x00,0x00,0x00,0x00,0x00,0x00,
    0x00,0x00,0x00,0x00,0x00,0x00,0x00,0x00,0x00,0x00,0x00,0x00,0x00,0x00,0x00,0x00,
    0x00,0x00,0x00,0x00,0x00,0x00,0x00,0x00,0x00,0x00,0x00,0x00,0x00,0x00,0x00,0x00,
    0x00,0x00,0x00,0x00,0x00,0x00,0x00,0x00,0x00,0x00,0x00,0x00,0x00,0x00,0x00,0x00,
    0xcd,0x00,0x00,0x00,0x00,0x00,0x0c,0xd0,0x00,0x00,0x00,0x00,0x00,0xcd,0x00,0x00,
    0x00,0x00,0x00,0x0c,0xd0,0x00,0x00,0x00,0x00,0x00,0xcd,0x00,0x00,0x00,0x00,0x00,
    0x0c,0xd0,0x00,0x00,0x00,0x00,0x00,0xcd,0x00,0x00,0x00,0x00,0x00,0x0c,0xd0,0x00,
    0x00,0x00,0x00,0x00,0xcd,0x00,0x00,0x00,0x00,0x00,0x0c,0xd0,0x00,0x00,0x00,0x00,
    0x00,0xcd,0x00,0x00,0x00,0x00,0x00,0x0c,0xd0,0x00,0x00,0x00,0x00,0x00,0xcd,0x00,
    0x00,0x00,0x00,0x00,0x0c,0xd0,0x00,0x00,0x00,0x00,0x00,0xcd,0x00,0x00,0x00,0x00,
    0x00,0x0c,0xd0,0x00,0x00,0x00,0x00,0x00,0xcd,0x00,0x00,0x00,0x00,0x00,0x0c,0xd0,
    0x00,0x00,0x00,0x00,0x00,0xcd,0x00,0x00,0x00,0x00,0x00,0x0c,0xd0,0x00,0x00,0x00,
    0x00,0x00,0x00,0x00,0x00,0x00,0x00,0x00,0x00,0x00,0x00,0x00,0x00,0x00,0x00,0x00,
    0x00,0x00,0x00,0x00,0x00,0x00,0x00,0x00,0x00,0x00,0x00,0x00,0x00,0x00,0x00,0x00,
    0x00,0x00,0x00,0x00,0x00,0x00,0x00,0x00,0x00,0x00,0x00,0x00,0x00,0x00,0xdf,0xd8,
    0x00,0x00,0x00,0x00,0x0d,0xff,0xf7,0x00,0x00,0x00,0x00,0x01,0x6f,0xb0,0x00,0x00,
    0x00,0x00,0x00,0xfc,0x00,0x00,0x00,0x00,0x00,0x0e,0xd0,0x00,0x00,0x00,0x00,0x00,
    0xed,0x00,0x00,0x00,0x00,0x00,0x0e,0xe0,0x00,0x00,0x00,0x00,0x00,0xbf,0x71,0x00,
    0x00,0x00,0x00,0x03,0xcf,0xfd,0x00,0x00,0x00,0x00,0x2c,0xff,0xd0,0x00,0x00,0x00,
    0x0b,0xf8,0x10,0x00,0x00,0x00,0x00,0xee,0x00,0x00,0x00,0x00,0x00,0x0e,0xd0,0x00,
    0x00,0x00,0x00,0x00,0xed,0x00,0x00,0x00,0x00,0x00,0x0f,0xc0,0x00,0x00,0x00,0x00,
    0x16,0xfb,0x00,0x00,0x00,0x00,0xdf,0xff,0x70,0x00,0x00,0x00,0x0d,0xfd,0x80,0x00,
    0x00,0x00,0x00,0x00,0x00,0x00,0x00,0x00,0x00,0x00,0x00,0x00,0x00,0x00,0x00,0x00,
    0x00,0x00,0x00,0x00,0x00,0x00,0x00,0x00,0x00,0x00,0x00,0x00,0x00,0x00,0x00,0x00,
    0x00,0x00,0x00,0x00,0x00,0x00,0x00,0x00,0x00,0x00,0x00,0x00,0x00,0x00,0x00,0x00,
    0x00,0x00,0x00,0x00,0x00,0x00,0x00,0x00,0x00,0x00,0x00,0x00,0x00,0x00,0x00,0x00,
    0x00,0x00,0x00,0x00,0x00,0x00,0x00,0x00,0x00,0x00,0x00,0x00,0x00,0x00,0x00,0x00,
    0x00,0x00,0x00,0x00,0x00,0x00,0x00,0x00,0x00,0x00,0x00,0x00,0x00,0x00,0x00,0x00,
    0x00,0x00,0x00,0x00,0x00,0x00,0x00,0x00,0x00,0x00,0x06,0xce,0xeb,0x62,0x13,0x93,
    0x02,0xff,0xff,0xff,0xff,0xff,0x30,0x29,0x31,0x15,0xae,0xec,0x60,0x00,0x00,0x00,
    0x00,0x00,0x00,0x00,0x00,0x00,0x00,0x00,0x00,0x00,0x00,0x00,0x00,0x00,0x00,0x00,
    0x00,0x00,0x00,0x00,0x00,0x00,0x00,0x00,0x00,0x00,0x00,0x00,0x00,0x00,0x00,0x00,
    0x00,0x00,0x00,0x00,0x00,0x00,0x00,0x00,0x00,0x00,0x00,0x00,0x00,0x00,0x00,0x00,
    0x00,0x00,0x00,0x00,0x00,0x00,0x00,0x00,0x00,0x00,0x00,0x00,0x00,0x00,0x00,0x00,
    0x00,0x00,0x00,0x00,0x00,0x00,0x00,0x00,0x00,0x00,0x00,0x00,0x00,0x00,0x00,0x00,
    0x00,0x00,0x00,0x00,0x00,0x00,0x00,0x00,0x00,0x00,0x00,0x00,0x00,0x00,0x00,0x00,
    0x00,0x00,0x00,0x00,0x00,0x00,0x00,0x00,0x00,0x00,0x00,0x00,0x00,0x00,0x00,0x00,
    0x00,0x00,0x00,0x00,0x00,0x00,0x00,0x00,0x00,0x00,0x00,0x00,0x00,0x00,0x00,0x00,
    0x00,0x00,0x00,0x00,0x00,0x00,0x00,0x00,0x00,0x00,0x00,0x00,0x00,0x00,0x00,0x00,
    0x00,0x00,0x00,0x00,0x00,0x00,0x00,0x00,0x00,0x00,0x00,0x00,0x00,0x00,0x00,0x00,
    0x00,0x00,0x00,0x00,0x00,0x00,0x00,0x00,0x00,0x00,0x00,0x00,0x00,0x00,0x00,0x00,
    0x00,0x00,0x00,0x00,0x00,0x00,0x00,0x00,0x00,0x00,0x00,0x00,0x00,0x00,0x00,0x00,
    0x00,0x00,0x00,0x00,0x00,0x00,0x00,0x00,0x00,0x00,0x00,0x00,0x00,0x00,0x00,0x00,
    0x00,0x00,0x00,0x00,0x00,0x00,0x00,0x00,0x00,0x00,0x00,0x00,0x00,0x00,0x00,0x00,
    0x00,0x00,0x00,0x00,0x00,0x00,0x00,0x00,0x00,0x00,0x00,0x00,0x00,0x00,0x00,0x00,
    0x00,0x00,0x00,0x00,0x00,0x00,0x00,0x00,0x00,0x00,0x00,0x00,0x00,0x00,0x00,0x00,
    0x00,0x00,0x00,0x00,0x00,0x00,0x00,0x00,0x00,0x00,0x00,0x00,0x00,0x00,0x00,0x00,
    0x00,0x00,0x00,0x00,0x00,0x00,0x00,0x00,0x00,0x00,0x00,0x00,0x00,0x00,0x00,0x00,
    0x00,0x00,0x00,0x00,0x00,0x00,0x00,0x00,0x00,0x00,0x00,0x00,0x00,0x00,0x00,0x00,
    0x00,0x00,0x00,0x00,0x00,0x00,0x00,0x00,0x00,0x00,0x00,0x00,0x00,0x00,0x00,0x00,
    0x00,0x00,0x00,0x00,0x00,0x00,0x00,0x00,0x00,0x00,0x00,0x00,0x00,0x00,0x00,0x00,
    0x00,0x00,0x00,0x00,0x00,0x00,0x00,0x00,0x00,0x00,0x00,0x00,0x00,0x00,0x00,0x00,
    0x00,0x00,0x00,0x00,0x00,0x00,0x00,0x00,0x00,0x00,0x00,0x00,0x00,0x00,0x00,0x00,
    0x00,0x00,0x00,0x00,0x00,0x00,0x00,0x00,0x00,0x00,0x00,0x00,0x00,0x00,0x00,0x00,
    0x00,0x00,0x00,0x00,0x00,0x00,0x00,0x00,0x00,0x00,0x00,0x00,0x00,0x00,0x00,0x00,
    0x00,0x00,0x00,0x00,0x00,0x00,0x00,0x00,0x00,0x00,0x00,0x00,0x00,0x00,0x00,0x00,
    0x00,0x00,0x00,0x00,0x00,0x7f,0xf2,0x00,0x00,0x00,0x00,0x00,0x00,0x7f,0xf2,0x00,
    0x00,0x00,0x00,0x00,0x00,0x7f,0xf2,0x00,0x00,0x00,0x00,0x00,0x00,0x7f,0xf2,0x00,
    0x00,0x00,0x00,0x00,0x00,0x7f,0xf2,0x00,0x00,0x00,0x00,0x00,0x00,0x7f,0xf2,0x00,
    0x00,0x00,0x00,0x00,0x00,0x7f,0xf2,0x00,0x00,0x00,0x00,0x00,0x00,0x7f,0xf2,0x00,
    0x00,0x00,0x00,0x00,0x00,0x7f,0xf2,0x00,0x00,0x00,0x00,0x00,0x00,0x6f,0xf1,0x00,
    0x00,0x00,0x00,0x00,0x00,0x5f,0xf0,0x00,0x00,0x00,0x00,0x00,0x00,0x4f,0xe0,0x00,
    0x00,0x00,0x00,0x00,0x00,0x3f,0xd0,0x00,0x00,0x00,0x00,0x00,0x00,0x00,0x00,0x00,
    0x00,0x00,0x00,0x00,0x00,0x00,0x00,0x00,0x00,0x00,0x00,0x00,0x00,0x00,0x00,0x00,
    0x00,0x00,0x00,0x00,0x00,0x7f,0xf2,0x00,0x00,0x00,0x00,0x00,0x00,0x7f,0xf2,0x00,
    0x00,0x00,0x00,0x00,0x00,0x7f,0xf2,0x00,0x00,0x00,0x00,0x00,0x00,0x00,0x00,0x00,
    0x00,0x00,0x00,0x00,0x00,0x00,0x00,0x00,0x00,0x00,0x00,0x00,0x00,0x00,0x00,0x00,
    0x00,0x00,0x00,0x00,0x00,0x00,0x00,0x00,0x00,0x00,0x00,0x00,0x00,0x00,0x00,0x00,
    0x00,0x00,0x00,0x00,0x00,0x00,0x00,0x00,0x00,0x00,0x00,0x00,0x00,0x00,0x00,0x00,
    0x00,0x00,0x00,0x00,0x00,0x00,0x00,0x00,0x00,0x00,0x00,0x00,0x00,0x00,0x00,0x00,
    0x00,0x00,0x00,0x00,0x00,0x00,0x00,0x00,0x00,0x00,0x00,0x00,0x00,0x00,0x00,0x00,
    0x00,0x00,0x00,0x00,0x00,0x00,0x00,0x00,0x00,0x00,0x00,0x00,0x00,0x00,0x00,0x00,
    0x00,0x00,0x00,0x00,0x00,0x00,0x00,0x00,0x00,0x00,0x00,0x00,0x00,0x00,0x00,0x00,
    0x00,0x00,0x00,0x00,0x00,0x00,0x00,0x00,0x00,0x00,0x00,0x00,0x00,0x00,0x00,0x00,
    0x00,0x00,0x00,0x00,0xbf,0x80,0x0d,0xf5,0x00,0x00,0x00,0x00,0xbf,0x80,0x0d,0xf5,
    0x00,0x00,0x00,0x00,0xbf,0x80,0x0d,0xf5,0x00,0x00,0x00,0x00,0xbf,0x80,0x0d,0xf5,
    0x00,0x00,0x00,0x00,0xbf,0x80,0x0d,0xf5,0x00,0x00,0x00,0x00,0xbf,0x80,0x0d,0xf5,
    0x00,0x00,0x00,0x00,0xbf,0x80,0x0d,0xf5,0x00,0x00,0x00,0x00,0x00,0x00,0x00,0x00,
    0x00,0x00,0x00,0x00,0x00,0x00,0x00,0x00,0x00,0x00,0x00,0x00,0x00,0x00,0x00,0x00,
    0x00,0x00,0x00,0x00,0x00,0x00,0x00,0x00,0x00,0x00,0x00,0x00,0x00,0x00,0x00,0x00,
    0x00,0x00,0x00,0x00,0x00,0x00,0x00,0x00,0x00,0x00,0x00,0x00,0x00,0x00,0x00,0x00,
    0x00,0x00,0x00,0x00,0x00,0x00,0x00,0x00,0x00,0x00,0x00,0x00,0x00,0x00,0x00,0x00,
    0x00,0x00,0x00,0x00,0x00,0x00,0x00,0x00,0x00,0x00,0x00,0x00,0x00,0x00,0x00,0x00,
    0x00,0x00,0x00,0x00,0x00,0x00,0x00,0x00,0x00,0x00,0x00,0x00,0x00,0x00,0x00,0x00,
    0x00,0x00,0x00,0x00,0x00,0x00,0x00,0x00,0x00,0x00,0x00,0x00,0x00,0x00,0x00,0x00,
    0x00,0x00,0x00,0x00,0x00,0x00,0x00,0x00,0x00,0x00,0x00,0x00,0x00,0x00,0x00,0x00,
    0x00,0x00,0x00,0x00,0x00,0x00,0x00,0x00,0x00,0x00,0x00,0x00,0x00,0x00,0x00,0x00,
    0x00,0x00,0x00,0x00,0x00,0x00,0x00,0x00,0x00,0x00,0x00,0x00,0x00,0x00,0x00,0x00,
    0x00,0x00,0x00,0x00,0x00,0x00,0x00,0x00,0x00,0x00,0x00,0x00,0x00,0x00,0x00,0x00,
    0x00,0x00,0x00,0x00,0x00,0x00,0x00,0x00,0x00,0x00,0x00,0x00,0x00,0x00,0x00,0x00,
    0x00,0x00,0x00,0x00,0x00,0x00,0x00,0x00,0x00,0x00,0x00,0x00,0x00,0x00,0x00,0x00,
    0x00,0x00,0x00,0x00,0x00,0x00,0x00,0x00,0x00,0x00,0x00,0x00,0x00,0x00,0x00,0x00,
    0x00,0x00,0x00,0x00,0x00,0x00,0x00,0x00,0x00,0x00,0x00,0x00,0x00,0x7f,0x80,0x05,
    0xfb,0x00,0x00,0x00,0x00,0xbf,0x40,0x09,0xf7,0x00,0x00,0x00,0x01,0xff,0x10,0x0d,
    0xf3,0x00,0x00,0x00,0x04,0xfb,0x00,0x2f,0xe0,0x00,0x00,0x00,0x08,0xf7,0x00,0x6f,
    0xa0,0x00,0x08,0xff,0xff,0xff,0xff,0xff,0xff,0xf9,0x08,0xff,0xff,0xff,0xff,0xff,
    0xff,0xf9,0x00,0x00,0x4f,0xb0,0x02,0xfd,0x00,0x00,0x00,0x00,0x8f,0x70,0x06,0xf9,
    0x00,0x00,0x00,0x00,0xcf,0x30,0x0a,0xf5,0x00,0x00,0x00,0x01,0xfe,0x00,0x0e,0xf2,
    0x00,0x00,0xff,0xff,0xff,0xff,0xff,0xff,0xff,0x20,0xff,0xff,0xff,0xff,0xff,0xff,
    0xff,0x20,0x00,0x0d,0xf3,0x00,0xaf,0x50,0x00,0x00,0x00,0x1f,0xe0,0x00,0xef,0x10,
    0x00,0x00,0x00,0x5f,0xa0,0x03,0xfc,0x00,0x00,0x00,0x00,0x9f,0x60,0x07,0xf8,0x00,
    0x00,0x00,0x00,0xdf,0x20,0x0b,0xf4,0x00,0x00,0x00,0x00,0x00,0x00,0x00,0x00,0x00,
    0x00,0x00,0x00,0x00,0x00,0x00,0x00,0x00,0x00,0x00,0x00,0x00,0x00,0x00,0x00,0x00,
    0x00,0x00,0x00,0x00,0x00,0x00,0x00,0x00,0x00,0x00,0x00,0x00,0x00,0x00,0x00,0x00,
    0x00,0x00,0x00,0x00,0x00,0x00,0x00,0x00,0x00,0x00,0x00,0x00,0x00,0x00,0x00,0x00,
    0x00,0x00,0x00,0x00,0x00,0x00,0x00,0x00,0x00,0x00,0x00,0x00,0x00,0x00,0x00,0x00,
    0x00,0x00,0x00,0x00,0x00,0x00,0x00,0x00,0x00,0x00,0x00,0x00,0x00,0x00,0x00,0x00,
    0x00,0x00,0x00,0x00,0x00,0x00,0x00,0x00,0x00,0x00,0x00,0x00,0x00,0x00,0x00,0x00,
    0x00,0x00,0x00,0x00,0x00,0x00,0x00,0x00,0x00,0x00,0x00,0x00,0x00,0x00,0x00,0x00,
    0x00,0x00,0x00,0x00,0x00,0x00,0x00,0x00,0x00,0x00,0x00,0x00,0x00,0x07,0xc0,0x00,
    0x00,0x00,0x00,0x00,0x00,0x07,0xc0,0x00,0x00,0x00,0x00,0x00,0x00,0x07,0xc0,0x00,
    0x00,0x00,0x00,0x00,0x29,0xdf,0xfd,0xb7,0x20,0x00,0x00,0x05,0xef,0xff,0xff,0xff,
    0xe0,0x00,0x00,0x1e,0xfb,0x37,0xc2,0x48,0xc0,0x00,0x00,0x6f,0xe1,0x07,0xc0,0x00,
    0x00,0x00,0x00,0x9f,0xb0,0x07,0xc0,0x00,0x00,0x00,0x00,0x8f,0xd0,0x07,0xc0,0x00,
    0x00,0x00,0x00,0x4f,0xf9,0x17,0xc0,0x00,0x00,0x00,0x00,0x0a,0xff,0xed,0xd5,0x10,
    0x00,0x00,0x00,0x00,0x8f,0xff,0xff,0xfa,0x20,0x00,0x00,0x00,0x01,0x5b,0xff,0xff,
    0xe2,0x00,0x00,0x00,0x00,0x07,0xc1,0x6e,0xfb,0x00,0x00,0x00,0x00,0x07,0xc0,0x07,
    0xff,0x10,0x00,0x00,0x00,0x07,0xc0,0x04,0xff,0x20,0x00,0x00,0x00,0x07,0xc0,0x08,
    0xfe,0x00,0x00,0x8a,0x52,0x07,0xc2,0x7f,0xf8,0x00,0x00,0x9f,0xff,0xff,0xff,0xff,
    0xa0,0x00,0x00,0x15,0x9c,0xdf,0xfe,0xb5,0x00,0x00,0x00,0x00,0x00,0x08,0xc0,0x00,
    0x00,0x00,0x00,0x00,0x00,0x07,0xc0,0x00,0x00,0x00,0x00,0x00,0x00,0x07,0xc0,0x00,
    0x00,0x00,0x00,0x00,0x00,0x07,0xc0,0x00,0x00,0x00,0x00,0x00,0x00,0x00,0x00,0x00,
    0x00,0x00,0x00,0x00,0x00,0x00,0x00,0x00,0x00,0x00,0x00,0x00,0x00,0x00,0x00,0x00,
    0x00,0x00,0x00,0x00,0x00,0x00,0x00,0x00,0x00,0x00,0x00,0x00,0x00,0x00,0x00,0x00,
    0x00,0x00,0x00,0x00,0x00,0x00,0x00,0x00,0x00,0x00,0x00,0x00,0x00,0x00,0x00,0x00,
    0x00,0x00,0x00,0x00,0x00,0x00,0x00,0x00,0x00,0x00,0x00,0x00,0x00,0x00,0x00,0x00,
    0x00,0x00,0x00,0x00,0x00,0x00,0x00,0x00,0x00,0x00,0x00,0x00,0x00,0x00,0x00,0x00,
    0x00,0x00,0x00,0x00,0x00,0x00,0x00,0x00,0x00,0x00,0x00,0x00,0x00,0x00,0x00,0x00,
    0x00,0x00,0x00,0x8d,0xfd,0x70,0x00,0x00,0x00,0x00,0x0a,0xff,0xff,0xf8,0x00,0x00,
    0x00,0x00,0x4f,0xd3,0x14,0xdf,0x30,0x00,0x00,0x00,0x8f,0x40,0x00,0x5f,0x70,0x00,
    0x00,0x00,0x8f,0x40,0x00,0x5f,0x70,0x00,0x00,0x00,0x4f,0xc3,0x14,0xdf,0x30,0x00,
    0x02,0x30,0x0b,0xff,0xff,0xf9,0x00,0x02,0x9f,0xa0,0x00,0x8d,0xfd,0x70,0x02,0x9f,
    0xd5,0x00,0x00,0x00,0x00,0x02,0x9f,0xd6,0x00,0x00,0x00,0x00,0x02,0x9f,0xd6,0x00,
    0x00,0x00,0x00,0x01,0x9f,0xd6,0x00,0x00,0x00,0x00,0x01,0x8e,0xd6,0x00,0x2a,0xef,
    0xb4,0x00,0x0b,0xd6,0x00,0x01,0xdf,0xff,0xff,0x40,0x03,0x00,0x00,0x09,0xfa,0x21,
    0x6f,0xd0,0x00,0x00,0x00,0x0c,0xe0,0x00,0x09,0xf3,0x00,0x00,0x00,0x0c,0xe0,0x00,
    0x09,0xf3,0x00,0x00,0x00,0x09,0xfa,0x21,0x6f,0xe0,0x00,0x00,0x00,0x02,0xef,0xff,
    0xff,0x50,0x00,0x00,0x00,0x00,0x2a,0xef,0xc4,0x00,0x00,0x00,0x00,0x00,0x00,0x00,
    0x00,0x00,0x00,0x00,0x00,0x00,0x00,0x00,0x00,0x00,0x00,0x00,0x00,0x00,0x00,0x00,
    0x00,0x00,0x00,0x00,0x00,0x00,0x00,0x00,0x00,0x00,0x00,0x00,0x00,0x00,0x00,0x00,
    0x00,0x00,0x00,0x00,0x00,0x00,0x00,0x00,0x00,0x00,0x00,0x00,0x00,0x00,0x00,0x00,
    0x00,0x00,0x00,0x00,0x00,0x00,0x00,0x00,0x00,0x00,0x00,0x00,0x00,0x00,0x00,0x00,
    0x00,0x00,0x00,0x00,0x00,0x00,0x00,0x00,0x00,0x00,0x00,0x00,0x00,0x00,0x00,0x00,
    0x00,0x00,0x00,0x00,0x00,0x00,0x00,0x00,0x00,0x00,0x00,0x00,0x00,0x00,0x00,0x00,
    0x00,0x00,0x00,0x00,0x00,0x00,0x00,0x00,0x00,0x00,0x00,0x00,0x00,0x00,0x00,0x00,
    0x00,0x00,0x00,0x00,0x00,0x00,0x00,0x00,0x00,0x00,0x00,0x00,0x00,0x00,0x00,0x00,
    0x00,0x00,0x00,0x00,0x29,0xdf,0xea,0x40,0x00,0x00,0x00,0x03,0xef,0xff,0xff,0xf1,
    0x00,0x00,0x00,0x0b,0xfd,0x41,0x14,0xa1,0x00,0x00,0x00,0x0e,0xf5,0x00,0x00,0x00,
    0x00,0x00,0x00,0x0e,0xf5,0x00,0x00,0x00,0x00,0x00,0x00,0x0b,0xfa,0x00,0x00,0x00,
    0x00,0x00,0x00,0x04,0xff,0x50,0x00,0x00,0x00,0x00,0x00,0x03,0xef,0xe2,0x00,0x00,
    0x00,0x00,0x00,0x4e,0xfc,0xfc,0x00,0x00,0x00,0x00,0x02,0xef,0x41,0xdf,0x90,0x00,
    0x0c,0xf3,0x0a,0xf8,0x00,0x4f,0xf6,0x00,0x0c,0xf3,0x1f,0xf2,0x00,0x07,0xfe,0x30,
    0x0d,0xf1,0x3f,0xf0,0x00,0x00,0xbf,0xd1,0x1f,0xd0,0x4f,0xf1,0x00,0x00,0x1d,0xfa,
    0x6f,0x90,0x2f,0xf5,0x00,0x00,0x04,0xff,0xff,0x20,0x0c,0xfd,0x20,0x00,0x00,0x8f,
    0xf8,0x00,0x03,0xff,0xe6,0x20,0x28,0xef,0xfd,0x00,0x00,0x5e,0xff,0xff,0xff,0xf8,
    0xef,0x80,0x00,0x02,0x8c,0xee,0xd9,0x20,0x7f,0xf3,0x00,0x00,0x00,0x00,0x00,0x00,
    0x00,0x00,0x00,0x00,0x00,0x00,0x00,0x00,0x00,0x00,0x00,0x00,0x00,0x00,0x00,0x00,
    0x00,0x00,0x00,0x00,0x00,0x00,0x00,0x00,0x00,0x00,0x00,0x00,0x00,0x00,0x00,0x00,
    0x00,0x00,0x00,0x00,0x00,0x00,0x00,0x00,0x00,0x00,0x00,0x00,0x00,0x00,0x00,0x00,
    0x00,0x00,0x00,0x00,0x00,0x00,0x00,0x00,0x00,0x00,0x00,0x00,0x00,0x00,0x00,0x00,
    0x00,0x00,0x00,0x00,0x00,0x00,0x00,0x00,0x00,0x00,0x00,0x00,0x00,0x00,0x00,0x00,
    0x00,0x00,0x00,0x00,0x00,0x00,0x00,0x00,0x00,0x00,0x00,0x00,0x00,0x00,0x00,0x00,
    0x00,0x00,0x00,0x00,0x00,0x00,0x00,0x00,0x00,0x00,0x00,0x00,0x00,0x00,0x00,0x00,
    0x00,0x00,0x00,0x00,0x00,0x00,0x00,0x00,0x00,0x00,0x00,0x00,0x00,0x00,0x00,0x00,
    0x00,0x00,0x00,0x00,0x00,0x4f,0xe0,0x00,0x00,0x00,0x00,0x00,0x00,0x4f,0xe0,0x00,
    0x00,0x00,0x00,0x00,0x00,0x4f,0xe0,0x00,0x00,0x00,0x00,0x00,0x00,0x4f,0xe0,0x00,
    0x00,0x00,0x00,0x00,0x00,0x4f,0xe0,0x00,0x00,0x00,0x00,0x00,0x00,0x4f,0xe0,0x00,
    0x00,0x00,0x00,0x00,0x00,0x4f,0xe0,0x00,0x00,0x00,0x00,0x00,0x00,0x00,0x00,0x00,
    0x00,0x00,0x00,0x00,0x00,0x00,0x00,0x00,0x00,0x00,0x00,0x00,0x00,0x00,0x00,0x00,
    0x00,0x00,0x00,0x00,0x00,0x00,0x00,0x00,0x00,0x00,0x00,0x00,0x00,0x00,0x00,0x00,
    0x00,0x00,0x00,0x00,0x00,0x00,0x00,0x00,0x00,0x00,0x00,0x00,0x00,0x00,0x00,0x00,
    0x00,0x00,0x00,0x00,0x00,0x00,0x00,0x00,0x00,0x00,0x00,0x00,0x00,0x00,0x00,0x00,
    0x00,0x00,0x00,0x00,0x00,0x00,0x00,0x00,0x00,0x00,0x00,0x00,0x00,0x00,0x00,0x00,
    0x00,0x00,0x00,0x00,0x00,0x00,0x00,0x00,0x00,0x00,0x00,0x00,0x00,0x00,0x00,0x00,
    0x00,0x00,0x00,0x00,0x00,0x00,0x00,0x00,0x00,0x00,0x00,0x00,0x00,0x00,0x00,0x00,
    0x00,0x00,0x00,0x00,0x00,0x00,0x00,0x00,0x00,0x00,0x00,0x00,0x00,0x00,0x00,0x00,
    0x00,0x00,0x00,0x00,0x00,0x00,0x00,0x00,0x00,0x00,0x00,0x00,0x00,0x00,0x00,0x00,
    0x00,0x00,0x00,0x00,0x00,0x00,0x00,0x00,0x00,0x00,0x00,0x00,0x00,0x00,0x00,0x00,
    0x00,0x00,0x00,0x00,0x00,0x00,0x00,0x00,0x00,0x00,0x00,0x00,0x00,0x00,0x00,0x00,
    0x00,0x00,0x00,0x00,0x00,0x00,0x00,0x00,0x00,0x00,0x00,0x00,0x00,0x00,0x00,0x00,
    0x00,0x00,0x00,0x00,0x00,0x00,0x00,0x00,0x00,0x00,0x00,0x00,0x00,0x00,0x00,0x00,
    0x00,0x00,0x00,0x00,0x00,0x00,0x00,0x00,0x00,0x00,0x00,0x00,0x00,0x00,0x2e,0xe1,
    0x00,0x00,0x00,0x00,0x00,0x00,0xaf,0x70,0x00,0x00,0x00,0x00,0x00,0x03,0xfe,0x10,
    0x00,0x00,0x00,0x00,0x00,0x0b,0xf8,0x00,0x00,0x00,0x00,0x00,0x00,0x2f,0xf2,0x00,
    0x00,0x00,0x00,0x00,0x00,0x8f,0xc0,0x00,0x00,0x00,0x00,0x00,0x00,0xcf,0x80,0x00,
    0x00,0x00,0x00,0x00,0x01,0xff,0x50,0x00,0x00,0x00,0x00,0x00,0x05,0xff,0x20,0x00,
    0x00,0x00,0x00,0x00,0x06,0xff,0x00,0x00,0x00,0x00,0x00,0x00,0x08,0xfe,0x00,0x00,
    0x00,0x00,0x00,0x00,0x09,0xfe,0x00,0x00,0x00,0x00,0x00,0x00,0x08,0xfe,0x00,0x00,
    0x00,0x00,0x00,0x00,0x06,0xff,0x00,0x00,0x00,0x00,0x00,0x00,0x05,0xff,0x20,0x00,
    0x00,0x00,0x00,0x00,0x01,0xff,0x50,0x00,0x00,0x00,0x00,0x00,0x00,0xcf,0x80,0x00,
    0x00,0x00,0x00,0x00,0x00,0x8f,0xc0,0x00,0x00,0x00,0x00,0x00,0x00,0x2f,0xf3,0x00,
    0x00,0x00,0x00,0x00,0x00,0x0a,0xf8,0x00,0x00,0x00,0x00,0x00,0x00,0x03,0xfe,0x10,
    0x00,0x00,0x00,0x00,0x00,0x00,0xaf,0x70,0x00,0x00,0x00,0x00,0x00,0x00,0x2e,0xe1,
    0x00,0x00,0x00,0x00,0x00,0x00,0x00,0x00,0x00,0x00,0x00,0x00,0x00,0x00,0x00,0x00,
    0x00,0x00,0x00,0x00,0x00,0x00,0x00,0x00,0x00,0x00,0x00,0x00,0x00,0x00,0x00,0x00,
    0x00,0x00,0x00,0x00,0x00,0x00,0x00,0x00,0x00,0x00,0x00,0x00,0x00,0x00,0x00,0x00,
    0x00,0x00,0x00,0x00,0x00,0x00,0x00,0x00,0x00,0x00,0x00,0x00,0x00,0x00,0x00,0x00,
    0x00,0x00,0x00,0x00,0x00,0x00,0x00,0x00,0x00,0x00,0x00,0x00,0x00,0x00,0x00,0x00,
    0x00,0x00,0x00,0x00,0x00,0x00,0x00,0x00,0x00,0x00,0x00,0x00,0x00,0x00,0x00,0x00,
    0x00,0x00,0x00,0x00,0x00,0x00,0x00,0x00,0x00,0x00,0x00,0x00,0x5f,0xb0,0x00,0x00,
    0x00,0x00,0x00,0x00,0x0c,0xf5,0x00,0x00,0x00,0x00,0x00,0x00,0x05,0xfd,0x00,0x00,
    0x00,0x00,0x00,0x00,0x00,0xdf,0x50,0x00,0x00,0x00,0x00,0x00,0x00,0x8f,0xc0,0x00,
    0x00,0x00,0x00,0x00,0x00,0x2f,0xf3,0x00,0x00,0x00,0x00,0x00,0x00,0x0e,0xf7,0x00,
    0x00,0x00,0x00,0x00,0x00,0x0a,0xfb,0x00,0x00,0x00,0x00,0x00,0x00,0x07,0xfe,0x00,
    0x00,0x00,0x00,0x00,0x00,0x06,0xff,0x10,0x00,0x00,0x00,0x00,0x00,0x05,0xff,0x20,
    0x00,0x00,0x00,0x00,0x00,0x04,0xff,0x30,0x00,0x00,0x00,0x00,0x00,0x05,0xff,0x20,
    0x00,0x00,0x00,0x00,0x00,0x06,0xff,0x10,0x00,0x00,0x00,0x00,0x00,0x07,0xfe,0x00,
    0x00,0x00,0x00,0x00,0x00,0x0a,0xfb,0x00,0x00,0x00,0x00,0x00,0x00,0x0e,0xf7,0x00,
    0x00,0x00,0x00,0x00,0x00,0x3f,0xf3,0x00,0x00,0x00,0x00,0x00,0x00,0x8f,0xc0,0x00,
    0x00,0x00,0x00,0x00,0x00,0xdf,0x50,0x00,0x00,0x00,0x00,0x00,0x05,0xfd,0x00,0x00,
    0x00,0x00,0x00,0x00,0x0c,0xf5,0x00,0x00,0x00,0x00,0x00,0x00,0x5f,0xb0,0x00,0x00,
    0x00,0x00,0x00,0x00,0x00,0x00,0x00,0x00,0x00,0x00,0x00,0x00,0x00,0x00,0x00,0x00,
    0x00,0x00,0x00,0x00,0x00,0x00,0x00,0x00,0x00,0x00,0x00,0x00,0x00,0x00,0x00,0x00,
    0x00,0x00,0x00,0x00,0x00,0x00,0x00,0x00,0x00,0x00,0x00,0x00,0x00,0x00,0x00,0x00,
    0x00,0x00,0x00,0x00,0x00,0x00,0x00,0x00,0x00,0x00,0x00,0x00,0x00,0x00,0x00,0x00,
    0x00,0x00,0x00,0x00,0x00,0x00,0x00,0x00,0x00,0x00,0x00,0x00,0x00,0x00,0x00,0x00,
    0x00,0x00,0x00,0x00,0x00,0x00,0x00,0x00,0x00,0x00,0x00,0x00,0x00,0x00,0x00,0x00,
    0x00,0x00,0x00,0x00,0x00,0x00,0x00,0x00,0x00,0x00,0x00,0x00,0x00,0x00,0x00,0x00,
    0x00,0x00,0x00,0x00,0x00,0x0e,0x80,0x00,0x00,0x00,0x00,0x00,0x00,0x0e,0x80,0x00,
    0x00,0x00,0x00,0x68,0x10,0x0e,0x80,0x02,0xb2,0x00,0x00,0x8f,0xd4,0x0e,0x80,0x7f,
    0xe4,0x00,0x00,0x03,0xbf,0x9e,0xbc,0xf8,0x10,0x00,0x00,0x00,0x05,0xdf,0xfb,0x20,
    0x00,0x00,0x00,0x00,0x05,0xdf,0xfb,0x20,0x00,0x00,0x00,0x03,0xbf,0x9e,0xbc,0xf8,
    0x10,0x00,0x00,0x8f,0xd4,0x0e,0x80,0x7f,0xe4,0x00,0x00,0x69,0x10,0x0e,0x80,0x02,
    0xb2,0x00,0x00,0x00,0x00,0x0e,0x80,0x00,0x00,0x00,0x00,0x00,0x00,0x0e,0x80,0x00,
    0x00,0x00,0x00,0x00,0x00,0x00,0x00,0x00,0x00,0x00,0x00,0x00,0x00,0x00,0x00,0x00,
    0x00,0x00,0x00,0x00,0x00,0x00,0x00,0x00,0x00,0x00,0x00,0x00,0x00,0x00,0x00,0x00,
    0x00,0x00,0x00,0x00,0x00,0x00,0x00,0x00,0x00,0x00,0x00,0x00,0x00,0x00,0x00,0x00,
    0x00,0x00,0x00,0x00,0x00,0x00,0x00,0x00,0x00,0x00,0x00,0x00,0x00,0x00,0x00,0x00,
    0x00,0x00,0x00,0x00,0x00,0x00,0x00,0x00,0x00,0x00,0x00,0x00,0x00,0x00,0x00,0x00,
    0x00,0x00,0x00,0x00,0x00,0x00,0x00,0x00,0x00,0x00,0x00,0x00,0x00,0x00,0x00,0x00,
    0x00,0x00,0x00,0x00,0x00,0x00,0x00,0x00,0x00,0x00,0x00,0x00,0x00,0x00,0x00,0x00,
    0x00,0x00,0x00,0x00,0x00,0x00,0x00,0x00,0x00,0x00,0x00,0x00,0x00,0x00,0x00,0x00,
    0x00,0x00,0x00,0x00,0x00,0x00,0x00,0x00,0x00,0x00,0x00,0x00,0x00,0x00,0x00,0x00,
    0x00,0x00,0x00,0x00,0x00,0x00,0x00,0x00,0x00,0x00,0x00,0x00,0x00,0x00,0x00,0x00,
    0x00,0x00,0x00,0x00,0x00,0x00,0x00,0x00,0x00,0x00,0x00,0x00,0x00,0x00,0x00,0x00,
    0x00,0x00,0x00,0x00,0x00,0x00,0x00,0x00,0x00,0x00,0x00,0x00,0x00,0x00,0x00,0x00,
    0x00,0x00,0x00,0x00,0x00,0x00,0x00,0x00,0x00,0x00,0x00,0x00,0x00,0x00,0x00,0x00,
    0x00,0x00,0x00,0x00,0x00,0x00,0x00,0x00,0x00,0x00,0x00,0x00,0x00,0x00,0x00,0x00,
    0x00,0x00,0x00,0x00,0x00,0x4f,0xd0,0x00,0x00,0x00,0x00,0x00,0x00,0x4f,0xd0,0x00,
    0x00,0x00,0x00,0x00,0x00,0x4f,0xd0,0x00,0x00,0x00,0x00,0x00,0x00,0x4f,0xd0,0x00,
    0x00,0x00,0x00,0x00,0x00,0x4f,0xd0,0x00,0x00,0x00,0x00,0x00,0x00,0x4f,0xd0,0x00,
    0x00,0x00,0x0d,0xff,0xff,0xff,0xff,0xff,0xff,0x80,0x0d,0xff,0xff,0xff,0xff,0xff,
    0xff,0x80,0x00,0x00,0x00,0x4f,0xd0,0x00,0x00,0x00,0x00,0x00,0x00,0x4f,0xd0,0x00,
    0x00,0x00,0x00,0x00,0x00,0x4f,0xd0,0x00,0x00,0x00,0x00,0x00,0x00,0x4f,0xd0,0x00,
    0x00,0x00,0x00,0x00,0x00,0x4f,0xd0,0x00,0x00,0x00,0x00,0x00,0x00,0x4f,0xd0,0x00,
    0x00,0x00,0x00,0x00,0x00,0x00,0x00,0x00,0x00,0x00,0x00,0x00,0x00,0x00,0x00,0x00,
    0x00,0x00,0x00,0x00,0x00,0x00,0x00,0x00,0x00,0x00,0x00,0x00,0x00,0x00,0x00,0x00,
    0x00,0x00,0x00,0x00,0x00,0x00,0x00,0x00,0x00,0x00,0x00,0x00,0x00,0x00,0x00,0x00,
    0x00,0x00,0x00,0x00,0x00,0x00,0x00,0x00,0x00,0x00,0x00,0x00,0x00,0x00,0x00,0x00,
    0x00,0x00,0x00,0x00,0x00,0x00,0x00,0x00,0x00,0x00,0x00,0x00,0x00,0x00,0x00,0x00,
    0x00,0x00,0x00,0x00,0x00,0x00,0x00,0x00,0x00,0x00,0x00,0x00,0x00,0x00,0x00,0x00,
    0x00,0x00,0x00,0x00,0x00,0x00,0x00,0x00,0x00,0x00,0x00,0x00,0x00,0x00,0x00,0x00,
    0x00,0x00,0x00,0x00,0x00,0x00,0x00,0x00,0x00,0x00,0x00,0x00,0x00,0x00,0x00,0x00,
    0x00,0x00,0x00,0x00,0x00,0x00,0x00,0x00,0x00,0x00,0x00,0x00,0x00,0x00,0x00,0x00,
    0x00,0x00,0x00,0x00,0x00,0x00,0x00,0x00,0x00,0x00,0x00,0x00,0x00,0x00,0x00,0x00,
    0x00,0x00,0x00,0x00,0x00,0x00,0x00,0x00,0x00,0x00,0x00,0x00,0x00,0x00,0x00,0x00,
    0x00,0x00,0x00,0x00,0x00,0x00,0x00,0x00,0x00,0x00,0x00,0x00,0x00,0x00,0x00,0x00,
    0x00,0x00,0x00,0x00,0x00,0x00,0x00,0x00,0x00,0x00,0x00,0x00,0x00,0x00,0x00,0x00,
    0x00,0x00,0x00,0x00,0x00,0x00,0x00,0x00,0x00,0x00,0x00,0x00,0x00,0x00,0x00,0x00,
    0x00,0x00,0x00,0x00,0x00,0x00,0x00,0x00,0x00,0x00,0x00,0x00,0x00,0x00,0x00,0x00,
    0x00,0x00,0x00,0x00,0x00,0x00,0x00,0x00,0x00,0x00,0x00,0x00,0x00,0x00,0x00,0x00,
    0x00,0x00,0x00,0x00,0x00,0x00,0x00,0x00,0x00,0x00,0x00,0x00,0x00,0x9f,0xf9,0x00,
    0x00,0x00,0x00,0x00,0x00,0x9f,0xf9,0x00,0x00,0x00,0x00,0x00,0x00,0xaf,0xf7,0x00,
    0x00,0x00,0x00,0x00,0x00,0xef,0xe1,0x00,0x00,0x00,0x00,0x00,0x03,0xff,0x70,0x00,
    0x00,0x00,0x00,0x00,0x07,0xfd,0x00,0x00,0x00,0x00,0x00,0x00,0x0b,0xf5,0x00,0x00,
    0x00,0x00,0x00,0x00,0x00,0x00,0x00,0x00,0x00,0x00,0x00,0x00,0x00,0x00,0x00,0x00,
    0x00,0x00,0x00,0x00,0x00,0x00,0x00,0x00,0x00,0x00,0x00,0x00,0x00,0x00,0x00,0x00,
    0x00,0x00,0x00,0x00,0x00,0x00,0x00,0x00,0x00,0x00,0x00,0x00,0x00,0x00,0x00,0x00,
    0x00,0x00,0x00,0x00,0x00,0x00,0x00,0x00,0x00,0x00,0x00,0x00,0x00,0x00,0x00,0x00,
    0x00,0x00,0x00,0x00,0x00,0x00,0x00,0x00,0x00,0x00,0x00,0x00,0x00,0x00,0x00,0x00,
    0x00,0x00,0x00,0x00,0x00,0x00,0x00,0x00,0x00,0x00,0x00,0x00,0x00,0x00,0x00,0x00,
    0x00,0x00,0x00,0x00,0x00,0x00,0x00,0x00,0x00,0x00,0x00,0x00,0x00,0x00,0x00,0x00,
    0x00,0x00,0x00,0x00,0x00,0x00,0x00,0x00,0x00,0x00,0x00,0x00,0x00,0x00,0x00,0x00,
    0x00,0x00,0x00,0x00,0x00,0x00,0x00,0x00,0x00,0x00,0x00,0x00,0x00,0x00,0x00,0x00,
    0x00,0x00,0x00,0x00,0x00,0x00,0x00,0x00,0x00,0x00,0x00,0x00,0x00,0x00,0x00,0x00,
    0x00,0x00,0x00,0x00,0x00,0x00,0x00,0x00,0x00,0x00,0x00,0x00,0x00,0x00,0x00,0x00,
    0x00,0x00,0x00,0x00,0x00,0x00,0x00,0x00,0x00,0x00,0x00,0x00,0x00,0x00,0x00,0x00,
    0x00,0x00,0x00,0x00,0x00,0x00,0x00,0x00,0x00,0x00,0x00,0x00,0x7f,0xff,0xff,0xf2,
    0x00,0x00,0x00,0x00,0x7f,0xff,0xff,0xf2,0x00,0x00,0x00,0x00,0x00,0x00,0x00,0x00,
    0x00,0x00,0x00,0x00,0x00,0x00,0x00,0x00,0x00,0x00,0x00,0x00,0x00,0x00,0x00,0x00,
    0x00,0x00,0x00,0x00,0x00,0x00,0x00,0x00,0x00,0x00,0x00,0x00,0x00,0x00,0x00,0x00,
    0x00,0x00,0x00,0x00,0x00,0x00,0x00,0x00,0x00,0x00,0x00,0x00,0x00,0x00,0x00,0x00,
    0x00,0x00,0x00,0x00,0x00,0x00,0x00,0x00,0x00,0x00,0x00,0x00,0x00,0x00,0x00,0x00,
    0x00,0x00,0x00,0x00,0x00,0x00,0x00,0x00,0x00,0x00,0x00,0x00,0x00,0x00,0x00,0x00,
    0x00,0x00,0x00,0x00,0x00,0x00,0x00,0x00,0x00,0x00,0x00,0x00,0x00,0x00,0x00,0x00,
    0x00,0x00,0x00,0x00,0x00,0x00,0x00,0x00,0x00,0x00,0x00,0x00,0x00,0x00,0x00,0x00,
    0x00,0x00,0x00,0x00,0x00,0x00,0x00,0x00,0x00,0x00,0x00,0x00,0x00,0x00,0x00,0x00,
    0x00,0x00,0x00,0x00,0x00,0x00,0x00,0x00,0x00,0x00,0x00,0x00,0x00,0x00,0x00,0x00,
    0x00,0x00,0x00,0x00,0x00,0x00,0x00,0x00,0x00,0x00,0x00,0x00,0x00,0x00,0x00,0x00,
    0x00,0x00,0x00,0x00,0x00,0x00,0x00,0x00,0x00,0x00,0x00,0x00,0x00,0x00,0x00,0x00,
    0x00,0x00,0x00,0x00,0x00,0x00,0x00,0x00,0x00,0x00,0x00,0x00,0x00,0x00,0x00,0x00,
    0x00,0x00,0x00,0x00,0x00,0x00,0x00,0x00,0x00,0x00,0x00,0x00,0x00,0x00,0x00,0x00,
    0x00,0x00,0x00,0x00,0x00,0x00,0x00,0x00,0x00,0x00,0x00,0x00,0x00,0x00,0x00,0x00,
    0x00,0x00,0x00,0x00,0x00,0x00,0x00,0x00,0x00,0x00,0x00,0x00,0x00,0x00,0x00,0x00,
    0x00,0x00,0x00,0x00,0x00,0x00,0x00,0x00,0x00,0x00,0x00,0x00,0x00,0x00,0x00,0x00,
    0x00,0x00,0x00,0x00,0x00,0x00,0x00,0x00,0x00,0x00,0x00,0x00,0x00,0x00,0x00,0x00,
    0x00,0x00,0x00,0x00,0x00,0x00,0x00,0x00,0x00,0x00,0x00,0x00,0x00,0x00,0x00,0x00,
    0x00,0x00,0x00,0x00,0x00,0x00,0x00,0x00,0x00,0x00,0x00,0x00,0x00,0xcf,0xf6,0x00,
    0x00,0x00,0x00,0x00,0x00,0xcf,0xf6,0x00,0x00,0x00,0x00,0x00,0x00,0xcf,0xf6,0x00,
    0x00,0x00,0x00,0x00,0x00,0xcf,0xf6,0x00,0x00,0x00,0x00,0x00,0x00,0x00,0x00,0x00,
    0x00,0x00,0x00,0x00,0x00,0x00,0x00,0x00,0x00,0x00,0x00,0x00,0x00,0x00,0x00,0x00,
    0x00,0x00,0x00,0x00,0x00,0x00,0x00,0x00,0x00,0x00,0x00,0x00,0x00,0x00,0x00,0x00,
    0x00,0x00,0x00,0x00,0x00,0x00,0x00,0x00,0x00,0x00,0x00,0x00,0x00,0x00,0x00,0x00,
    0x00,0x00,0x00,0x00,0x00,0x00,0x00,0x00,0x00,0x00,0x00,0x00,0x00,0x00,0x00,0x00,
    0x00,0x00,0x00,0x00,0x00,0x00,0x00,0x00,0x00,0x00,0x00,0x00,0x00,0x00,0x00,0x00,
    0x00,0x00,0x00,0x00,0x00,0x00,0x00,0x00,0x00,0x00,0x00,0x00,0x00,0x00,0x00,0x00,
    0x00,0x00,0x00,0x00,0x00,0x00,0x00,0x00,0x00,0x00,0x00,0x00,0x00,0x00,0x00,0x00,
    0x00,0x00,0x00,0x00,0x00,0x00,0x00,0x00,0x00,0x00,0x00,0x00,0x00,0x00,0x00,0x00,
    0x00,0x00,0x00,0x00,0x00,0x00,0x00,0x1e,0xf7,0x00,0x00,0x00,0x00,0x00,0x00,0x7f,
    0xe1,0x00,0x00,0x00,0x00,0x00,0x00,0xdf,0x80,0x00,0x00,0x00,0x00,0x00,0x06,0xfe,
    0x10,0x00,0x00,0x00,0x00,0x00,0x0d,0xf8,0x00,0x00,0x00,0x00,0x00,0x00,0x5f,0xf2,
    0x00,0x00,0x00,0x00,0x00,0x00,0xcf,0x90,0x00,0x00,0x00,0x00,0x00,0x04,0xff,0x20,
    0x00,0x00,0x00,0x00,0x00,0x0b,0xfa,0x00,0x00,0x00,0x00,0x00,0x00,0x4f,0xf3,0x00,
    0x00,0x00,0x00,0x00,0x00,0xbf,0xb0,0x00,0x00,0x00,0x00,0x00,0x03,0xff,0x40,0x00,
    0x00,0x00,0x00,0x00,0x0a,0xfb,0x00,0x00,0x00,0x00,0x00,0x00,0x2f,0xf4,0x00,0x00,
    0x00,0x00,0x00,0x00,0x9f,0xc0,0x00,0x00,0x00,0x00,0x00,0x02,0xff,0x50,0x00,0x00,
    0x00,0x00,0x00,0x09,0xfd,0x00,0x00,0x00,0x00,0x00,0x00,0x1e,0xf6,0x00,0x00,0x00,
    0x00,0x00,0x00,0x8f,0xd0,0x00,0x00,0x00,0x00,0x00,0x01,0xef,0x60,0x00,0x00,0x00,
    0x00,0x00,0x07,0xfe,0x10,0x00,0x00,0x00,0x00,0x00,0x00,0x00,0x00,0x00,0x00,0x00,
    0x00,0x00,0x00,0x00,0x00,0x00,0x00,0x00,0x00,0x00,0x00,0x00,0x00,0x00,0x00,0x00,
    0x00,0x00,0x00,0x00,0x00,0x00,0x00,0x00,0x00,0x00,0x00,0x00,0x00,0x00,0x00,0x00,
    0x00,0x00,0x00,0x00,0x00,0x00,0x00,0x00,0x00,0x00,0x00,0x00,0x00,0x00,0x00,0x00,
    0x00,0x00,0x00,0x00,0x00,0x00,0x00,0x00,0x00,0x00,0x00,0x00,0x00,0x00,0x00,0x00,
    0x00,0x00,0x00,0x00,0x00,0x00,0x00,0x00,0x00,0x00,0x00,0x00,0x00,0x00,0x00,0x00,
    0x00,0x00,0x00,0x00,0x00,0x00,0x00,0x00,0x00,0x00,0x00,0x00,0x00,0x00,0x00,0x00,
    0x00,0x00,0x00,0x00,0x00,0x00,0x00,0x00,0x00,0x00,0x00,0x00,0x00,0x00,0x00,0x00,
    0x00,0x00,0x00,0x00,0x18,0xde,0xeb,0x50,0x00,0x00,0x00,0x02,0xdf,0xff,0xff,0xf9,
    0x00,0x00,0x00,0x0c,0xfe,0x51,0x29,0xff,0x60,0x00,0x00,0x5f,0xf5,0x00,0x00,0xbf,
    0xe1,0x00,0x00,0xaf,0xd0,0x00,0x00,0x4f,0xf5,0x00,0x00,0xef,0x90,0x00,0x00,0x0e,
    0xf9,0x00,0x01,0xff,0x70,0x00,0x00,0x0c,0xfb,0x00,0x03,0xff,0x50,0x00,0x00,0x0a,
    0xfd,0x00,0x04,0xff,0x40,0x6e,0xc2,0x0a,0xfe,0x00,0x05,0xff,0x40,0xcf,0xf7,0x09,
    0xfe,0x00,0x04,0xff,0x40,0x6e,0xc2,0x0a,0xfe,0x00,0x03,0xff,0x50,0x00,0x00,0x0a,
    0xfd,0x00,0x01,0xff,0x70,0x00,0x00,0x0c,0xfb,0x00,0x00,0xef,0x90,0x00,0x00,0x0e,
    0xf9,0x00,0x00,0xaf,0xd0,0x00,0x00,0x4f,0xf5,0x00,0x00,0x5f,0xf5,0x00,0x00,0xbf,
    0xe1,0x00,0x00,0x0c,0xfe,0x51,0x29,0xff,0x60,0x00,0x00,0x02,0xdf,0xff,0xff,0xf9,
    0x00,0x00,0x00,0x00,0x18,0xde,0xeb,0x50,0x00,0x00,0x00,0x00,0x00,0x00,0x00,0x00,
    0x00,0x00,0x00,0x00,0x00,0x00,0x00,0x00,0x00,0x00,0x00,0x00,0x00,0x00,0x00,0x00,
    0x00,0x00,0x00,0x00,0x00,0x00,0x00,0x00,0x00,0x00,0x00,0x00,0x00,0x00,0x00,0x00,
    0x00,0x00,0x00,0x00,0x00,0x00,0x00,0x00,0x00,0x00,0x00,0x00,0x00,0x00,0x00,0x00,
    0x00,0x00,0x00,0x00,0x00,0x00,0x00,0x00,0x00,0x00,0x00,0x00,0x00,0x00,0x00,0x00,
    0x00,0x00,0x00,0x00,0x00,0x00,0x00,0x00,0x00,0x00,0x00,0x00,0x00,0x00,0x00,0x00,
    0x00,0x00,0x00,0x00,0x00,0x00,0x00,0x00,0x00,0x00,0x00,0x00,0x00,0x00,0x00,0x00,
    0x00,0x00,0x00,0x00,0x00,0x00,0x00,0x00,0x00,0x00,0x00,0x00,0x00,0x00,0x00,0x00,
    0x00,0x00,0x00,0x00,0x00,0x00,0x00,0x00,0x00,0x00,0x00,0x00,0x00,0x00,0x00,0x00,
    0x00,0x00,0x00,0x01,0x58,0xcf,0xfe,0x00,0x00,0x00,0x00,0x0d,0xff,0xff,0xfe,0x00,
    0x00,0x00,0x00,0x0c,0xa7,0x39,0xfe,0x00,0x00,0x00,0x00,0x00,0x00,0x09,0xfe,0x00,
    0x00,0x00,0x00,0x00,0x00,0x09,0xfe,0x00,0x00,0x00,0x00,0x00,0x00,0x09,0xfe,0x00,
    0x00,0x00,0x00,0x00,0x00,0x09,0xfe,0x00,0x00,0x00,0x00,0x00,0x00,0x09,0xfe,0x00,
    0x00,0x00,0x00,0x00,0x00,0x09,0xfe,0x00,0x00,0x00,0x00,0x00,0x00,0x09,0xfe,0x00,
    0x00,0x00,0x00,0x00,0x00,0x09,0xfe,0x00,0x00,0x00,0x00,0x00,0x00,0x09,0xfe,0x00,
    0x00,0x00,0x00,0x00,0x00,0x09,0xfe,0x00,0x00,0x00,0x00,0x00,0x00,0x09,0xfe,0x00,
    0x00,0x00,0x00,0x00,0x00,0x09,0xfe,0x00,0x00,0x00,0x00,0x00,0x00,0x09,0xfe,0x00,
    0x00,0x00,0x00,0x00,0x00,0x09,0xfe,0x00,0x00,0x00,0x00,0x09,0xff,0xff,0xff,0xff,
    0xfd,0x00,0x00,0x09,0xff,0xff,0xff,0xff,0xfd,0x00,0x00,0x00,0x00,0x00,0x00,0x00,
    0x00,0x00,0x00,0x00,0x00,0x00,0x00,0x00,0x00,0x00,0x00,0x00,0x00,0x00,0x00,0x00,
    0x00,0x00,0x00,0x00,0x00,0x00,0x00,0x00,0x00,0x00,0x00,0x00,0x00,0x00,0x00,0x00,
    0x00,0x00,0x00,0x00,0x00,0x00,0x00,0x00,0x00,0x00,0x00,0x00,0x00,0x00,0x00,0x00,
    0x00,0x00,0x00,0x00,0x00,0x00,0x00,0x00,0x00,0x00,0x00,0x00,0x00,0x00,0x00,0x00,
    0x00,0x00,0x00,0x00,0x00,0x00,0x00,0x00,0x00,0x00,0x00,0x00,0x00,0x00,0x00,0x00,
    0x00,0x00,0x00,0x00,0x00,0x00,0x00,0x00,0x00,0x00,0x00,0x00,0x00,0x00,0x00,0x00,
    0x00,0x00,0x00,0x00,0x00,0x00,0x00,0x00,0x00,0x00,0x00,0x00,0x00,0x00,0x00,0x00,
    0x00,0x00,0x00,0x00,0x00,0x00,0x00,0x00,0x00,0x00,0x00,0x00,0x00,0x00,0x00,0x00,
    0x00,0x00,0x00,0x26,0xad,0xef,0xda,0x40,0x00,0x00,0x00,0xef,0xff,0xff,0xff,0xf9,
    0x00,0x00,0x00,0xef,0x94,0x11,0x3b,0xff,0x70,0x00,0x00,0xa2,0x00,0x00,0x00,0xdf,
    0xe0,0x00,0x00,0x00,0x00,0x00,0x00,0x7f,0xf3,0x00,0x00,0x00,0x00,0x00,0x00,0x5f,
    0xf4,0x00,0x00,0x00,0x00,0x00,0x00,0x7f,0xf2,0x00,0x00,0x00,0x00,0x00,0x00,0xdf,
    0xc0,0x00,0x00,0x00,0x00,0x00,0x07,0xff,0x50,0x00,0x00,0x00,0x00,0x00,0x3f,0xf9,
    0x00,0x00,0x00,0x00,0x00,0x02,0xdf,0xc1,0x00,0x00,0x00,0x00,0x00,0x1d,0xfd,0x10,
    0x00,0x00,0x00,0x00,0x01,0xcf,0xd2,0x00,0x00,0x00,0x00,0x00,0x0b,0xfe,0x20,0x00,
    0x00,0x00,0x00,0x00,0xaf,0xe3,0x00,0x00,0x00,0x00,0x00,0x0a,0xfe,0x30,0x00,0x00,
    0x00,0x00,0x00,0x9f,0xe4,0x00,0x00,0x00,0x00,0x00,0x01,0xff,0xff,0xff,0xff,0xff,
    0xf7,0x00,0x01,0xff,0xff,0xff,0xff,0xff,0xf7,0x00,0x00,0x00,0x00,0x00,0x00,0x00,
    0x00,0x00,0x00,0x00,0x00,0x00,0x00,0x00,0x00,0x00,0x00,0x00,0x00,0x00,0x00,0x00,
    0x00,0x00,0x00,0x00,0x00,0x00,0x00,0x00,0x00,0x00,0x00,0x00,0x00,0x00,0x00,0x00,
    0x00,0x00,0x00,0x00,0x00,0x00,0x00,0x00,0x00,0x00,0x00,0x00,0x00,0x00,0x00,0x00,
    0x00,0x00,0x00,0x00,0x00,0x00,0x00,0x00,0x00,0x00,0x00,0x00,0x00,0x00,0x00,0x00,
    0x00,0x00,0x00,0x00,0x00,0x00,0x00,0x00,0x00,0x00,0x00,0x00,0x00,0x00,0x00,0x00,
    0x00,0x00,0x00,0x00,0x00,0x00,0x00,0x00,0x00,0x00,0x00,0x00,0x00,0x00,0x00,0x00,
    0x00,0x00,0x00,0x00,0x00,0x00,0x00,0x00,0x00,0x00,0x00,0x00,0x00,0x00,0x00,0x00,
    0x00,0x00,0x00,0x00,0x00,0x00,0x00,0x00,0x00,0x00,0x00,0x00,0x00,0x00,0x00,0x00,
    0x00,0x00,0x00,0x15,0x9c,0xef,0xda,0x40,0x00,0x00,0x00,0xaf,0xff,0xff,0xff,0xfa,
    0x00,0x00,0x00,0x9a,0x53,0x11,0x3a,0xff,0x80,0x00,0x00,0x00,0x00,0x00,0x00,0xbf,
    0xe1,0x00,0x00,0x00,0x00,0x00,0x00,0x6f,0xf3,0x00,0x00,0x00,0x00,0x00,0x00,0x6f,
    0xf3,0x00,0x00,0x00,0x00,0x00,0x00,0xbf,0xe0,0x00,0x00,0x00,0x00,0x01,0x3a,0xff,
    0x50,0x00,0x00,0x00,0x0f,0xff,0xff,0xb4,0x00,0x00,0x00,0x00,0x0f,0xff,0xff,0xb5,
    0x00,0x00,0x00,0x00,0x00,0x01,0x3a,0xff,0x70,0x00,0x00,0x00,0x00,0x00,0x00,0x7f,
    0xf3,0x00,0x00,0x00,0x00,0x00,0x00,0x0e,0xf8,0x00,0x00,0x00,0x00,0x00,0x00,0x0d,
    0xfa,0x00,0x00,0x00,0x00,0x00,0x00,0x0e,0xf9,0x00,0x00,0x00,0x00,0x00,0x00,0x7f,
    0xf6,0x00,0x04,0xc7,0x42,0x01,0x3a,0xff,0xd0,0x00,0x04,0xff,0xff,0xff,0xff,0xfd,
    0x20,0x00,0x00,0x37,0xbd,0xef,0xeb,0x60,0x00,0x00,0x00,0x00,0x00,0x00,0x00,0x00,
    0x00,0x00,0x00,0x00,0x00,0x00,0x00,0x00,0x00,0x00,0x00,0x00,0x00,0x00,0x00,0x00,
    0x00,0x00,0x00,0x00,0x00,0x00,0x00,0x00,0x00,0x00,0x00,0x00,0x00,0x00,0x00,0x00,
    0x00,0x00,0x00,0x00,0x00,0x00,0x00,0x00,0x00,0x00,0x00,0x00,0x00,0x00,0x00,0x00,
    0x00,0x00,0x00,0x00,0x00,0x00,0x00,0x00,0x00,0x00,0x00,0x00,0x00,0x00,0x00,0x00,
    0x00,0x00,0x00,0x00,0x00,0x00,0x00,0x00,0x00,0x00,0x00,0x00,0x00,0x00,0x00,0x00,
    0x00,0x00,0x00,0x00,0x00,0x00,0x00,0x00,0x00,0x00,0x00,0x00,0x00,0x00,0x00,0x00,
    0x00,0x00,0x00,0x00,0x00,0x00,0x00,0x00,0x00,0x00,0x00,0x00,0x00,0x00,0x00,0x00,
    0x00,0x00,0x00,0x00,0x00,0x00,0x00,0x00,0x00,0x00,0x00,0x00,0x00,0x00,0x00,0x00,
    0x00,0x00,0x00,0x00,0x00,0x00,0x6f,0xfd,0x00,0x00,0x00,0x00,0x00,0x02,0xef,0xfd,
    0x00,0x00,0x00,0x00,0x00,0x0b,0xfd,0xfd,0x00,0x00,0x00,0x00,0x00,0x6f,0x9a,0xfd,
    0x00,0x00,0x00,0x00,0x01,0xee,0x1a,0xfd,0x00,0x00,0x00,0x00,0x0a,0xf5,0x0a,0xfd,
    0x00,0x00,0x00,0x00,0x5f,0xb0,0x0a,0xfd,0x00,0x00,0x00,0x01,0xef,0x20,0x0a,0xfd,
    0x00,0x00,0x00,0x0a,0xf8,0x00,0x0a,0xfd,0x00,0x00,0x00,0x5f,0xd0,0x00,0x0a,0xfd,
    0x00,0x00,0x01,0xdf,0x40,0x00,0x0a,0xfd,0x00,0x00,0x09,0xfa,0x00,0x00,0x0a,0xfd,
    0x00,0x00,0x0b,0xff,0xff,0xff,0xff,0xff,0xff,0x60,0x0b,0xff,0xff,0xff,0xff,0xff,
    0xff,0x60,0x00,0x00,0x00,0x00,0x0a,0xfd,0x00,0x00,0x00,0x00,0x00,0x00,0x0a,0xfd,
    0x00,0x00,0x00,0x00,0x00,0x00,0x0a,0xfd,0x00,0x00,0x00,0x00,0x00,0x00,0x0a,0xfd,
    0x00,0x00,0x00,0x00,0x00,0x00,0x0a,0xfd,0x00,0x00,0x00,0x00,0x00,0x00,0x00,0x00,
    0x00,0x00,0x00,0x00,0x00,0x00,0x00,0x00,0x00,0x00,0x00,0x00,0x00,0x00,0x00,0x00,
    0x00,0x00,0x00,0x00,0x00,0x00,0x00,0x00,0x00,0x00,0x00,0x00,0x00,0x00,0x00,0x00,
    0x00,0x00,0x00,0x00,0x00,0x00,0x00,0x00,0x00,0x00,0x00,0x00,0x00,0x00,0x00,0x00,
    0x00,0x00,0x00,0x00,0x00,0x00,0x00,0x00,0x00,0x00,0x00,0x00,0x00,0x00,0x00,0x00,
    0x00,0x00,0x00,0x00,0x00,0x00,0x00,0x00,0x00,0x00,0x00,0x00,0x00,0x00,0x00,0x00,
    0x00,0x00,0x00,0x00,0x00,0x00,0x00,0x00,0x00,0x00,0x00,0x00,0x00,0x00,0x00,0x00,
    0x00,0x00,0x00,0x00,0x00,0x00,0x00,0x00,0x00,0x00,0x00,0x00,0x00,0x00,0x00,0x00,
    0x00,0x00,0x00,0x00,0x00,0x00,0x00,0x00,0x00,0x00,0x00,0x00,0x00,0x00,0x00,0x00,
    0x00,0x00,0x00,0x6f,0xff,0xff,0xff,0xff,0x30,0x00,0x00,0x6f,0xff,0xff,0xff,0xff,
    0x30,0x00,0x00,0x6f,0xf0,0x00,0x00,0x00,0x00,0x00,0x00,0x6f,0xf0,0x00,0x00,0x00,
    0x00,0x00,0x00,0x6f,0xf0,0x00,0x00,0x00,0x00,0x00,0x00,0x6f,0xf0,0x00,0x00,0x00,
    0x00,0x00,0x00,0x6f,0xfc,0xef,0xda,0x30,0x00,0x00,0x00,0x6f,0xff,0xff,0xff,0xf8,
    0x00,0x00,0x00,0x5a,0x42,0x01,0x6d,0xff,0x60,0x00,0x00,0x00,0x00,0x00,0x01,0xdf,
    0xe1,0x00,0x00,0x00,0x00,0x00,0x00,0x6f,0xf5,0x00,0x00,0x00,0x00,0x00,0x00,0x1f,
    0xf8,0x00,0x00,0x00,0x00,0x00,0x00,0x0f,0xf8,0x00,0x00,0x00,0x00,0x00,0x00,0x1f,
    0xf7,0x00,0x00,0x00,0x00,0x00,0x00,0x5f,0xf5,0x00,0x00,0x00,0x00,0x00,0x01,0xdf,
    0xe1,0x00,0x03,0xc7,0x32,0x01,0x5d,0xff,0x60,0x00,0x03,0xff,0xff,0xff,0xff,0xf7,
    0x00,0x00,0x00,0x49,0xcd,0xfe,0xd9,0x20,0x00,0x00,0x00,0x00,0x00,0x00,0x00,0x00,
    0x00,0x00,0x00,0x00,0x00,0x00,0x00,0x00,0x00,0x00,0x00,0x00,0x00,0x00,0x00,0x00,
    0x00,0x00,0x00,0x00,0x00,0x00,0x00,0x00,0x00,0x00,0x00,0x00,0x00,0x00,0x00,0x00,
    0x00,0x00,0x00,0x00,0x00,0x00,0x00,0x00,0x00,0x00,0x00,0x00,0x00,0x00,0x00,0x00,
    0x00,0x00,0x00,0x00,0x00,0x00,0x00,0x00,0x00,0x00,0x00,0x00,0x00,0x00,0x00,0x00,
    0x00,0x00,0x00,0x00,0x00,0x00,0x00,0x00,0x00,0x00,0x00,0x00,0x00,0x00,0x00,0x00,
    0x00,0x00,0x00,0x00,0x00,0x00,0x00,0x00,0x00,0x00,0x00,0x00,0x00,0x00,0x00,0x00,
    0x00,0x00,0x00,0x00,0x00,0x00,0x00,0x00,0x00,0x00,0x00,0x00,0x00,0x00,0x00,0x00,
    0x00,0x00,0x00,0x00,0x00,0x00,0x00,0x00,0x00,0x00,0x00,0x00,0x00,0x00,0x00,0x00,
    0x00,0x00,0x00,0x00,0x03,0x9d,0xee,0xc7,0x10,0x00,0x00,0x00,0x8f,0xff,0xff,0xff,
    0x90,0x00,0x00,0x07,0xff,0xb4,0x10,0x38,0x80,0x00,0x00,0x2f,0xfa,0x00,0x00,0x00,
    0x00,0x00,0x00,0x8f,0xe1,0x00,0x00,0x00,0x00,0x00,0x00,0xdf,0x90,0x00,0x00,0x00,
    0x00,0x00,0x01,0xff,0x50,0x00,0x00,0x00,0x00,0x00,0x03,0xff,0x32,0xae,0xfd,0x93,
    0x00,0x00,0x04,0xff,0x5e,0xff,0xff,0xff,0x50,0x00,0x05,0xff,0xed,0x51,0x14,0xdf,
    0xf2,0x00,0x04,0xff,0xf3,0x00,0x00,0x3f,0xf9,0x00,0x03,0xff,0xb0,0x00,0x00,0x0b,
    0xfc,0x00,0x02,0xff,0x90,0x00,0x00,0x09,0xfe,0x00,0x00,0xef,0x90,0x00,0x00,0x09,
    0xfe,0x00,0x00,0xbf,0xb0,0x00,0x00,0x0b,0xfc,0x00,0x00,0x6f,0xf3,0x00,0x00,0x3f,
    0xf8,0x00,0x00,0x0d,0xfd,0x51,0x15,0xdf,0xe2,0x00,0x00,0x02,0xef,0xff,0xff,0xff,
    0x50,0x00,0x00,0x00,0x18,0xce,0xfd,0x92,0x00,0x00,0x00,0x00,0x00,0x00,0x00,0x00,
    0x00,0x00,0x00,0x00,0x00,0x00,0x00,0x00,0x00,0x00,0x00,0x00,0x00,0x00,0x00,0x00,
    0x00,0x00,0x00,0x00,0x00,0x00,0x00,0x00,0x00,0x00,0x00,0x00,0x00,0x00,0x00,0x00,
    0x00,0x00,0x00,0x00,0x00,0x00,0x00,0x00,0x00,0x00,0x00,0x00,0x00,0x00,0x00,0x00,
    0x00,0x00,0x00,0x00,0x00,0x00,0x00,0x00,0x00,0x00,0x00,0x00,0x00,0x00,0x00,0x00,
    0x00,0x00,0x00,0x00,0x00,0x00,0x00,0x00,0x00,0x00,0x00,0x00,0x00,0x00,0x00,0x00,
    0x00,0x00,0x00,0x00,0x00,0x00,0x00,0x00,0x00,0x00,0x00,0x00,0x00,0x00,0x00,0x00,
    0x00,0x00,0x00,0x00,0x00,0x00,0x00,0x00,0x00,0x00,0x00,0x00,0x00,0x00,0x00,0x00,
    0x00,0x00,0x00,0x00,0x00,0x00,0x00,0x00,0x00,0x00,0x00,0x00,0x00,0x00,0x00,0x00,
    0x00,0x00,0x04,0xff,0xff,0xff,0xff,0xff,0xfb,0x00,0x04,0xff,0xff,0xff,0xff,0xff,
    0xf8,0x00,0x00,0x00,0x00,0x00,0x00,0x5f,0xf3,0x00,0x00,0x00,0x00,0x00,0x00,0xbf,
    0xc0,0x00,0x00,0x00,0x00,0x00,0x02,0xff,0x60,0x00,0x00,0x00,0x00,0x00,0x08,0xff,
    0x10,0x00,0x00,0x00,0x00,0x00,0x0d,0xfa,0x00,0x00,0x00,0x00,0x00,0x00,0x4f,0xf4,
    0x00,0x00,0x00,0x00,0x00,0x00,0xaf,0xd0,0x00,0x00,0x00,0x00,0x00,0x01,0xff,0x80,
    0x00,0x00,0x00,0x00,0x00,0x07,0xff,0x20,0x00,0x00,0x00,0x00,0x00,0x0d,0xfb,0x00,
    0x00,0x00,0x00,0x00,0x00,0x4f,0xf6,0x00,0x00,0x00,0x00,0x00,0x00,0x9f,0xe1,0x00,
    0x00,0x00,0x00,0x00,0x01,0xef,0x90,0x00,0x00,0x00,0x00,0x00,0x06,0xff,0x40,0x00,
    0x00,0x00,0x00,0x00,0x0c,0xfd,0x00,0x00,0x00,0x00,0x00,0x00,0x3f,0xf7,0x00,0x00,
    0x00,0x00,0x00,0x00,0x9f,0xf2,0x00,0x00,0x00,0x00,0x00,0x00,0x00,0x00,0x00,0x00,
    0x00,0x00,0x00,0x00,0x00,0x00,0x00,0x00,0x00,0x00,0x00,0x00,0x00,0x00,0x00,0x00,
    0x00,0x00,0x00,0x00,0x00,0x00,0x00,0x00,0x00,0x00,0x00,0x00,0x00,0x00,0x00,0x00,
    0x00,0x00,0x00,0x00,0x00,0x00,0x00,0x00,0x00,0x00,0x00,0x00,0x00,0x00,0x00,0x00,
    0x00,0x00,0x00,0x00,0x00,0x00,0x00,0x00,0x00,0x00,0x00,0x00,0x00,0x00,0x00,0x00,
    0x00,0x00,0x00,0x00,0x00,0x00,0x00,0x00,0x00,0x00,0x00,0x00,0x00,0x00,0x00,0x00,
    0x00,0x00,0x00,0x00,0x00,0x00,0x00,0x00,0x00,0x00,0x00,0x00,0x00,0x00,0x00,0x00,
    0x00,0x00,0x00,0x00,0x00,0x00,0x00,0x00,0x00,0x00,0x00,0x00,0x00,0x00,0x00,0x00,
    0x00,0x00,0x00,0x00,0x00,0x00,0x00,0x00,0x00,0x00,0x00,0x00,0x00,0x00,0x00,0x00,
    0x00,0x00,0x00,0x00,0x4a,0xdf,0xec,0x82,0x00,0x00,0x00,0x08,0xff,0xff,0xff,0xfe,
    0x40,0x00,0x00,0x5f,0xfc,0x41,0x16,0xef,0xe1,0x00,0x00,0xbf,0xe1,0x00,0x00,0x6f,
    0xf6,0x00,0x00,0xdf,0xb0,0x00,0x00,0x1f,0xf8,0x00,0x00,0xcf,0xb0,0x00,0x00,0x1f,
    0xf6,0x00,0x00,0x7f,0xe1,0x00,0x00,0x5f,0xf2,0x00,0x00,0x1c,0xfc,0x31,0x16,0xef,
    0x70,0x00,0x00,0x01,0x7e,0xff,0xff,0xc5,0x00,0x00,0x00,0x02,0xaf,0xff,0xff,0xd8,
    0x00,0x00,0x00,0x4e,0xfb,0x31,0x25,0xef,0xc1,0x00,0x00,0xdf,0xc0,0x00,0x00,0x3f,
    0xf8,0x00,0x03,0xff,0x60,0x00,0x00,0x0b,0xfd,0x00,0x05,0xff,0x40,0x00,0x00,0x0a,
    0xfe,0x00,0x04,0xff,0x60,0x00,0x00,0x0b,0xfe,0x00,0x01,0xff,0xc0,0x00,0x00,0x3f,
    0xfb,0x00,0x00,0x9f,0xfb,0x31,0x15,0xdf,0xf4,0x00,0x00,0x1b,0xff,0xff,0xff,0xff,
    0x60,0x00,0x00,0x00,0x5b,0xef,0xed,0x93,0x00,0x00,0x00,0x00,0x00,0x00,0x00,0x00,
    0x00,0x00,0x00,0x00,0x00,0x00,0x00,0x00,0x00,0x00,0x00,0x00,0x00,0x00,0x00,0x00,
    0x00,0x00,0x00,0x00,0x00,0x00,0x00,0x00,0x00,0x00,0x00,0x00,0x00,0x00,0x00,0x00,
    0x00,0x00,0x00,0x00,0x00,0x00,0x00,0x00,0x00,0x00,0x00,0x00,0x00,0x00,0x00,0x00,
    0x00,0x00,0x00,0x00,0x00,0x00,0x00,0x00,0x00,0x00,0x00,0x00,0x00,0x00,0x00,0x00,
    0x00,0x00,0x00,0x00,0x00,0x00,0x00,0x00,0x00,0x00,0x00,0x00,0x00,0x00,0x00,0x00,
    0x00,0x00,0x00,0x00,0x00,0x00,0x00,0x00,0x00,0x00,0x00,0x00,0x00,0x00,0x00,0x00,
    0x00,0x00,0x00,0x00,0x00,0x00,0x00,0x00,0x00,0x00,0x00,0x00,0x00,0x00,0x00,0x00,
    0x00,0x00,0x00,0x00,0x00,0x00,0x00,0x00,0x00,0x00,0x00,0x00,0x00,0x00,0x00,0x00,
    0x00,0x00,0x00,0x00,0x5b,0xef,0xeb,0x50,0x00,0x00,0x00,0x0b,0xff,0xff,0xff,0xf9,
    0x00,0x00,0x00,0x8f,0xf9,0x20,0x28,0xff,0x60,0x00,0x01,0xef,0xb0,0x00,0x00,0x9f,
    0xe0,0x00,0x04,0xff,0x50,0x00,0x00,0x2f,0xf4,0x00,0x05,0xff,0x30,0x00,0x00,0x0f,
    0xf8,0x00,0x05,0xff,0x30,0x00,0x00,0x0f,0xfa,0x00,0x04,0xff,0x50,0x00,0x00,0x2f,
    0xfc,0x00,0x01,0xef,0xb0,0x00,0x00,0x9f,0xfd,0x00,0x00,0x8f,0xfa,0x30,0x28,0xfe,
    0xfd,0x00,0x00,0x0b,0xff,0xff,0xff,0xb8,0xfd,0x00,0x00,0x00,0x6b,0xef,0xd7,0x09,
    0xfc,0x00,0x00,0x00,0x00,0x00,0x00,0x0c,0xf9,0x00,0x00,0x00,0x00,0x00,0x00,0x1f,
    0xf6,0x00,0x00,0x00,0x00,0x00,0x00,0x6f,0xf2,0x00,0x00,0x00,0x00,0x00,0x02,0xef,
    0xa0,0x00,0x00,0x0c,0x52,0x02,0x6e,0xfe,0x20,0x00,0x00,0x0f,0xff,0xff,0xff,0xd3,
    0x00,0x00,0x00,0x03,0x9d,0xfe,0xc7,0x10,0x00,0x00,0x00,0x00,0x00,0x00,0x00,0x00,
    0x00,0x00,0x00,0x00,0x00,0x00,0x00,0x00,0x00,0x00,0x00,0x00,0x00,0x00,0x00,0x00,
    0x00,0x00,0x00,0x00,0x00,0x00,0x00,0x00,0x00,0x00,0x00,0x00,0x00,0x00,0x00,0x00,
    0x00,0x00,0x00,0x00,0x00,0x00,0x00,0x00,0x00,0x00,0x00,0x00,0x00,0x00,0x00,0x00,
    0x00,0x00,0x00,0x00,0x00,0x00,0x00,0x00,0x00,0x00,0x00,0x00,0x00,0x00,0x00,0x00,
    0x00,0x00,0x00,0x00,0x00,0x00,0x00,0x00,0x00,0x00,0x00,0x00,0x00,0x00,0x00,0x00,
    0x00,0x00,0x00,0x00,0x00,0x00,0x00,0x00,0x00,0x00,0x00,0x00,0x00,0x00,0x00,0x00,
    0x00,0x00,0x00,0x00,0x00,0x00,0x00,0x00,0x00,0x00,0x00,0x00,0x00,0x00,0x00,0x00,
    0x00,0x00,0x00,0x00,0x00,0x00,0x00,0x00,0x00,0x00,0x00,0x00,0x00,0x00,0x00,0x00,
    0x00,0x00,0x00,0x00,0x00,0x00,0x00,0x00,0x00,0x00,0x00,0x00,0x00,0x00,0x00,0x00,
    0x00,0x00,0x00,0x00,0x00,0x00,0x00,0x00,0x00,0x00,0x00,0x00,0x00,0x00,0x00,0x00,
    0x00,0x00,0x00,0x00,0x00,0x00,0x00,0x00,0x00,0x00,0x00,0x00,0x00,0x00,0x00,0x00,
    0x00,0x00,0x00,0x00,0x00,0xcf,0xf6,0x00,0x00,0x00,0x00,0x00,0x00,0xcf,0xf6,0x00,
    0x00,0x00,0x00,0x00,0x00,0xcf,0xf6,0x00,0x00,0x00,0x00,0x00,0x00,0xcf,0xf6,0x00,
    0x00,0x00,0x00,0x00,0x00,0x00,0x00,0x00,0x00,0x00,0x00,0x00,0x00,0x00,0x00,0x00,
    0x00,0x00,0x00,0x00,0x00,0x00,0x00,0x00,0x00,0x00,0x00,0x00,0x00,0x00,0x00,0x00,
    0x00,0x00,0x00,0x00,0x00,0x00,0x00,0x00,0x00,0x00,0x00,0x00,0x00,0xcf,0xf6,0x00,
    0x00,0x00,0x00,0x00,0x00,0xcf,0xf6,0x00,0x00,0x00,0x00,0x00,0x00,0xcf,0xf6,0x00,
    0x00,0x00,0x00,0x00,0x00,0xcf,0xf6,0x00,0x00,0x00,0x00,0x00,0x00,0x00,0x00,0x00,
    0x00,0x00,0x00,0x00,0x00,0x00,0x00,0x00,0x00,0x00,0x00,0x00,0x00,0x00,0x00,0x00,
    0x00,0x00,0x00,0x00,0x00,0x00,0x00,0x00,0x00,0x00,0x00,0x00,0x00,0x00,0x00,0x00,
    0x00,0x00,0x00,0x00,0x00,0x00,0x00,0x00,0x00,0x00,0x00,0x00,0x00,0x00,0x00,0x00,
    0x00,0x00,0x00,0x00,0x00,0x00,0x00,0x00,0x00,0x00,0x00,0x00,0x00,0x00,0x00,0x00,
    0x00,0x00,0x00,0x00,0x00,0x00,0x00,0x00,0x00,0x00,0x00,0x00,0x00,0x00,0x00,0x00,
    0x00,0x00,0x00,0x00,0x00,0x00,0x00,0x00,0x00,0x00,0x00,0x00,0x00,0x00,0x00,0x00,
    0x00,0x00,0x00,0x00,0x00,0x00,0x00,0x00,0x00,0x00,0x00,0x00,0x00,0x00,0x00,0x00,
    0x00,0x00,0x00,0x00,0x00,0x00,0x00,0x00,0x00,0x00,0x00,0x00,0x00,0x00,0x00,0x00,
    0x00,0x00,0x00,0x00,0x00,0x00,0x00,0x00,0x00,0x00,0x00,0x00,0x00,0x00,0x00,0x00,
    0x00,0x00,0x00,0x00,0x00,0x00,0x00,0x00,0x00,0x00,0x00,0x00,0x00,0x00,0x00,0x00,
    0x00,0x00,0x00,0x00,0x00,0x00,0x00,0x00,0x00,0x00,0x00,0x00,0x00,0x00,0x00,0x00,
    0x00,0x00,0x00,0x00,0x00,0xcf,0xf6,0x00,0x00,0x00,0x00,0x00,0x00,0xcf,0xf6,0x00,
    0x00,0x00,0x00,0x00,0x00,0xcf,0xf6,0x00,0x00,0x00,0x00,0x00,0x00,0xcf,0xf6,0x00,
    0x00,0x00,0x00,0x00,0x00,0x00,0x00,0x00,0x00,0x00,0x00,0x00,0x00,0x00,0x00,0x00,
    0x00,0x00,0x00,0x00,0x00,0x00,0x00,0x00,0x00,0x00,0x00,0x00,0x00,0x00,0x00,0x00,
    0x00,0x00,0x00,0x00,0x00,0x00,0x00,0x00,0x00,0x00,0x00,0x00,0x00,0x9f,0xf9,0x00,
    0x00,0x00,0x00,0x00,0x00,0x9f,0xf9,0x00,0x00,0x00,0x00,0x00,0x00,0xaf,0xf7,0x00,
    0x00,0x00,0x00,0x00,0x00,0xef,0xe1,0x00,0x00,0x00,0x00,0x00,0x03,0xff,0x70,0x00,
    0x00,0x00,0x00,0x00,0x07,0xfd,0x00,0x00,0x00,0x00,0x00,0x00,0x0b,0xf5,0x00,0x00,
    0x00,0x00,0x00,0x00,0x00,0x00,0x00,0x00,0x00,0x00,0x00,0x00,0x00,0x00,0x00,0x00,
    0x00,0x00,0x00,0x00,0x00,0x00,0x00,0x00,0x00,0x00,0x00,0x00,0x00,0x00,0x00,0x00,
    0x00,0x00,0x00,0x00,0x00,0x00,0x00,0x00,0x00,0x00,0x00,0x00,0x00,0x00,0x00,0x00,
    0x00,0x00,0x00,0x00,0x00,0x00,0x00,0x00,0x00,0x00,0x00,0x00,0x00,0x00,0x00,0x00,
    0x00,0x00,0x00,0x00,0x00,0x00,0x00,0x00,0x00,0x00,0x00,0x00,0x00,0x00,0x00,0x00,
    0x00,0x00,0x00,0x00,0x00,0x00,0x00,0x00,0x00,0x00,0x00,0x00,0x00,0x00,0x00,0x00,
    0x00,0x00,0x00,0x00,0x00,0x00,0x00,0x00,0x00,0x00,0x00,0x00,0x00,0x00,0x00,0x00,
    0x00,0x00,0x00,0x00,0x00,0x00,0x00,0x00,0x00,0x00,0x00,0x00,0x00,0x00,0x00,0x00,
    0x00,0x00,0x00,0x00,0x00,0x00,0x00,0x00,0x00,0x00,0x00,0x00,0x00,0x00,0x00,0x00,
    0x00,0x00,0x00,0x00,0x00,0x00,0x00,0x00,0x39,0x70,0x00,0x00,0x00,0x00,0x00,0x6c,
    0xff,0x80,0x00,0x00,0x00,0x02,0x8e,0xff,0xfb,0x40,0x00,0x00,0x05,0xbf,0xff,0xe8,
    0x20,0x00,0x00,0x28,0xef,0xff,0xa5,0x00,0x00,0x00,0x0a,0xff,0xfd,0x71,0x00,0x00,
    0x00,0x00,0x0d,0xff,0x60,0x00,0x00,0x00,0x00,0x00,0x0a,0xff,0xfc,0x71,0x00,0x00,
    0x00,0x00,0x00,0x28,0xef,0xff,0xa4,0x00,0x00,0x00,0x00,0x00,0x05,0xbf,0xff,0xd8,
    0x20,0x00,0x00,0x00,0x00,0x02,0x8e,0xff,0xfc,0x40,0x00,0x00,0x00,0x00,0x00,0x6c,
    0xff,0x80,0x00,0x00,0x00,0x00,0x00,0x00,0x39,0x70,0x00,0x00,0x00,0x00,0x00,0x00,
    0x00,0x00,0x00,0x00,0x00,0x00,0x00,0x00,0x00,0x00,0x00,0x00,0x00,0x00,0x00,0x00,
    0x00,0x00,0x00,0x00,0x00,0x00,0x00,0x00,0x00,0x00,0x00,0x00,0x00,0x00,0x00,0x00,
    0x00,0x00,0x00,0x00,0x00,0x00,0x00,0x00,0x00,0x00,0x00,0x00,0x00,0x00,0x00,0x00,
    0x00,0x00,0x00,0x00,0x00,0x00,0x00,0x00,0x00,0x00,0x00,0x00,0x00,0x00,0x00,0x00,
    0x00,0x00,0x00,0x00,0x00,0x00,0x00,0x00,0x00,0x00,0x00,0x00,0x00,0x00,0x00,0x00,
    0x00,0x00,0x00,0x00,0x00,0x00,0x00,0x00,0x00,0x00,0x00,0x00,0x00,0x00,0x00,0x00,
    0x00,0x00,0x00,0x00,0x00,0x00,0x00,0x00,0x00,0x00,0x00,0x00,0x00,0x00,0x00,0x00,
    0x00,0x00,0x00,0x00,0x00,0x00,0x00,0x00,0x00,0x00,0x00,0x00,0x00,0x00,0x00,0x00,
    0x00,0x00,0x00,0x00,0x00,0x00,0x00,0x00,0x00,0x00,0x00,0x00,0x00,0x00,0x00,0x00,
    0x00,0x00,0x00,0x00,0x00,0x00,0x00,0x00,0x00,0x00,0x00,0x00,0x00,0x00,0x00,0x00,
    0x00,0x00,0x00,0x00,0x00,0x00,0x00,0x00,0x00,0x00,0x00,0x00,0x00,0x00,0x00,0x00,
    0x00,0x00,0x00,0x00,0x00,0x00,0x00,0x00,0x00,0x00,0x00,0x00,0x00,0x00,0x00,0x00,
    0x00,0x00,0x00,0x00,0x00,0x00,0x00,0x00,0x00,0x00,0x0d,0xff,0xff,0xff,0xff,0xff,
    0xff,0x80,0x0d,0xff,0xff,0xff,0xff,0xff,0xff,0x80,0x00,0x00,0x00,0x00,0x00,0x00,
    0x00,0x00,0x00,0x00,0x00,0x00,0x00,0x00,0x00,0x00,0x00,0x00,0x00,0x00,0x00,0x00,
    0x00,0x00,0x0d,0xff,0xff,0xff,0xff,0xff,0xff,0x80,0x0d,0xff,0xff,0xff,0xff,0xff,
    0xff,0x80,0x00,0x00,0x00,0x00,0x00,0x00,0x00,0x00,0x00,0x00,0x00,0x00,0x00,0x00,
    0x00,0x00,0x00,0x00,0x00,0x00,0x00,0x00,0x00,0x00,0x00,0x00,0x00,0x00,0x00,0x00,
    0x00,0x00,0x00,0x00,0x00,0x00,0x00,0x00,0x00,0x00,0x00,0x00,0x00,0x00,0x00,0x00,
    0x00,0x00,0x00,0x00,0x00,0x00,0x00,0x00,0x00,0x00,0x00,0x00,0x00,0x00,0x00,0x00,
    0x00,0x00,0x00,0x00,0x00,0x00,0x00,0x00,0x00,0x00,0x00,0x00,0x00,0x00,0x00,0x00,
    0x00,0x00,0x00,0x00,0x00,0x00,0x00,0x00,0x00,0x00,0x00,0x00,0x00,0x00,0x00,0x00,
    0x00,0x00,0x00,0x00,0x00,0x00,0x00,0x00,0x00,0x00,0x00,0x00,0x00,0x00,0x00,0x00,
    0x00,0x00,0x00,0x00,0x00,0x00,0x00,0x00,0x00,0x00,0x00,0x00,0x00,0x00,0x00,0x00,
    0x00,0x00,0x00,0x00,0x00,0x00,0x00,0x00,0x00,0x00,0x00,0x00,0x00,0x00,0x00,0x00,
    0x00,0x00,0x00,0x00,0x00,0x00,0x00,0x00,0x00,0x00,0x00,0x00,0x00,0x00,0x00,0x00,
    0x00,0x00,0x00,0x00,0x00,0x00,0x00,0x00,0x00,0x00,0x00,0x00,0x00,0x00,0x00,0x00,
    0x00,0x00,0x00,0x00,0x00,0x00,0x00,0x00,0x00,0x00,0x00,0x00,0x00,0x00,0x00,0x00,
    0x00,0x00,0x00,0x00,0x00,0x00,0x00,0x00,0x00,0x00,0x00,0x00,0x00,0x00,0x00,0x00,
    0x00,0x00,0x0b,0x71,0x00,0x00,0x00,0x00,0x00,0x00,0x0d,0xff,0xa3,0x00,0x00,0x00,
    0x00,0x00,0x07,0xdf,0xff,0xc6,0x10,0x00,0x00,0x00,0x00,0x04,0xaf,0xff,0xe9,0x30,
    0x00,0x00,0x00,0x00,0x01,0x7c,0xff,0xfc,0x61,0x00,0x00,0x00,0x00,0x00,0x39,0xef,
    0xfe,0x50,0x00,0x00,0x00,0x00,0x00,0x1a,0xff,0x80,0x00,0x00,0x00,0x00,0x38,0xef,
    0xfe,0x50,0x00,0x00,0x01,0x6c,0xff,0xfc,0x61,0x00,0x00,0x04,0xaf,0xff,0xe9,0x30,
    0x00,0x00,0x07,0xdf,0xff,0xc6,0x10,0x00,0x00,0x00,0x0d,0xff,0xa3,0x00,0x00,0x00,
    0x00,0x00,0x0b,0x71,0x00,0x00,0x00,0x00,0x00,0x00,0x00,0x00,0x00,0x00,0x00,0x00,
    0x00,0x00,0x00,0x00,0x00,0x00,0x00,0x00,0x00,0x00,0x00,0x00,0x00,0x00,0x00,0x00,
    0x00,0x00,0x00,0x00,0x00,0x00,0x00,0x00,0x00,0x00,0x00,0x00,0x00,0x00,0x00,0x00,
    0x00,0x00,0x00,0x00,0x00,0x00,0x00,0x00,0x00,0x00,0x00,0x00,0x00,0x00,0x00,0x00,
    0x00,0x00,0x00,0x00,0x00,0x00,0x00,0x00,0x00,0x00,0x00,0x00,0x00,0x00,0x00,0x00,
    0x00,0x00,0x00,0x00,0x00,0x00,0x00,0x00,0x00,0x00,0x00,0x00,0x00,0x00,0x00,0x00,
    0x00,0x00,0x00,0x00,0x00,0x00,0x00,0x00,0x00,0x00,0x00,0x00,0x00,0x00,0x00,0x00,
    0x00,0x00,0x00,0x00,0x00,0x00,0x00,0x00,0x00,0x00,0x00,0x00,0x00,0x00,0x00,0x00,
    0x00,0x00,0x00,0x00,0x00,0x00,0x00,0x00,0x00,0x00,0x00,0x00,0x00,0x00,0x00,0x00,
    0x00,0x00,0x00,0x00,0x00,0x00,0x00,0x00,0x00,0x00,0x00,0x00,0x00,0x00,0x00,0x00,
    0x00,0x00,0x00,0x00,0x17,0xce,0xfd,0x81,0x00,0x00,0x00,0x05,0xef,0xff,0xff,0xfd,
    0x20,0x00,0x00,0x0e,0xe8,0x30,0x29,0xff,0xb0,0x00,0x00,0x09,0x10,0x00,0x00,0xaf,
    0xf1,0x00,0x00,0x00,0x00,0x00,0x00,0x6f,0xf3,0x00,0x00,0x00,0x00,0x00,0x00,0x8f,
    0xf1,0x00,0x00,0x00,0x00,0x00,0x03,0xff,0x90,0x00,0x00,0x00,0x00,0x00,0x3e,0xfc,
    0x10,0x00,0x00,0x00,0x00,0x03,0xef,0xd1,0x00,0x00,0x00,0x00,0x00,0x1e,0xfc,0x10,
    0x00,0x00,0x00,0x00,0x00,0x7f,0xe2,0x00,0x00,0x00,0x00,0x00,0x00,0xaf,0xc0,0x00,
    0x00,0x00,0x00,0x00,0x00,0xbf,0xa0,0x00,0x00,0x00,0x00,0x00,0x00,0xbf,0xa0,0x00,
    0x00,0x00,0x00,0x00,0x00,0x00,0x00,0x00,0x00,0x00,0x00,0x00,0x00,0x00,0x00,0x00,
    0x00,0x00,0x00,0x00,0x00,0xcf,0xc0,0x00,0x00,0x00,0x00,0x00,0x00,0xcf,0xc0,0x00,
    0x00,0x00,0x00,0x00,0x00,0xcf,0xc0,0x00,0x00,0x00,0x00,0x00,0x00,0x00,0x00,0x00,
    0x00,0x00,0x00,0x00,0x00,0x00,0x00,0x00,0x00,0x00,0x00,0x00,0x00,0x00,0x00,0x00,
    0x00,0x00,0x00,0x00,0x00,0x00,0x00,0x00,0x00,0x00,0x00,0x00,0x00,0x00,0x00,0x00,
    0x00,0x00,0x00,0x00,0x00,0x00,0x00,0x00,0x00,0x00,0x00,0x00,0x00,0x00,0x00,0x00,
    0x00,0x00,0x00,0x00,0x00,0x00,0x00,0x00,0x00,0x00,0x00,0x00,0x00,0x00,0x00,0x00,
    0x00,0x00,0x00,0x00,0x00,0x00,0x00,0x00,0x00,0x00,0x00,0x00,0x00,0x00,0x00,0x00,
    0x00,0x00,0x00,0x00,0x00,0x00,0x00,0x00,0x00,0x00,0x00,0x00,0x00,0x00,0x00,0x00,
    0x00,0x00,0x00,0x00,0x00,0x00,0x00,0x00,0x00,0x00,0x00,0x00,0x00,0x00,0x00,0x00,
    0x00,0x00,0x00,0x00,0x00,0x00,0x00,0x00,0x00,0x00,0x00,0x00,0x00,0x00,0x00,0x00,
    0x00,0x00,0x00,0x00,0x00,0x00,0x00,0x00,0x00,0x00,0x00,0x00,0x03,0x9d,0xee,0xc7,
    0x10,0x00,0x00,0x01,0x9f,0xff,0xff,0xff,0xd2,0x00,0x00,0x1b,0xfe,0x83,0x11,0x4c,
    0xfb,0x00,0x00,0x9f,0xd2,0x00,0x00,0x01,0xdf,0x40,0x04,0xfe,0x20,0x00,0x00,0x00,
    0x5f,0xa0,0x0a,0xf6,0x00,0x00,0x00,0x00,0x1f,0xd0,0x1f,0xe1,0x00,0x05,0xce,0xea,
    0x1e,0xe0,0x4f,0xa0,0x00,0x7f,0xff,0xff,0xde,0xe0,0x7f,0x70,0x03,0xff,0x82,0x15,
    0xdf,0xe0,0x9f,0x50,0x08,0xf9,0x00,0x00,0x3f,0xe0,0x9f,0x40,0x0b,0xf4,0x00,0x00,
    0x0e,0xe0,0x9f,0x40,0x0b,0xf4,0x00,0x00,0x0e,0xe0,0x8f,0x50,0x08,0xf9,0x00,0x00,
    0x3f,0xe0,0x7f,0x70,0x03,0xff,0x82,0x14,0xdf,0xe0,0x3f,0xb0,0x00,0x7f,0xff,0xff,
    0xde,0xe0,0x0e,0xf2,0x00,0x05,0xce,0xea,0x2d,0xe0,0x08,0xf9,0x00,0x00,0x00,0x00,
    0x00,0x00,0x02,0xef,0x50,0x00,0x00,0x00,0x00,0x00,0x00,0x6f,0xf6,0x00,0x00,0x00,
    0x00,0x00,0x00,0x07,0xff,0xc6,0x21,0x15,0xa0,0x00,0x00,0x00,0x5d,0xff,0xff,0xff,
    0xf1,0x00,0x00,0x00,0x00,0x5a,0xde,0xed,0x91,0x00,0x00,0x00,0x00,0x00,0x00,0x00,
    0x00,0x00,0x00,0x00,0x00,0x00,0x00,0x00,0x00,0x00,0x00,0x00,0x00,0x00,0x00,0x00,
    0x00,0x00,0x00,0x00,0x00,0x00,0x00,0x00,0x00,0x00,0x00,0x00,0x00,0x00,0x00,0x00,
    0x00,0x00,0x00,0x00,0x00,0x00,0x00,0x00,0x00,0x00,0x00,0x00,0x00,0x00,0x00,0x00,
    0x00,0x00,0x00,0x00,0x00,0x00,0x00,0x00,0x00,0x00,0x00,0x00,0x00,0x00,0x00,0x00,
    0x00,0x00,0x00,0x00,0x00,0x00,0x00,0x00,0x00,0x00,0x00,0x00,0x00,0x00,0x00,0x00,
    0x00,0x00,0x00,0x00,0x00,0x00,0x00,0x00,0x00,0x00,0x00,0x00,0x00,0x00,0x00,0x00,
    0x00,0x00,0x00,0x00,0x00,0xdf,0xf8,0x00,0x00,0x00,0x00,0x00,0x03,0xff,0xfd,0x00,
    0x00,0x00,0x00,0x00,0x08,0xfd,0xff,0x20,0x00,0x00,0x00,0x00,0x0c,0xf7,0xcf,0x70,
    0x00,0x00,0x00,0x00,0x2f,0xf3,0x8f,0xb0,0x00,0x00,0x00,0x00,0x6f,0xe0,0x4f,0xf1,
    0x00,0x00,0x00,0x00,0xbf,0xa0,0x0e,0xf5,0x00,0x00,0x00,0x01,0xff,0x50,0x0b,0xfa,
    0x00,0x00,0x00,0x05,0xff,0x10,0x07,0xfe,0x00,0x00,0x00,0x0a,0xfc,0x00,0x02,0xff,
    0x40,0x00,0x00,0x0e,0xf8,0x00,0x00,0xdf,0x90,0x00,0x00,0x4f,0xf4,0x00,0x00,0x9f,
    0xd0,0x00,0x00,0x8f,0xff,0xff,0xff,0xff,0xf3,0x00,0x00,0xdf,0xff,0xff,0xff,0xff,
    0xf8,0x00,0x02,0xff,0x50,0x00,0x00,0x0b,0xfc,0x00,0x07,0xff,0x10,0x00,0x00,0x07,
    0xff,0x20,0x0c,0xfc,0x00,0x00,0x00,0x02,0xff,0x60,0x1f,0xf8,0x00,0x00,0x00,0x00,
    0xdf,0xb0,0x6f,0xf4,0x00,0x00,0x00,0x00,0x9f,0xf1,0x00,0x00,0x00,0x00,0x00,0x00,
    0x00,0x00,0x00,0x00,0x00,0x00,0x00,0x00,0x00,0x00,0x00,0x00,0x00,0x00,0x00,0x00,
    0x00,0x00,0x00,0x00,0x00,0x00,0x00,0x00,0x00,0x00,0x00,0x00,0x00,0x00,0x00,0x00,
    0x00,0x00,0x00,0x00,0x00,0x00,0x00,0x00,0x00,0x00,0x00,0x00,0x00,0x00,0x00,0x00,
    0x00,0x00,0x00,0x00,0x00,0x00,0x00,0x00,0x00,0x00,0x00,0x00,0x00,0x00,0x00,0x00,
    0x00,0x00,0x00,0x00,0x00,0x00,0x00,0x00,0x00,0x00,0x00,0x00,0x00,0x00,0x00,0x00,
    0x00,0x00,0x00,0x00,0x00,0x00,0x00,0x00,0x00,0x00,0x00,0x00,0x00,0x00,0x00,0x00,
    0x00,0x00,0x00,0x00,0x00,0x00,0x00,0x00,0x00,0x00,0x00,0x00,0x00,0x00,0x00,0x00,
    0x00,0x00,0x00,0x00,0x00,0x00,0x00,0x00,0x00,0x00,0x00,0x00,0x00,0x00,0x00,0x00,
    0x00,0x00,0x00,0xdf,0xff,0xff,0xed,0x93,0x00,0x00,0x00,0xdf,0xff,0xff,0xff,0xff,
    0x60,0x00,0x00,0xdf,0xa0,0x00,0x14,0xcf,0xf3,0x00,0x00,0xdf,0xa0,0x00,0x00,0x2f,
    0xf9,0x00,0x00,0xdf,0xa0,0x00,0x00,0x0d,0xfb,0x00,0x00,0xdf,0xa0,0x00,0x00,0x0e,
    0xfb,0x00,0x00,0xdf,0xa0,0x00,0x00,0x3f,0xf8,0x00,0x00,0xdf,0xa0,0x00,0x14,0xdf,
    0xe1,0x00,0x00,0xdf,0xff,0xff,0xff,0xe9,0x20,0x00,0x00,0xdf,0xff,0xff,0xff,0xfb,
    0x40,0x00,0x00,0xdf,0xa0,0x00,0x13,0xaf,0xf5,0x00,0x00,0xdf,0xa0,0x00,0x00,0x0b,
    0xfe,0x00,0x00,0xdf,0xa0,0x00,0x00,0x05,0xff,0x40,0x00,0xdf,0xa0,0x00,0x00,0x03,
    0xff,0x60,0x00,0xdf,0xa0,0x00,0x00,0x04,0xff,0x60,0x00,0xdf,0xa0,0x00,0x00,0x09,
    0xff,0x30,0x00,0xdf,0xa0,0x00,0x13,0x8f,0xfb,0x00,0x00,0xdf,0xff,0xff,0xff,0xff,
    0xc2,0x00,0x00,0xdf,0xff,0xff,0xed,0xa6,0x00,0x00,0x00,0x00,0x00,0x00,0x00,0x00,
    0x00,0x00,0x00,0x00,0x00,0x00,0x00,0x00,0x00,0x00,0x00,0x00,0x00,0x00,0x00,0x00,
    0x00,0x00,0x00,0x00,0x00,0x00,0x00,0x00,0x00,0x00,0x00,0x00,0x00,0x00,0x00,0x00,
    0x00,0x00,0x00,0x00,0x00,0x00,0x00,0x00,0x00,0x00,0x00,0x00,0x00,0x00,0x00,0x00,
    0x00,0x00,0x00,0x00,0x00,0x00,0x00,0x00,0x00,0x00,0x00,0x00,0x00,0x00,0x00,0x00,
    0x00,0x00,0x00,0x00,0x00,0x00,0x00,0x00,0x00,0x00,0x00,0x00,0x00,0x00,0x00,0x00,
    0x00,0x00,0x00,0x00,0x00,0x00,0x00,0x00,0x00,0x00,0x00,0x00,0x00,0x00,0x00,0x00,
    0x00,0x00,0x00,0x00,0x00,0x00,0x00,0x00,0x00,0x00,0x00,0x00,0x00,0x00,0x00,0x00,
    0x00,0x00,0x00,0x00,0x00,0x00,0x00,0x00,0x00,0x00,0x00,0x00,0x00,0x00,0x00,0x00,
    0x00,0x00,0x00,0x00,0x01,0x7b,0xef,0xdb,0x61,0x00,0x00,0x00,0x4d,0xff,0xff,0xff,
    0xf9,0x00,0x00,0x03,0xef,0xe6,0x20,0x27,0xe9,0x00,0x00,0x0c,0xfd,0x20,0x00,0x00,
    0x27,0x00,0x00,0x5f,0xf5,0x00,0x00,0x00,0x00,0x00,0x00,0xbf,0xe0,0x00,0x00,0x00,
    0x00,0x00,0x00,0xef,0xb0,0x00,0x00,0x00,0x00,0x00,0x02,0xff,0x80,0x00,0x00,0x00,
    0x00,0x00,0x03,0xff,0x70,0x00,0x00,0x00,0x00,0x00,0x03,0xff,0x70,0x00,0x00,0x00,
    0x00,0x00,0x03,0xff,0x70,0x00,0x00,0x00,0x00,0x00,0x02,0xff,0x80,0x00,0x00,0x00,
    0x00,0x00,0x00,0xef,0xb0,0x00,0x00,0x00,0x00,0x00,0x00,0xbf,0xe0,0x00,0x00,0x00,
    0x00,0x00,0x00,0x5f,0xf5,0x00,0x00,0x00,0x00,0x00,0x00,0x0d,0xfd,0x10,0x00,0x00,
    0x27,0x00,0x00,0x03,0xef,0xd6,0x10,0x27,0xe9,0x00,0x00,0x00,0x4e,0xff,0xff,0xff,
    0xf9,0x00,0x00,0x00,0x01,0x7c,0xef,0xdb,0x61,0x00,0x00,0x00,0x00,0x00,0x00,0x00,
    0x00,0x00,0x00,0x00,0x00,0x00,0x00,0x00,0x00,0x00,0x00,0x00,0x00,0x00,0x00,0x00,
    0x00,0x00,0x00,0x00,0x00,0x00,0x00,0x00,0x00,0x00,0x00,0x00,0x00,0x00,0x00,0x00,
    0x00,0x00,0x00,0x00,0x00,0x00,0x00,0x00,0x00,0x00,0x00,0x00,0x00,0x00,0x00,0x00,
    0x00,0x00,0x00,0x00,0x00,0x00,0x00,0x00,0x00,0x00,0x00,0x00,0x00,0x00,0x00,0x00,
    0x00,0x00,0x00,0x00,0x00,0x00,0x00,0x00,0x00,0x00,0x00,0x00,0x00,0x00,0x00,0x00,
    0x00,0x00,0x00,0x00,0x00,0x00,0x00,0x00,0x00,0x00,0x00,0x00,0x00,0x00,0x00,0x00,
    0x00,0x00,0x00,0x00,0x00,0x00,0x00,0x00,0x00,0x00,0x00,0x00,0x00,0x00,0x00,0x00,
    0x00,0x00,0x00,0x00,0x00,0x00,0x00,0x00,0x00,0x00,0x00,0x00,0x00,0x00,0x00,0x00,
    0x00,0x00,0x04,0xff,0xff,0xed,0xa5,0x00,0x00,0x00,0x04,0xff,0xff,0xff,0xff,0xd2,
    0x00,0x00,0x04,0xff,0x50,0x13,0x8e,0xfe,0x20,0x00,0x04,0xff,0x50,0x00,0x03,0xef,
    0xc0,0x00,0x04,0xff,0x50,0x00,0x00,0x7f,0xf3,0x00,0x04,0xff,0x50,0x00,0x00,0x2f,
    0xf9,0x00,0x04,0xff,0x50,0x00,0x00,0x0d,0xfc,0x00,0x04,0xff,0x50,0x00,0x00,0x0b,
    0xfe,0x00,0x04,0xff,0x50,0x00,0x00,0x0b,0xff,0x00,0x04,0xff,0x50,0x00,0x00,0x0a,
    0xff,0x00,0x04,0xff,0x50,0x00,0x00,0x0b,0xff,0x00,0x04,0xff,0x50,0x00,0x00,0x0b,
    0xfe,0x00,0x04,0xff,0x50,0x00,0x00,0x0d,0xfc,0x00,0x04,0xff,0x50,0x00,0x00,0x2f,
    0xf9,0x00,0x04,0xff,0x50,0x00,0x00,0x7f,0xf3,0x00,0x04,0xff,0x50,0x00,0x03,0xef,
    0xc0,0x00,0x04,0xff,0x50,0x13,0x8e,0xfe,0x20,0x00,0x04,0xff,0xff,0xff,0xff,0xd3,
    0x00,0x00,0x04,0xff,0xff,0xed,0xa5,0x00,0x00,0x00,0x00,0x00,0x00,0x00,0x00,0x00,
    0x00,0x00,0x00,0x00,0x00,0x00,0x00,0x00,0x00,0x00,0x00,0x00,0x00,0x00,0x00,0x00,
    0x00,0x00,0x00,0x00,0x00,0x00,0x00,0x00,0x00,0x00,0x00,0x00,0x00,0x00,0x00,0x00,
    0x00,0x00,0x00,0x00,0x00,0x00,0x00,0x00,0x00,0x00,0x00,0x00,0x00,0x00,0x00,0x00,
    0x00,0x00,0x00,0x00,0x00,0x00,0x00,0x00,0x00,0x00,0x00,0x00,0x00,0x00,0x00,0x00,
    0x00,0x00,0x00,0x00,0x00,0x00,0x00,0x00,0x00,0x00,0x00,0x00,0x00,0x00,0x00,0x00,
    0x00,0x00,0x00,0x00,0x00,0x00,0x00,0x00,0x00,0x00,0x00,0x00,0x00,0x00,0x00,0x00,
    0x00,0x00,0x00,0x00,0x00,0x00,0x00,0x00,0x00,0x00,0x00,0x00,0x00,0x00,0x00,0x00,
    0x00,0x00,0x00,0x00,0x00,0x00,0x00,0x00,0x00,0x00,0x00,0x00,0x00,0x00,0x00,0x00,
    0x00,0x00,0x00,0x8f,0xff,0xff,0xff,0xff,0xfb,0x00,0x00,0x8f,0xff,0xff,0xff,0xff,
    0xfb,0x00,0x00,0x8f,0xf1,0x00,0x00,0x00,0x00,0x00,0x00,0x8f,0xf1,0x00,0x00,0x00,
    0x00,0x00,0x00,0x8f,0xf1,0x00,0x00,0x00,0x00,0x00,0x00,0x8f,0xf1,0x00,0x00,0x00,
    0x00,0x00,0x00,0x8f,0xf1,0x00,0x00,0x00,0x00,0x00,0x00,0x8f,0xf1,0x00,0x00,0x00,
    0x00,0x00,0x00,0x8f,0xff,0xff,0xff,0xff,0xf6,0x00,0x00,0x8f,0xff,0xff,0xff,0xff,
    0xf6,0x00,0x00,0x8f,0xf1,0x00,0x00,0x00,0x00,0x00,0x00,0x8f,0xf1,0x00,0x00,0x00,
    0x00,0x00,0x00,0x8f,0xf1,0x00,0x00,0x00,0x00,0x00,0x00,0x8f,0xf1,0x00,0x00,0x00,
    0x00,0x00,0x00,0x8f,0xf1,0x00,0x00,0x00,0x00,0x00,0x00,0x8f,0xf1,0x00,0x00,0x00,
    0x00,0x00,0x00,0x8f,0xf1,0x00,0x00,0x00,0x00,0x00,0x00,0x8f,0xff,0xff,0xff,0xff,
    0xff,0x00,0x00,0x8f,0xff,0xff,0xff,0xff,0xff,0x00,0x00,0x00,0x00,0x00,0x00,0x00,
    0x00,0x00,0x00,0x00,0x00,0x00,0x00,0x00,0x00,0x00,0x00,0x00,0x00,0x00,0x00,0x00,
    0x00,0x00,0x00,0x00,0x00,0x00,0x00,0x00,0x00,0x00,0x00,0x00,0x00,0x00,0x00,0x00,
    0x00,0x00,0x00,0x00,0x00,0x00,0x00,0x00,0x00,0x00,0x00,0x00,0x00,0x00,0x00,0x00,
    0x00,0x00,0x00,0x00,0x00,0x00,0x00,0x00,0x00,0x00,0x00,0x00,0x00,0x00,0x00,0x00,
    0x00,0x00,0x00,0x00,0x00,0x00,0x00,0x00,0x00,0x00,0x00,0x00,0x00,0x00,0x00,0x00,
    0x00,0x00,0x00,0x00,0x00,0x00,0x00,0x00,0x00,0x00,0x00,0x00,0x00,0x00,0x00,0x00,
    0x00,0x00,0x00,0x00,0x00,0x00,0x00,0x00,0x00,0x00,0x00,0x00,0x00,0x00,0x00,0x00,
    0x00,0x00,0x00,0x00,0x00,0x00,0x00,0x00,0x00,0x00,0x00,0x00,0x00,0x00,0x00,0x00,
    0x00,0x00,0x00,0x1f,0xff,0xff,0xff,0xff,0xff,0x20,0x00,0x1f,0xff,0xff,0xff,0xff,
    0xff,0x20,0x00,0x1f,0xf8,0x00,0x00,0x00,0x00,0x00,0x00,0x1f,0xf8,0x00,0x00,0x00,
    0x00,0x00,0x00,0x1f,0xf8,0x00,0x00,0x00,0x00,0x00,0x00,0x1f,0xf8,0x00,0x00,0x00,
    0x00,0x00,0x00,0x1f,0xf8,0x00,0x00,0x00,0x00,0x00,0x00,0x1f,0xf8,0x00,0x00,0x00,
    0x00,0x00,0x00,0x1f,0xff,0xff,0xff,0xff,0xf5,0x00,0x00,0x1f,0xff,0xff,0xff,0xff,
    0xf5,0x00,0x00,0x1f,0xf8,0x00,0x00,0x00,0x00,0x00,0x00,0x1f,0xf8,0x00,0x00,0x00,
    0x00,0x00,0x00,0x1f,0xf8,0x00,0x00,0x00,0x00,0x00,0x00,0x1f,0xf8,0x00,0x00,0x00,
    0x00,0x00,0x00,0x1f,0xf8,0x00,0x00,0x00,0x00,0x00,0x00,0x1f,0xf8,0x00,0x00,0x00,
    0x00,0x00,0x00,0x1f,0xf8,0x00,0x00,0x00,0x00,0x00,0x00,0x1f,0xf8,0x00,0x00,0x00,
    0x00,0x00,0x00,0x1f,0xf8,0x00,0x00,0x00,0x00,0x00,0x00,0x00,0x00,0x00,0x00,0x00,
    0x00,0x00,0x00,0x00,0x00,0x00,0x00,0x00,0x00,0x00,0x00,0x00,0x00,0x00,0x00,0x00,
    0x00,0x00,0x00,0x00,0x00,0x00,0x00,0x00,0x00,0x00,0x00,0x00,0x00,0x00,0x00,0x00,
    0x00,0x00,0x00,0x00,0x00,0x00,0x00,0x00,0x00,0x00,0x00,0x00,0x00,0x00,0x00,0x00,
    0x00,0x00,0x00,0x00,0x00,0x00,0x00,0x00,0x00,0x00,0x00,0x00,0x00,0x00,0x00,0x00,
    0x00,0x00,0x00,0x00,0x00,0x00,0x00,0x00,0x00,0x00,0x00,0x00,0x00,0x00,0x00,0x00,
    0x00,0x00,0x00,0x00,0x00,0x00,0x00,0x00,0x00,0x00,0x00,0x00,0x00,0x00,0x00,0x00,
    0x00,0x00,0x00,0x00,0x00,0x00,0x00,0x00,0x00,0x00,0x00,0x00,0x00,0x00,0x00,0x00,
    0x00,0x00,0x00,0x00,0x00,0x00,0x00,0x00,0x00,0x00,0x00,0x00,0x00,0x00,0x00,0x00,
    0x00,0x00,0x00,0x00,0x03,0x9d,0xee,0xda,0x50,0x00,0x00,0x00,0x9f,0xff,0xff,0xff,
    0xf6,0x00,0x00,0x09,0xff,0xa3,0x11,0x49,0xf6,0x00,0x00,0x5f,0xf8,0x00,0x00,0x00,
    0x45,0x00,0x00,0xcf,0xd0,0x00,0x00,0x00,0x00,0x00,0x03,0xff,0x70,0x00,0x00,0x00,
    0x00,0x00,0x06,0xff,0x40,0x00,0x00,0x00,0x00,0x00,0x09,0xff,0x10,0x00,0x00,0x00,
    0x00,0x00,0x0a,0xff,0x00,0x00,0x00,0x00,0x00,0x00,0x0a,0xff,0x00,0x00,0x3f,0xff,
    0xff,0x00,0x0a,0xff,0x00,0x00,0x3f,0xff,0xff,0x00,0x09,0xff,0x10,0x00,0x00,0x07,
    0xff,0x00,0x06,0xff,0x30,0x00,0x00,0x07,0xff,0x00,0x03,0xff,0x70,0x00,0x00,0x07,
    0xff,0x00,0x00,0xcf,0xc0,0x00,0x00,0x07,0xff,0x00,0x00,0x5f,0xf7,0x00,0x00,0x07,
    0xff,0x00,0x00,0x0a,0xff,0x93,0x11,0x4c,0xff,0x00,0x00,0x00,0x9f,0xff,0xff,0xff,
    0xf8,0x00,0x00,0x00,0x04,0x9d,0xee,0xd9,0x20,0x00,0x00,0x00,0x00,0x00,0x00,0x00,
    0x00,0x00,0x00,0x00,0x00,0x00,0x00,0x00,0x00,0x00,0x00,0x00,0x00,0x00,0x00,0x00,
    0x00,0x00,0x00,0x00,0x00,0x00,0x00,0x00,0x00,0x00,0x00,0x00,0x00,0x00,0x00,0x00,
    0x00,0x00,0x00,0x00,0x00,0x00,0x00,0x00,0x00,0x00,0x00,0x00,0x00,0x00,0x00,0x00,
    0x00,0x00,0x00,0x00,0x00,0x00,0x00,0x00,0x00,0x00,0x00,0x00,0x00,0x00,0x00,0x00,
    0x00,0x00,0x00,0x00,0x00,0x00,0x00,0x00,0x00,0x00,0x00,0x00,0x00,0x00,0x00,0x00,
    0x00,0x00,0x00,0x00,0x00,0x00,0x00,0x00,0x00,0x00,0x00,0x00,0x00,0x00,0x00,0x00,
    0x00,0x00,0x00,0x00,0x00,0x00,0x00,0x00,0x00,0x00,0x00,0x00,0x00,0x00,0x00,0x00,
    0x00,0x00,0x00,0x00,0x00,0x00,0x00,0x00,0x00,0x00,0x00,0x00,0x00,0x00,0x00,0x00,
    0x00,0x00,0x04,0xff,0x50,0x00,0x00,0x0a,0xfe,0x00,0x04,0xff,0x50,0x00,0x00,0x0a,
    0xfe,0x00,0x04,0xff,0x50,0x00,0x00,0x0a,0xfe,0x00,0x04,0xff,0x50,0x00,0x00,0x0a,
    0xfe,0x00,0x04,0xff,0x50,0x00,0x00,0x0a,0xfe,0x00,0x04,0xff,0x50,0x00,0x00,0x0a,
    0xfe,0x00,0x04,0xff,0x50,0x00,0x00,0x0a,0xfe,0x00,0x04,0xff,0x50,0x00,0x00,0x0a,
    0xfe,0x00,0x04,0xff,0xff,0xff,0xff,0xff,0xfe,0x00,0x04,0xff,0xff,0xff,0xff,0xff,
    0xfe,0x00,0x04,0xff,0x50,0x00,0x00,0x0a,0xfe,0x00,0x04,0xff,0x50,0x00,0x00,0x0a,
    0xfe,0x00,0x04,0xff,0x50,0x00,0x00,0x0a,0xfe,0x00,0x04,0xff,0x50,0x00,0x00,0x0a,
    0xfe,0x00,0x04,0xff,0x50,0x00,0x00,0x0a,0xfe,0x00,0x04,0xff,0x50,0x00,0x00,0x0a,
    0xfe,0x00,0x04,0xff,0x50,0x00,0x00,0x0a,0xfe,0x00,0x04,0xff,0x50,0x00,0x00,0x0a,
    0xfe,0x00,0x04,0xff,0x50,0x00,0x00,0x0a,0xfe,0x00,0x00,0x00,0x00,0x00,0x00,0x00,
    0x00,0x00,0x00,0x00,0x00,0x00,0x00,0x00,0x00,0x00,0x00,0x00,0x00,0x00,0x00,0x00,
    0x00,0x00,0x00,0x00,0x00,0x00,0x00,0x00,0x00,0x00,0x00,0x00,0x00,0x00,0x00,0x00,
    0x00,0x00,0x00,0x00,0x00,0x00,0x00,0x00,0x00,0x00,0x00,0x00,0x00,0x00,0x00,0x00,
    0x00,0x00,0x00,0x00,0x00,0x00,0x00,0x00,0x00,0x00,0x00,0x00,0x00,0x00,0x00,0x00,
    0x00,0x00,0x00,0x00,0x00,0x00,0x00,0x00,0x00,0x00,0x00,0x00,0x00,0x00,0x00,0x00,
    0x00,0x00,0x00,0x00,0x00,0x00,0x00,0x00,0x00,0x00,0x00,0x00,0x00,0x00,0x00,0x00,
    0x00,0x00,0x00,0x00,0x00,0x00,0x00,0x00,0x00,0x00,0x00,0x00,0x00,0x00,0x00,0x00,
    0x00,0x00,0x00,0x00,0x00,0x00,0x00,0x00,0x00,0x00,0x00,0x00,0x00,0x00,0x00,0x00,
    0x00,0x00,0x00,0x7f,0xff,0xff,0xff,0xff,0xf1,0x00,0x00,0x7f,0xff,0xff,0xff,0xff,
    0xf1,0x00,0x00,0x00,0x00,0x7f,0xf2,0x00,0x00,0x00,0x00,0x00,0x00,0x7f,0xf2,0x00,
    0x00,0x00,0x00,0x00,0x00,0x7f,0xf2,0x00,0x00,0x00,0x00,0x00,0x00,0x7f,0xf2,0x00,
    0x00,0x00,0x00,0x00,0x00,0x7f,0xf2,0x00,0x00,0x00,0x00,0x00,0x00,0x7f,0xf2,0x00,
    0x00,0x00,0x00,0x00,0x00,0x7f,0xf2,0x00,0x00,0x00,0x00,0x00,0x00,0x7f,0xf2,0x00,
    0x00,0x00,0x00,0x00,0x00,0x7f,0xf2,0x00,0x00,0x00,0x00,0x00,0x00,0x7f,0xf2,0x00,
    0x00,0x00,0x00,0x00,0x00,0x7f,0xf2,0x00,0x00,0x00,0x00,0x00,0x00,0x7f,0xf2,0x00,
    0x00,0x00,0x00,0x00,0x00,0x7f,0xf2,0x00,0x00,0x00,0x00,0x00,0x00,0x7f,0xf2,0x00,
    0x00,0x00,0x00,0x00,0x00,0x7f,0xf2,0x00,0x00,0x00,0x00,0x7f,0xff,0xff,0xff,0xff,
    0xf1,0x00,0x00,0x7f,0xff,0xff,0xff,0xff,0xf1,0x00,0x00,0x00,0x00,0x00,0x00,0x00,
    0x00,0x00,0x00,0x00,0x00,0x00,0x00,0x00,0x00,0x00,0x00,0x00,0x00,0x00,0x00,0x00,
    0x00,0x00,0x00,0x00,0x00,0x00,0x00,0x00,0x00,0x00,0x00,0x00,0x00,0x00,0x00,0x00,
    0x00,0x00,0x00,0x00,0x00,0x00,0x00,0x00,0x00,0x00,0x00,0x00,0x00,0x00,0x00,0x00,
    0x00,0x00,0x00,0x00,0x00,0x00,0x00,0x00,0x00,0x00,0x00,0x00,0x00,0x00,0x00,0x00,
    0x00,0x00,0x00,0x00,0x00,0x00,0x00,0x00,0x00,0x00,0x00,0x00,0x00,0x00,0x00,0x00,
    0x00,0x00,0x00,0x00,0x00,0x00,0x00,0x00,0x00,0x00,0x00,0x00,0x00,0x00,0x00,0x00,
    0x00,0x00,0x00,0x00,0x00,0x00,0x00,0x00,0x00,0x00,0x00,0x00,0x00,0x00,0x00,0x00,
    0x00,0x00,0x00,0x00,0x00,0x00,0x00,0x00,0x00,0x00,0x00,0x00,0x00,0x00,0x00,0x00,
    0x00,0x00,0x00,0x00,0x4f,0xff,0xff,0xff,0x20,0x00,0x00,0x00,0x4f,0xff,0xff,0xff,
    0x20,0x00,0x00,0x00,0x00,0x00,0x06,0xff,0x20,0x00,0x00,0x00,0x00,0x00,0x06,0xff,
    0x20,0x00,0x00,0x00,0x00,0x00,0x06,0xff,0x20,0x00,0x00,0x00,0x00,0x00,0x06,0xff,
    0x20,0x00,0x00,0x00,0x00,0x00,0x06,0xff,0x20,0x00,0x00,0x00,0x00,0x00,0x06,0xff,
    0x20,0x00,0x00,0x00,0x00,0x00,0x06,0xff,0x20,0x00,0x00,0x00,0x00,0x00,0x06,0xff,
    0x20,0x00,0x00,0x00,0x00,0x00,0x06,0xff,0x20,0x00,0x00,0x00,0x00,0x00,0x06,0xff,
    0x20,0x00,0x00,0x00,0x00,0x00,0x06,0xff,0x20,0x00,0x00,0x00,0x00,0x00,0x07,0xff,
    0x10,0x00,0x00,0x00,0x00,0x00,0x09,0xff,0x00,0x00,0x07,0x30,0x00,0x00,0x0d,0xfc,
    0x00,0x00,0x09,0xfa,0x41,0x02,0x9f,0xf7,0x00,0x00,0x09,0xff,0xff,0xff,0xff,0xb0,
    0x00,0x00,0x01,0x6a,0xce,0xfe,0xb6,0x00,0x00,0x00,0x00,0x00,0x00,0x00,0x00,0x00,
    0x00,0x00,0x00,0x00,0x00,0x00,0x00,0x00,0x00,0x00,0x00,0x00,0x00,0x00,0x00,0x00,
    0x00,0x00,0x00,0x00,0x00,0x00,0x00,0x00,0x00,0x00,0x00,0x00,0x00,0x00,0x00,0x00,
    0x00,0x00,0x00,0x00,0x00,0x00,0x00,0x00,0x00,0x00,0x00,0x00,0x00,0x00,0x00,0x00,
    0x00,0x00,0x00,0x00,0x00,0x00,0x00,0x00,0x00,0x00,0x00,0x00,0x00,0x00,0x00,0x00,
    0x00,0x00,0x00,0x00,0x00,0x00,0x00,0x00,0x00,0x00,0x00,0x00,0x00,0x00,0x00,0x00,
    0x00,0x00,0x00,0x00,0x00,0x00,0x00,0x00,0x00,0x00,0x00,0x00,0x00,0x00,0x00,0x00,
    0x00,0x00,0x00,0x00,0x00,0x00,0x00,0x00,0x00,0x00,0x00,0x00,0x00,0x00,0x00,0x00,
    0x00,0x00,0x00,0x00,0x00,0x00,0x00,0x00,0x00,0x00,0x00,0x00,0x00,0x00,0x00,0x00,
    0x00,0x00,0x04,0xff,0x50,0x00,0x00,0x03,0xef,0xc1,0x04,0xff,0x50,0x00,0x00,0x3e,
    0xfd,0x10,0x04,0xff,0x50,0x00,0x02,0xef,0xd2,0x00,0x04,0xff,0x50,0x00,0x2d,0xfd,
    0x20,0x00,0x04,0xff,0x50,0x01,0xdf,0xe2,0x00,0x00,0x04,0xff,0x50,0x1c,0xfe,0x30,
    0x00,0x00,0x04,0xff,0x51,0xcf,0xe3,0x00,0x00,0x00,0x04,0xff,0x5b,0xff,0x40,0x00,
    0x00,0x00,0x04,0xff,0xef,0xff,0x70,0x00,0x00,0x00,0x04,0xff,0xff,0xcf,0xf2,0x00,
    0x00,0x00,0x04,0xff,0xf5,0x2e,0xfc,0x00,0x00,0x00,0x04,0xff,0x70,0x06,0xff,0x70,
    0x00,0x00,0x04,0xff,0x50,0x00,0xcf,0xf3,0x00,0x00,0x04,0xff,0x50,0x00,0x2f,0xfc,
    0x00,0x00,0x04,0xff,0x50,0x00,0x07,0xff,0x80,0x00,0x04,0xff,0x50,0x00,0x00,0xcf,
    0xf3,0x00,0x04,0xff,0x50,0x00,0x00,0x3f,0xfc,0x00,0x04,0xff,0x50,0x00,0x00,0x08,
    0xff,0x80,0x04,0xff,0x50,0x00,0x00,0x00,0xdf,0xf3,0x00,0x00,0x00,0x00,0x00,0x00,
    0x00,0x00,0x00,0x00,0x00,0x00,0x00,0x00,0x00,0x00,0x00,0x00,0x00,0x00,0x00,0x00,
    0x00,0x00,0x00,0x00,0x00,0x00,0x00,0x00,0x00,0x00,0x00,0x00,0x00,0x00,0x00,0x00,
    0x00,0x00,0x00,0x00,0x00,0x00,0x00,0x00,0x00,0x00,0x00,0x00,0x00,0x00,0x00,0x00,
    0x00,0x00,0x00,0x00,0x00,0x00,0x00,0x00,0x00,0x00,0x00,0x00,0x00,0x00,0x00,0x00,
    0x00,0x00,0x00,0x00,0x00,0x00,0x00,0x00,0x00,0x00,0x00,0x00,0x00,0x00,0x00,0x00,
    0x00,0x00,0x00,0x00,0x00,0x00,0x00,0x00,0x00,0x00,0x00,0x00,0x00,0x00,0x00,0x00,
    0x00,0x00,0x00,0x00,0x00,0x00,0x00,0x00,0x00,0x00,0x00,0x00,0x00,0x00,0x00,0x00,
    0x00,0x00,0x00,0x00,0x00,0x00,0x00,0x00,0x00,0x00,0x00,0x00,0x00,0x00,0x00,0x00,
    0x00,0x00,0x00,0x4f,0xf5,0x00,0x00,0x00,0x00,0x00,0x00,0x4f,0xf5,0x00,0x00,0x00,
    0x00,0x00,0x00,0x4f,0xf5,0x00,0x00,0x00,0x00,0x00,0x00,0x4f,0xf5,0x00,0x00,0x00,
    0x00,0x00,0x00,0x4f,0xf5,0x00,0x00,0x00,0x00,0x00,0x00,0x4f,0xf5,0x00,0x00,0x00,
    0x00,0x00,0x00,0x4f,0xf5,0x00,0x00,0x00,0x00,0x00,0x00,0x4f,0xf5,0x00,0x00,0x00,
    0x00,0x00,0x00,0x4f,0xf5,0x00,0x00,0x00,0x00,0x00,0x00,0x4f,0xf5,0x00,0x00,0x00,
    0x00,0x00,0x00,0x4f,0xf5,0x00,0x00,0x00,0x00,0x00,0x00,0x4f,0xf5,0x00,0x00,0x00,
    0x00,0x00,0x00,0x4f,0xf5,0x00,0x00,0x00,0x00,0x00,0x00,0x4f,0xf5,0x00,0x00,0x00,
    0x00,0x00,0x00,0x4f,0xf5,0x00,0x00,0x00,0x00,0x00,0x00,0x4f,0xf5,0x00,0x00,0x00,
    0x00,0x00,0x00,0x4f,0xf5,0x00,0x00,0x00,0x00,0x00,0x00,0x4f,0xff,0xff,0xff,0xff,
    0xff,0x70,0x00,0x4f,0xff,0xff,0xff,0xff,0xff,0x70,0x00,0x00,0x00,0x00,0x00,0x00,
    0x00,0x00,0x00,0x00,0x00,0x00,0x00,0x00,0x00,0x00,0x00,0x00,0x00,0x00,0x00,0x00,
    0x00,0x00,0x00,0x00,0x00,0x00,0x00,0x00,0x00,0x00,0x00,0x00,0x00,0x00,0x00,0x00,
    0x00,0x00,0x00,0x00,0x00,0x00,0x00,0x00,0x00,0x00,0x00,0x00,0x00,0x00,0x00,0x00,
    0x00,0x00,0x00,0x00,0x00,0x00,0x00,0x00,0x00,0x00,0x00,0x00,0x00,0x00,0x00,0x00,
    0x00,0x00,0x00,0x00,0x00,0x00,0x00,0x00,0x00,0x00,0x00,0x00,0x00,0x00,0x00,0x00,
    0x00,0x00,0x00,0x00,0x00,0x00,0x00,0x00,0x00,0x00,0x00,0x00,0x00,0x00,0x00,0x00,
    0x00,0x00,0x00,0x00,0x00,0x00,0x00,0x00,0x00,0x00,0x00,0x00,0x00,0x00,0x00,0x00,
    0x00,0x00,0x00,0x00,0x00,0x00,0x00,0x00,0x00,0x00,0x00,0x00,0x00,0x00,0x00,0x00,
    0x00,0x00,0x0e,0xff,0xa0,0x00,0x00,0x1f,0xff,0x80,0x0e,0xff,0xf1,0x00,0x00,0x6f,
    0xff,0x80,0x0e,0xfd,0xf6,0x00,0x00,0xcf,0xef,0x80,0x0e,0xf8,0xfb,0x00,0x02,0xfb,
    0xdf,0x80,0x0e,0xf7,0xbf,0x10,0x07,0xf5,0xdf,0x80,0x0e,0xf7,0x6f,0x60,0x0c,0xe1,
    0xdf,0x80,0x0e,0xf7,0x1f,0xb0,0x2f,0xa0,0xdf,0x80,0x0e,0xf7,0x0b,0xf2,0x8f,0x50,
    0xdf,0x80,0x0e,0xf7,0x05,0xf7,0xde,0x00,0xdf,0x80,0x0e,0xf7,0x01,0xfe,0xfa,0x00,
    0xdf,0x80,0x0e,0xf7,0x00,0xaf,0xf4,0x00,0xdf,0x80,0x0e,0xf7,0x00,0x5f,0xe0,0x00,
    0xdf,0x80,0x0e,0xf7,0x00,0x00,0x00,0x00,0xdf,0x80,0x0e,0xf7,0x00,0x00,0x00,0x00,
    0xdf,0x80,0x0e,0xf7,0x00,0x00,0x00,0x00,0xdf,0x80,0x0e,0xf7,0x00,0x00,0x00,0x00,
    0xdf,0x80,0x0e,0xf7,0x00,0x00,0x00,0x00,0xdf,0x80,0x0e,0xf7,0x00,0x00,0x00,0x00,
    0xdf,0x80,0x0e,0xf7,0x00,0x00,0x00,0x00,0xdf,0x80,0x00,0x00,0x00,0x00,0x00,0x00,
    0x00,0x00,0x00,0x00,0x00,0x00,0x00,0x00,0x00,0x00,0x00,0x00,0x00,0x00,0x00,0x00,
    0x00,0x00,0x00,0x00,0x00,0x00,0x00,0x00,0x00,0x00,0x00,0x00,0x00,0x00,0x00,0x00,
    0x00,0x00,0x00,0x00,0x00,0x00,0x00,0x00,0x00,0x00,0x00,0x00,0x00,0x00,0x00,0x00,
    0x00,0x00,0x00,0x00,0x00,0x00,0x00,0x00,0x00,0x00,0x00,0x00,0x00,0x00,0x00,0x00,
    0x00,0x00,0x00,0x00,0x00,0x00,0x00,0x00,0x00,0x00,0x00,0x00,0x00,0x00,0x00,0x00,
    0x00,0x00,0x00,0x00,0x00,0x00,0x00,0x00,0x00,0x00,0x00,0x00,0x00,0x00,0x00,0x00,
    0x00,0x00,0x00,0x00,0x00,0x00,0x00,0x00,0x00,0x00,0x00,0x00,0x00,0x00,0x00,0x00,
    0x00,0x00,0x00,0x00,0x00,0x00,0x00,0x00,0x00,0x00,0x00,0x00,0x00,0x00,0x00,0x00,
    0x00,0x00,0x04,0xff,0xf3,0x00,0x00,0x09,0xfd,0x00,0x04,0xff,0xf9,0x00,0x00,0x09,
    0xfd,0x00,0x04,0xff,0xff,0x10,0x00,0x09,0xfd,0x00,0x04,0xff,0xef,0x70,0x00,0x09,
    0xfd,0x00,0x04,0xff,0x8f,0xd0,0x00,0x09,0xfd,0x00,0x04,0xff,0x4d,0xf4,0x00,0x09,
    0xfd,0x00,0x04,0xff,0x47,0xfa,0x00,0x09,0xfd,0x00,0x04,0xff,0x41,0xff,0x10,0x09,
    0xfd,0x00,0x04,0xff,0x40,0xaf,0x70,0x09,0xfd,0x00,0x04,0xff,0x40,0x4f,0xd0,0x09,
    0xfd,0x00,0x04,0xff,0x40,0x0d,0xf5,0x09,0xfd,0x00,0x04,0xff,0x40,0x06,0xfb,0x09,
    0xfd,0x00,0x04,0xff,0x40,0x01,0xef,0x29,0xfd,0x00,0x04,0xff,0x40,0x00,0x9f,0x89,
    0xfd,0x00,0x04,0xff,0x40,0x00,0x3f,0xe9,0xfd,0x00,0x04,0xff,0x40,0x00,0x0c,0xfe,
    0xfd,0x00,0x04,0xff,0x40,0x00,0x06,0xff,0xfd,0x00,0x04,0xff,0x40,0x00,0x01,0xef,
    0xfd,0x00,0x04,0xff,0x40,0x00,0x00,0x8f,0xfd,0x00,0x00,0x00,0x00,0x00,0x00,0x00,
    0x00,0x00,0x00,0x00,0x00,0x00,0x00,0x00,0x00,0x00,0x00,0x00,0x00,0x00,0x00,0x00,
    0x00,0x00,0x00,0x00,0x00,0x00,0x00,0x00,0x00,0x00,0x00,0x00,0x00,0x00,0x00,0x00,
    0x00,0x00,0x00,0x00,0x00,0x00,0x00,0x00,0x00,0x00,0x00,0x00,0x00,0x00,0x00,0x00,
    0x00,0x00,0x00,0x00,0x00,0x00,0x00,0x00,0x00,0x00,0x00,0x00,0x00,0x00,0x00,0x00,
    0x00,0x00,0x00,0x00,0x00,0x00,0x00,0x00,0x00,0x00,0x00,0x00,0x00,0x00,0x00,0x00,
    0x00,0x00,0x00,0x00,0x00,0x00,0x00,0x00,0x00,0x00,0x00,0x00,0x00,0x00,0x00,0x00,
    0x00,0x00,0x00,0x00,0x00,0x00,0x00,0x00,0x00,0x00,0x00,0x00,0x00,0x00,0x00,0x00,
    0x00,0x00,0x00,0x00,0x00,0x00,0x00,0x00,0x00,0x00,0x00,0x00,0x00,0x00,0x00,0x00,
    0x00,0x00,0x00,0x00,0x29,0xde,0xec,0x60,0x00,0x00,0x00,0x04,0xef,0xff,0xff,0xfc,
    0x10,0x00,0x00,0x1e,0xfd,0x41,0x17,0xff,0xa0,0x00,0x00,0x8f,0xf3,0x00,0x00,0x8f,
    0xf3,0x00,0x00,0xdf,0xb0,0x00,0x00,0x2f,0xf8,0x00,0x02,0xff,0x70,0x00,0x00,0x0d,
    0xfc,0x00,0x05,0xff,0x50,0x00,0x00,0x0a,0xfe,0x00,0x06,0xff,0x40,0x00,0x00,0x09,
    0xff,0x10,0x07,0xff,0x30,0x00,0x00,0x08,0xff,0x20,0x08,0xff,0x30,0x00,0x00,0x08,
    0xff,0x20,0x07,0xff,0x30,0x00,0x00,0x08,0xff,0x20,0x06,0xff,0x40,0x00,0x00,0x09,
    0xff,0x10,0x05,0xff,0x50,0x00,0x00,0x0a,0xfe,0x00,0x02,0xff,0x70,0x00,0x00,0x0d,
    0xfc,0x00,0x00,0xdf,0xb0,0x00,0x00,0x1f,0xf8,0x00,0x00,0x8f,0xf3,0x00,0x00,0x8f,
    0xf3,0x00,0x00,0x1e,0xfd,0x41,0x17,0xff,0xa0,0x00,0x00,0x04,0xef,0xff,0xff,0xfc,
    0x10,0x00,0x00,0x00,0x29,0xdf,0xec,0x60,0x00,0x00,0x00,0x00,0x00,0x00,0x00,0x00,
    0x00,0x00,0x00,0x00,0x00,0x00,0x00,0x00,0x00,0x00,0x00,0x00,0x00,0x00,0x00,0x00,
    0x00,0x00,0x00,0x00,0x00,0x00,0x00,0x00,0x00,0x00,0x00,0x00,0x00,0x00,0x00,0x00,
    0x00,0x00,0x00,0x00,0x00,0x00,0x00,0x00,0x00,0x00,0x00,0x00,0x00,0x00,0x00,0x00,
    0x00,0x00,0x00,0x00,0x00,0x00,0x00,0x00,0x00,0x00,0x00,0x00,0x00,0x00,0x00,0x00,
    0x00,0x00,0x00,0x00,0x00,0x00,0x00,0x00,0x00,0x00,0x00,0x00,0x00,0x00,0x00,0x00,
    0x00,0x00,0x00,0x00,0x00,0x00,0x00,0x00,0x00,0x00,0x00,0x00,0x00,0x00,0x00,0x00,
    0x00,0x00,0x00,0x00,0x00,0x00,0x00,0x00,0x00,0x00,0x00,0x00,0x00,0x00,0x00,0x00,
    0x00,0x00,0x00,0x00,0x00,0x00,0x00,0x00,0x00,0x00,0x00,0x00,0x00,0x00,0x00,0x00,
    0x00,0x00,0x00,0x8f,0xff,0xff,0xfd,0xb6,0x00,0x00,0x00,0x8f,0xff,0xff,0xff,0xff,
    0xc1,0x00,0x00,0x8f,0xf1,0x00,0x14,0xbf,0xfb,0x00,0x00,0x8f,0xf1,0x00,0x00,0x0c,
    0xff,0x30,0x00,0x8f,0xf1,0x00,0x00,0x05,0xff,0x60,0x00,0x8f,0xf1,0x00,0x00,0x03,
    0xff,0x70,0x00,0x8f,0xf1,0x00,0x00,0x05,0xff,0x60,0x00,0x8f,0xf1,0x00,0x00,0x0c,
    0xff,0x30,0x00,0x8f,0xf1,0x00,0x14,0xbf,0xfb,0x00,0x00,0x8f,0xff,0xff,0xff,0xff,
    0xc1,0x00,0x00,0x8f,0xff,0xff,0xfe,0xb6,0x00,0x00,0x00,0x8f,0xf1,0x00,0x00,0x00,
    0x00,0x00,0x00,0x8f,0xf1,0x00,0x00,0x00,0x00,0x00,0x00,0x8f,0xf1,0x00,0x00,0x00,
    0x00,0x00,0x00,0x8f,0xf1,0x00,0x00,0x00,0x00,0x00,0x00,0x8f,0xf1,0x00,0x00,0x00,
    0x00,0x00,0x00,0x8f,0xf1,0x00,0x00,0x00,0x00,0x00,0x00,0x8f,0xf1,0x00,0x00,0x00,
    0x00,0x00,0x00,0x8f,0xf1,0x00,0x00,0x00,0x00,0x00,0x00,0x00,0x00,0x00,0x00,0x00,
    0x00,0x00,0x00,0x00,0x00,0x00,0x00,0x00,0x00,0x00,0x00,0x00,0x00,0x00,0x00,0x00,
    0x00,0x00,0x00,0x00,0x00,0x00,0x00,0x00,0x00,0x00,0x00,0x00,0x00,0x00,0x00,0x00,
    0x00,0x00,0x00,0x00,0x00,0x00,0x00,0x00,0x00,0x00,0x00,0x00,0x00,0x00,0x00,0x00,
    0x00,0x00,0x00,0x00,0x00,0x00,0x00,0x00,0x00,0x00,0x00,0x00,0x00,0x00,0x00,0x00,
    0x00,0x00,0x00,0x00,0x00,0x00,0x00,0x00,0x00,0x00,0x00,0x00,0x00,0x00,0x00,0x00,
    0x00,0x00,0x00,0x00,0x00,0x00,0x00,0x00,0x00,0x00,0x00,0x00,0x00,0x00,0x00,0x00,
    0x00,0x00,0x00,0x00,0x00,0x00,0x00,0x00,0x00,0x00,0x00,0x00,0x00,0x00,0x00,0x00,
    0x00,0x00,0x00,0x00,0x00,0x00,0x00,0x00,0x00,0x00,0x00,0x00,0x00,0x00,0x00,0x00,
    0x00,0x00,0x00,0x00,0x29,0xde,0xec,0x60,0x00,0x00,0x00,0x04,0xef,0xff,0xff,0xfc,
    0x10,0x00,0x00,0x1e,0xfd,0x41,0x17,0xff,0xa0,0x00,0x00,0x8f,0xf3,0x00,0x00,0x8f,
    0xf3,0x00,0x00,0xdf,0xb0,0x00,0x00,0x2f,0xf8,0x00,0x02,0xff,0x70,0x00,0x00,0x0d,
    0xfc,0x00,0x05,0xff,0x50,0x00,0x00,0x0a,0xfe,0x00,0x06,0xff,0x40,0x00,0x00,0x09,
    0xff,0x10,0x07,0xff,0x30,0x00,0x00,0x08,0xff,0x20,0x08,0xff,0x30,0x00,0x00,0x08,
    0xff,0x20,0x07,0xff,0x30,0x00,0x00,0x08,0xff,0x20,0x06,0xff,0x40,0x00,0x00,0x09,
    0xff,0x10,0x05,0xff,0x50,0x00,0x00,0x0a,0xff,0x00,0x02,0xff,0x70,0x00,0x00,0x0d,
    0xfc,0x00,0x00,0xdf,0xb0,0x00,0x00,0x1f,0xf8,0x00,0x00,0x8f,0xf3,0x00,0x00,0x8f,
    0xf3,0x00,0x00,0x1e,0xfd,0x41,0x17,0xff,0xa0,0x00,0x00,0x04,0xef,0xff,0xff,0xfc,
    0x10,0x00,0x00,0x00,0x29,0xdf,0xff,0xe1,0x00,0x00,0x00,0x00,0x00,0x00,0x4e,0xfc,
    0x10,0x00,0x00,0x00,0x00,0x00,0x04,0xef,0xc0,0x00,0x00,0x00,0x00,0x00,0x00,0x4c,
    0x30,0x00,0x00,0x00,0x00,0x00,0x00,0x00,0x00,0x00,0x00,0x00,0x00,0x00,0x00,0x00,
    0x00,0x00,0x00,0x00,0x00,0x00,0x00,0x00,0x00,0x00,0x00,0x00,0x00,0x00,0x00,0x00,
    0x00,0x00,0x00,0x00,0x00,0x00,0x00,0x00,0x00,0x00,0x00,0x00,0x00,0x00,0x00,0x00,
    0x00,0x00,0x00,0x00,0x00,0x00,0x00,0x00,0x00,0x00,0x00,0x00,0x00,0x00,0x00,0x00,
    0x00,0x00,0x00,0x00,0x00,0x00,0x00,0x00,0x00,0x00,0x00,0x00,0x00,0x00,0x00,0x00,
    0x00,0x00,0x00,0x00,0x00,0x00,0x00,0x00,0x00,0x00,0x00,0x00,0x00,0x00,0x00,0x00,
    0x00,0x00,0x00,0x00,0x00,0x00,0x00,0x00,0x00,0x00,0x00,0x00,0x00,0x00,0x00,0x00,
    0x00,0x00,0x03,0xff,0xff,0xff,0xeb,0x60,0x00,0x00,0x03,0xff,0xff,0xff,0xff,0xfc,
    0x10,0x00,0x03,0xff,0x60,0x01,0x3a,0xff,0xb0,0x00,0x03,0xff,0x60,0x00,0x00,0xbf,
    0xf3,0x00,0x03,0xff,0x60,0x00,0x00,0x5f,0xf7,0x00,0x03,0xff,0x60,0x00,0x00,0x3f,
    0xf8,0x00,0x03,0xff,0x60,0x00,0x00,0x5f,0xf7,0x00,0x03,0xff,0x60,0x00,0x00,0xaf,
    0xf3,0x00,0x03,0xff,0x60,0x01,0x39,0xff,0x90,0x00,0x03,0xff,0xff,0xff,0xff,0xd6,
    0x00,0x00,0x03,0xff,0xff,0xff,0xfe,0x80,0x00,0x00,0x03,0xff,0x60,0x01,0x6e,0xfa,
    0x00,0x00,0x03,0xff,0x60,0x00,0x05,0xff,0x50,0x00,0x03,0xff,0x60,0x00,0x00,0xbf,
    0xd0,0x00,0x03,0xff,0x60,0x00,0x00,0x3f,0xf6,0x00,0x03,0xff,0x60,0x00,0x00,0x0b,
    0xfd,0x00,0x03,0xff,0x60,0x00,0x00,0x04,0xff,0x60,0x03,0xff,0x60,0x00,0x00,0x00,
    0xcf,0xd0,0x03,0xff,0x60,0x00,0x00,0x00,0x5f,0xf6,0x00,0x00,0x00,0x00,0x00,0x00,
    0x00,0x00,0x00,0x00,0x00,0x00,0x00,0x00,0x00,0x00,0x00,0x00,0x00,0x00,0x00,0x00,
    0x00,0x00,0x00,0x00,0x00,0x00,0x00,0x00,0x00,0x00,0x00,0x00,0x00,0x00,0x00,0x00,
    0x00,0x00,0x00,0x00,0x00,0x00,0x00,0x00,0x00,0x00,0x00,0x00,0x00,0x00,0x00,0x00,
    0x00,0x00,0x00,0x00,0x00,0x00,0x00,0x00,0x00,0x00,0x00,0x00,0x00,0x00,0x00,0x00,
    0x00,0x00,0x00,0x00,0x00,0x00,0x00,0x00,0x00,0x00,0x00,0x00,0x00,0x00,0x00,0x00,
    0x00,0x00,0x00,0x00,0x00,0x00,0x00,0x00,0x00,0x00,0x00,0x00,0x00,0x00,0x00,0x00,
    0x00,0x00,0x00,0x00,0x00,0x00,0x00,0x00,0x00,0x00,0x00,0x00,0x00,0x00,0x00,0x00,
    0x00,0x00,0x00,0x00,0x00,0x00,0x00,0x00,0x00,0x00,0x00,0x00,0x00,0x00,0x00,0x00,
    0x00,0x00,0x00,0x00,0x39,0xde,0xed,0xa6,0x20,0x00,0x00,0x07,0xff,0xff,0xff,0xff,
    0xd0,0x00,0x00,0x6f,0xfb,0x41,0x13,0x8e,0xd0,0x00,0x00,0xdf,0xb0,0x00,0x00,0x02,
    0x90,0x00,0x02,0xff,0x50,0x00,0x00,0x00,0x00,0x00,0x03,0xff,0x40,0x00,0x00,0x00,
    0x00,0x00,0x02,0xff,0x80,0x00,0x00,0x00,0x00,0x00,0x00,0xcf,0xf8,0x20,0x00,0x00,
    0x00,0x00,0x00,0x3e,0xff,0xfc,0x95,0x10,0x00,0x00,0x00,0x02,0x9e,0xff,0xff,0xf9,
    0x10,0x00,0x00,0x00,0x01,0x48,0xbf,0xff,0xc1,0x00,0x00,0x00,0x00,0x00,0x01,0x9f,
    0xf7,0x00,0x00,0x00,0x00,0x00,0x00,0x0c,0xfc,0x00,0x00,0x00,0x00,0x00,0x00,0x09,
    0xfe,0x00,0x00,0x00,0x00,0x00,0x00,0x09,0xfd,0x00,0x00,0xa2,0x00,0x00,0x00,0x1e,
    0xfa,0x00,0x00,0xff,0x94,0x10,0x26,0xdf,0xf3,0x00,0x00,0xff,0xff,0xff,0xff,0xff,
    0x60,0x00,0x00,0x26,0xac,0xef,0xec,0x82,0x00,0x00,0x00,0x00,0x00,0x00,0x00,0x00,
    0x00,0x00,0x00,0x00,0x00,0x00,0x00,0x00,0x00,0x00,0x00,0x00,0x00,0x00,0x00,0x00,
    0x00,0x00,0x00,0x00,0x00,0x00,0x00,0x00,0x00,0x00,0x00,0x00,0x00,0x00,0x00,0x00,
    0x00,0x00,0x00,0x00,0x00,0x00,0x00,0x00,0x00,0x00,0x00,0x00,0x00,0x00,0x00,0x00,
    0x00,0x00,0x00,0x00,0x00,0x00,0x00,0x00,0x00,0x00,0x00,0x00,0x00,0x00,0x00,0x00,
    0x00,0x00,0x00,0x00,0x00,0x00,0x00,0x00,0x00,0x00,0x00,0x00,0x00,0x00,0x00,0x00,
    0x00,0x00,0x00,0x00,0x00,0x00,0x00,0x00,0x00,0x00,0x00,0x00,0x00,0x00,0x00,0x00,
    0x00,0x00,0x00,0x00,0x00,0x00,0x00,0x00,0x00,0x00,0x00,0x00,0x00,0x00,0x00,0x00,
    0x00,0x00,0x00,0x00,0x00,0x00,0x00,0x00,0x00,0x00,0x00,0x00,0x00,0x00,0x00,0x00,
    0x00,0x00,0x6f,0xff,0xff,0xff,0xff,0xff,0xff,0xf1,0x6f,0xff,0xff,0xff,0xff,0xff,
    0xff,0xf1,0x00,0x00,0x00,0x7f,0xf2,0x00,0x00,0x00,0x00,0x00,0x00,0x7f,0xf2,0x00,
    0x00,0x00,0x00,0x00,0x00,0x7f,0xf2,0x00,0x00,0x00,0x00,0x00,0x00,0x7f,0xf2,0x00,
    0x00,0x00,0x00,0x00,0x00,0x7f,0xf2,0x00,0x00,0x00,0x00,0x00,0x00,0x7f,0xf2,0x00,
    0x00,0x00,0x00,0x00,0x00,0x7f,0xf2,0x00,0x00,0x00,0x00,0x00,0x00,0x7f,0xf2,0x00,
    0x00,0x00,0x00,0x00,0x00,0x7f,0xf2,0x00,0x00,0x00,0x00,0x00,0x00,0x7f,0xf2,0x00,
    0x00,0x00,0x00,0x00,0x00,0x7f,0xf2,0x00,0x00,0x00,0x00,0x00,0x00,0x7f,0xf2,0x00,
    0x00,0x00,0x00,0x00,0x00,0x7f,0xf2,0x00,0x00,0x00,0x00,0x00,0x00,0x7f,0xf2,0x00,
    0x00,0x00,0x00,0x00,0x00,0x7f,0xf2,0x00,0x00,0x00,0x00,0x00,0x00,0x7f,0xf2,0x00,
    0x00,0x00,0x00,0x00,0x00,0x7f,0xf2,0x00,0x00,0x00,0x00,0x00,0x00,0x00,0x00,0x00,
    0x00,0x00,0x00,0x00,0x00,0x00,0x00,0x00,0x00,0x00,0x00,0x00,0x00,0x00,0x00,0x00,
    0x00,0x00,0x00,0x00,0x00,0x00,0x00,0x00,0x00,0x00,0x00,0x00,0x00,0x00,0x00,0x00,
    0x00,0x00,0x00,0x00,0x00,0x00,0x00,0x00,0x00,0x00,0x00,0x00,0x00,0x00,0x00,0x00,
    0x00,0x00,0x00,0x00,0x00,0x00,0x00,0x00,0x00,0x00,0x00,0x00,0x00,0x00,0x00,0x00,
    0x00,0x00,0x00,0x00,0x00,0x00,0x00,0x00,0x00,0x00,0x00,0x00,0x00,0x00,0x00,0x00,
    0x00,0x00,0x00,0x00,0x00,0x00,0x00,0x00,0x00,0x00,0x00,0x00,0x00,0x00,0x00,0x00,
    0x00,0x00,0x00,0x00,0x00,0x00,0x00,0x00,0x00,0x00,0x00,0x00,0x00,0x00,0x00,0x00,
    0x00,0x00,0x00,0x00,0x00,0x00,0x00,0x00,0x00,0x00,0x00,0x00,0x00,0x00,0x00,0x00,
    0x00,0x00,0x02,0xff,0x70,0x00,0x00,0x0c,0xfc,0x00,0x02,0xff,0x70,0x00,0x00,0x0c,
    0xfc,0x00,0x02,0xff,0x70,0x00,0x00,0x0c,0xfc,0x00,0x02,0xff,0x70,0x00,0x00,0x0c,
    0xfc,0x00,0x02,0xff,0x70,0x00,0x00,0x0c,0xfc,0x00,0x02,0xff,0x70,0x00,0x00,0x0c,
    0xfc,0x00,0x02,0xff,0x70,0x00,0x00,0x0c,0xfc,0x00,0x02,0xff,0x70,0x00,0x00,0x0c,
    0xfc,0x00,0x02,0xff,0x70,0x00,0x00,0x0c,0xfc,0x00,0x02,0xff,0x70,0x00,0x00,0x0c,
    0xfc,0x00,0x02,0xff,0x70,0x00,0x00,0x0c,0xfc,0x00,0x02,0xff,0x70,0x00,0x00,0x0c,
    0xfc,0x00,0x02,0xff,0x70,0x00,0x00,0x0c,0xfb,0x00,0x01,0xff,0x70,0x00,0x00,0x0c,
    0xfb,0x00,0x00,0xff,0x80,0x00,0x00,0x0d,0xf9,0x00,0x00,0xcf,0xc0,0x00,0x00,0x3f,
    0xf6,0x00,0x00,0x5f,0xfa,0x30,0x15,0xdf,0xe1,0x00,0x00,0x08,0xff,0xff,0xff,0xfe,
    0x30,0x00,0x00,0x00,0x3a,0xdf,0xec,0x81,0x00,0x00,0x00,0x00,0x00,0x00,0x00,0x00,
    0x00,0x00,0x00,0x00,0x00,0x00,0x00,0x00,0x00,0x00,0x00,0x00,0x00,0x00,0x00,0x00,
    0x00,0x00,0x00,0x00,0x00,0x00,0x00,0x00,0x00,0x00,0x00,0x00,0x00,0x00,0x00,0x00,
    0x00,0x00,0x00,0x00,0x00,0x00,0x00,0x00,0x00,0x00,0x00,0x00,0x00,0x00,0x00,0x00,
    0x00,0x00,0x00,0x00,0x00,0x00,0x00,0x00,0x00,0x00,0x00,0x00,0x00,0x00,0x00,0x00,
    0x00,0x00,0x00,0x00,0x00,0x00,0x00,0x00,0x00,0x00,0x00,0x00,0x00,0x00,0x00,0x00,
    0x00,0x00,0x00,0x00,0x00,0x00,0x00,0x00,0x00,0x00,0x00,0x00,0x00,0x00,0x00,0x00,
    0x00,0x00,0x00,0x00,0x00,0x00,0x00,0x00,0x00,0x00,0x00,0x00,0x00,0x00,0x00,0x00,
    0x00,0x00,0x00,0x00,0x00,0x00,0x00,0x00,0x00,0x00,0x00,0x00,0x00,0x00,0x00,0x00,
    0x00,0x00,0x2f,0xf8,0x00,0x00,0x00,0x00,0xdf,0xc0,0x0d,0xfc,0x00,0x00,0x00,0x02,
    0xff,0x70,0x08,0xff,0x10,0x00,0x00,0x06,0xff,0x30,0x04,0xff,0x40,0x00,0x00,0x0a,
    0xfe,0x00,0x00,0xef,0x80,0x00,0x00,0x0e,0xf9,0x00,0x00,0xaf,0xc0,0x00,0x00,0x3f,
    0xf5,0x00,0x00,0x6f,0xf1,0x00,0x00,0x7f,0xf1,0x00,0x00,0x1f,0xf5,0x00,0x00,0xbf,
    0xb0,0x00,0x00,0x0c,0xf9,0x00,0x00,0xef,0x70,0x00,0x00,0x08,0xfd,0x00,0x03,0xff,
    0x20,0x00,0x00,0x03,0xff,0x20,0x07,0xfd,0x00,0x00,0x00,0x00,0xef,0x60,0x0b,0xf9,
    0x00,0x00,0x00,0x00,0xaf,0xa0,0x1f,0xf4,0x00,0x00,0x00,0x00,0x5f,0xe0,0x4f,0xe0,
    0x00,0x00,0x00,0x00,0x1f,0xf3,0x8f,0xa0,0x00,0x00,0x00,0x00,0x0b,0xf7,0xcf,0x60,
    0x00,0x00,0x00,0x00,0x07,0xfc,0xff,0x20,0x00,0x00,0x00,0x00,0x03,0xff,0xfc,0x00,
    0x00,0x00,0x00,0x00,0x00,0xdf,0xf8,0x00,0x00,0x00,0x00,0x00,0x00,0x00,0x00,0x00,
    0x00,0x00,0x00,0x00,0x00,0x00,0x00,0x00,0x00,0x00,0x00,0x00,0x00,0x00,0x00,0x00,
    0x00,0x00,0x00,0x00,0x00,0x00,0x00,0x00,0x00,0x00,0x00,0x00,0x00,0x00,0x00,0x00,
    0x00,0x00,0x00,0x00,0x00,0x00,0x00,0x00,0x00,0x00,0x00,0x00,0x00,0x00,0x00,0x00,
    0x00,0x00,0x00,0x00,0x00,0x00,0x00,0x00,0x00,0x00,0x00,0x00,0x00,0x00,0x00,0x00,
    0x00,0x00,0x00,0x00,0x00,0x00,0x00,0x00,0x00,0x00,0x00,0x00,0x00,0x00,0x00,0x00,
    0x00,0x00,0x00,0x00,0x00,0x00,0x00,0x00,0x00,0x00,0x00,0x00,0x00,0x00,0x00,0x00,
    0x00,0x00,0x00,0x00,0x00,0x00,0x00,0x00,0x00,0x00,0x00,0x00,0x00,0x00,0x00,0x00,
    0x00,0x00,0x00,0x00,0x00,0x00,0x00,0x00,0x00,0x00,0x00,0x00,0x00,0x00,0x00,0x00,
    0x00,0x00,0xef,0x80,0x00,0x00,0x00,0x00,0x0e,0xf9,0xcf,0xa0,0x00,0x00,0x00,0x00,
    0x0f,0xf6,0x9f,0xc0,0x00,0x00,0x00,0x00,0x2f,0xf4,0x7f,0xe0,0x00,0x00,0x00,0x00,
    0x4f,0xf2,0x5f,0xf0,0x00,0x00,0x00,0x00,0x6f,0xf0,0x3f,0xf2,0x00,0xaf,0xf4,0x00,
    0x7f,0xd0,0x1f,0xf4,0x00,0xdf,0xf7,0x00,0x9f,0xa0,0x0d,0xf6,0x01,0xfe,0xfa,0x00,
    0xbf,0x80,0x0b,0xf8,0x04,0xf9,0xed,0x00,0xdf,0x60,0x09,0xf9,0x07,0xf6,0xbf,0x20,
    0xef,0x40,0x07,0xfb,0x0a,0xf2,0x8f,0x51,0xff,0x10,0x04,0xfd,0x0d,0xe0,0x4f,0x83,
    0xfe,0x00,0x02,0xff,0x1f,0xb0,0x1f,0xb5,0xfc,0x00,0x00,0xff,0x6f,0x70,0x0d,0xe7,
    0xfa,0x00,0x00,0xdf,0xbf,0x40,0x09,0xfb,0xf7,0x00,0x00,0xaf,0xff,0x10,0x06,0xff,
    0xf5,0x00,0x00,0x8f,0xfc,0x00,0x03,0xff,0xf3,0x00,0x00,0x6f,0xf9,0x00,0x00,0xef,
    0xf1,0x00,0x00,0x4f,0xf5,0x00,0x00,0xbf,0xe0,0x00,0x00,0x00,0x00,0x00,0x00,0x00,
    0x00,0x00,0x00,0x00,0x00,0x00,0x00,0x00,0x00,0x00,0x00,0x00,0x00,0x00,0x00,0x00,
    0x00,0x00,0x00,0x00,0x00,0x00,0x00,0x00,0x00,0x00,0x00,0x00,0x00,0x00,0x00,0x00,
    0x00,0x00,0x00,0x00,0x00,0x00,0x00,0x00,0x00,0x00,0x00,0x00,0x00,0x00,0x00,0x00,
    0x00,0x00,0x00,0x00,0x00,0x00,0x00,0x00,0x00,0x00,0x00,0x00,0x00,0x00,0x00,0x00,
    0x00,0x00,0x00,0x00,0x00,0x00,0x00,0x00,0x00,0x00,0x00,0x00,0x00,0x00,0x00,0x00,
    0x00,0x00,0x00,0x00,0x00,0x00,0x00,0x00,0x00,0x00,0x00,0x00,0x00,0x00,0x00,0x00,
    0x00,0x00,0x00,0x00,0x00,0x00,0x00,0x00,0x00,0x00,0x00,0x00,0x00,0x00,0x00,0x00,
    0x00,0x00,0x00,0x00,0x00,0x00,0x00,0x00,0x00,0x00,0x00,0x00,0x00,0x00,0x00,0x00,
    0x00,0x00,0x09,0xff,0x20,0x00,0x00,0x01,0xef,0xa0,0x01,0xef,0xb0,0x00,0x00,0x0a,
    0xfe,0x20,0x00,0x6f,0xf4,0x00,0x00,0x3f,0xf6,0x00,0x00,0x0b,0xfd,0x00,0x00,0xcf,
    0xc0,0x00,0x00,0x02,0xff,0x70,0x06,0xff,0x30,0x00,0x00,0x00,0x8f,0xe1,0x1e,0xf8,
    0x00,0x00,0x00,0x00,0x1d,0xf9,0x9f,0xd0,0x00,0x00,0x00,0x00,0x05,0xff,0xff,0x40,
    0x00,0x00,0x00,0x00,0x00,0xaf,0xf9,0x00,0x00,0x00,0x00,0x00,0x00,0xcf,0xfa,0x00,
    0x00,0x00,0x00,0x00,0x06,0xff,0xff,0x40,0x00,0x00,0x00,0x00,0x1e,0xf9,0x9f,0xd0,
    0x00,0x00,0x00,0x00,0xaf,0xe1,0x1e,0xf7,0x00,0x00,0x00,0x04,0xff,0x60,0x07,0xfe,
    0x20,0x00,0x00,0x1d,0xfb,0x00,0x00,0xdf,0xa0,0x00,0x00,0x8f,0xf2,0x00,0x00,0x5f,
    0xf4,0x00,0x03,0xff,0x80,0x00,0x00,0x0b,0xfd,0x00,0x0c,0xfd,0x10,0x00,0x00,0x03,
    0xff,0x70,0x7f,0xf5,0x00,0x00,0x00,0x00,0x9f,0xf2,0x00,0x00,0x00,0x00,0x00,0x00,
    0x00,0x00,0x00,0x00,0x00,0x00,0x00,0x00,0x00,0x00,0x00,0x00,0x00,0x00,0x00,0x00,
    0x00,0x00,0x00,0x00,0x00,0x00,0x00,0x00,0x00,0x00,0x00,0x00,0x00,0x00,0x00,0x00,
    0x00,0x00,0x00,0x00,0x00,0x00,0x00,0x00,0x00,0x00,0x00,0x00,0x00,0x00,0x00,0x00,
    0x00,0x00,0x00,0x00,0x00,0x00,0x00,0x00,0x00,0x00,0x00,0x00,0x00,0x00,0x00,0x00,
    0x00,0x00,0x00,0x00,0x00,0x00,0x00,0x00,0x00,0x00,0x00,0x00,0x00,0x00,0x00,0x00,
    0x00,0x00,0x00,0x00,0x00,0x00,0x00,0x00,0x00,0x00,0x00,0x00,0x00,0x00,0x00,0x00,
    0x00,0x00,0x00,0x00,0x00,0x00,0x00,0x00,0x00,0x00,0x00,0x00,0x00,0x00,0x00,0x00,
    0x00,0x00,0x00,0x00,0x00,0x00,0x00,0x00,0x00,0x00,0x00,0x00,0x00,0x00,0x00,0x00,
    0x00,0x00,0x4f,0xf7,0x00,0x00,0x00,0x00,0xdf,0xd0,0x0a,0xfe,0x10,0x00,0x00,0x06,
    0xff,0x50,0x02,0xef,0x90,0x00,0x00,0x1e,0xfb,0x00,0x00,0x8f,0xf2,0x00,0x00,0x7f,
    0xf3,0x00,0x00,0x1d,0xfa,0x00,0x01,0xef,0x90,0x00,0x00,0x05,0xff,0x40,0x09,0xfe,
    0x10,0x00,0x00,0x00,0xcf,0xc0,0x2f,0xf6,0x00,0x00,0x00,0x00,0x3f,0xf5,0xaf,0xc0,
    0x00,0x00,0x00,0x00,0x09,0xfe,0xff,0x40,0x00,0x00,0x00,0x00,0x01,0xef,0xfa,0x00,
    0x00,0x00,0x00,0x00,0x00,0x8f,0xf3,0x00,0x00,0x00,0x00,0x00,0x00,0x7f,0xf2,0x00,
    0x00,0x00,0x00,0x00,0x00,0x7f,0xf2,0x00,0x00,0x00,0x00,0x00,0x00,0x7f,0xf2,0x00,
    0x00,0x00,0x00,0x00,0x00,0x7f,0xf2,0x00,0x00,0x00,0x00,0x00,0x00,0x7f,0xf2,0x00,
    0x00,0x00,0x00,0x00,0x00,0x7f,0xf2,0x00,0x00,0x00,0x00,0x00,0x00,0x7f,0xf2,0x00,
    0x00,0x00,0x00,0x00,0x00,0x7f,0xf2,0x00,0x00,0x00,0x00,0x00,0x00,0x00,0x00,0x00,
    0x00,0x00,0x00,0x00,0x00,0x00,0x00,0x00,0x00,0x00,0x00,0x00,0x00,0x00,0x00,0x00,
    0x00,0x00,0x00,0x00,0x00,0x00,0x00,0x00,0x00,0x00,0x00,0x00,0x00,0x00,0x00,0x00,
    0x00,0x00,0x00,0x00,0x00,0x00,0x00,0x00,0x00,0x00,0x00,0x00,0x00,0x00,0x00,0x00,
    0x00,0x00,0x00,0x00,0x00,0x00,0x00,0x00,0x00,0x00,0x00,0x00,0x00,0x00,0x00,0x00,
    0x00,0x00,0x00,0x00,0x00,0x00,0x00,0x00,0x00,0x00,0x00,0x00,0x00,0x00,0x00,0x00,
    0x00,0x00,0x00,0x00,0x00,0x00,0x00,0x00,0x00,0x00,0x00,0x00,0x00,0x00,0x00,0x00,
    0x00,0x00,0x00,0x00,0x00,0x00,0x00,0x00,0x00,0x00,0x00,0x00,0x00,0x00,0x00,0x00,
    0x00,0x00,0x00,0x00,0x00,0x00,0x00,0x00,0x00,0x00,0x00,0x00,0x00,0x00,0x00,0x00,
    0x00,0x00,0x00,0xbf,0xff,0xff,0xff,0xff,0xff,0x80,0x00,0xbf,0xff,0xff,0xff,0xff,
    0xff,0x80,0x00,0x00,0x00,0x00,0x00,0x0b,0xff,0x30,0x00,0x00,0x00,0x00,0x00,0x5f,
    0xf8,0x00,0x00,0x00,0x00,0x00,0x01,0xef,0xd1,0x00,0x00,0x00,0x00,0x00,0x0a,0xff,
    0x40,0x00,0x00,0x00,0x00,0x00,0x4f,0xf9,0x00,0x00,0x00,0x00,0x00,0x01,0xdf,0xd1,
    0x00,0x00,0x00,0x00,0x00,0x08,0xff,0x40,0x00,0x00,0x00,0x00,0x00,0x3f,0xf9,0x00,
    0x00,0x00,0x00,0x00,0x00,0xcf,0xd1,0x00,0x00,0x00,0x00,0x00,0x07,0xff,0x40,0x00,
    0x00,0x00,0x00,0x00,0x2f,0xf9,0x00,0x00,0x00,0x00,0x00,0x00,0xbf,0xe1,0x00,0x00,
    0x00,0x00,0x00,0x06,0xff,0x50,0x00,0x00,0x00,0x00,0x00,0x2e,0xfa,0x00,0x00,0x00,
    0x00,0x00,0x00,0xaf,0xe1,0x00,0x00,0x00,0x00,0x00,0x00,0xff,0xff,0xff,0xff,0xff,
    0xff,0xd0,0x00,0xff,0xff,0xff,0xff,0xff,0xff,0xd0,0x00,0x00,0x00,0x00,0x00,0x00,
    0x00,0x00,0x00,0x00,0x00,0x00,0x00,0x00,0x00,0x00,0x00,0x00,0x00,0x00,0x00,0x00,
    0x00,0x00,0x00,0x00,0x00,0x00,0x00,0x00,0x00,0x00,0x00,0x00,0x00,0x00,0x00,0x00,
    0x00,0x00,0x00,0x00,0x00,0x00,0x00,0x00,0x00,0x00,0x00,0x00,0x00,0x00,0x00,0x00,
    0x00,0x00,0x00,0x00,0x00,0x00,0x00,0x00,0x00,0x00,0x00,0x00,0x00,0x00,0x00,0x00,
    0x00,0x00,0x00,0x00,0x00,0x00,0x00,0x00,0x00,0x00,0x00,0x00,0x00,0x00,0x00,0x00,
    0x00,0x00,0x00,0x00,0x00,0x00,0x00,0x00,0x00,0x00,0x00,0x00,0x00,0x00,0x00,0x00,
    0x00,0x00,0x00,0x00,0x00,0x00,0x00,0x00,0x00,0x00,0x00,0x00,0x00,0x00,0x00,0x00,
    0x00,0x00,0x00,0x00,0x00,0x00,0x00,0x00,0x00,0x00,0x00,0x00,0x02,0xff,0xff,0xf4,
    0x00,0x00,0x00,0x00,0x02,0xff,0xff,0xf4,0x00,0x00,0x00,0x00,0x02,0xff,0x30,0x00,
    0x00,0x00,0x00,0x00,0x02,0xff,0x30,0x00,0x00,0x00,0x00,0x00,0x02,0xff,0x30,0x00,
    0x00,0x00,0x00,0x00,0x02,0xff,0x30,0x00,0x00,0x00,0x00,0x00,0x02,0xff,0x30,0x00,
    0x00,0x00,0x00,0x00,0x02,0xff,0x30,0x00,0x00,0x00,0x00,0x00,0x02,0xff,0x30,0x00,
    0x00,0x00,0x00,0x00,0x02,0xff,0x30,0x00,0x00,0x00,0x00,0x00,0x02,0xff,0x30,0x00,
    0x00,0x00,0x00,0x00,0x02,0xff,0x30,0x00,0x00,0x00,0x00,0x00,0x02,0xff,0x30,0x00,
    0x00,0x00,0x00,0x00,0x02,0xff,0x30,0x00,0x00,0x00,0x00,0x00,0x02,0xff,0x30,0x00,
    0x00,0x00,0x00,0x00,0x02,0xff,0x30,0x00,0x00,0x00,0x00,0x00,0x02,0xff,0x30,0x00,
    0x00,0x00,0x00,0x00,0x02,0xff,0x30,0x00,0x00,0x00,0x00,0x00,0x02,0xff,0x30,0x00,
    0x00,0x00,0x00,0x00,0x02,0xff,0x30,0x00,0x00,0x00,0x00,0x00,0x02,0xff,0x30,0x00,
    0x00,0x00,0x00,0x00,0x02,0xff,0xff,0xf4,0x00,0x00,0x00,0x00,0x02,0xff,0xff,0xf4,
    0x00,0x00,0x00,0x00,0x00,0x00,0x00,0x00,0x00,0x00,0x00,0x00,0x00,0x00,0x00,0x00,
    0x00,0x00,0x00,0x00,0x00,0x00,0x00,0x00,0x00,0x00,0x00,0x00,0x00,0x00,0x00,0x00,
    0x00,0x00,0x00,0x00,0x00,0x00,0x00,0x00,0x00,0x00,0x00,0x00,0x00,0x00,0x00,0x00,
    0x00,0x00,0x00,0x00,0x00,0x00,0x00,0x00,0x00,0x00,0x00,0x00,0x00,0x00,0x00,0x00,
    0x00,0x00,0x00,0x00,0x00,0x00,0x00,0x00,0x00,0x00,0x00,0x00,0x00,0x00,0x00,0x00,
    0x00,0x00,0x00,0x00,0x00,0x00,0x00,0x00,0x00,0x00,0x00,0x00,0x00,0x00,0x00,0x00,
    0x00,0x00,0x00,0x00,0x00,0x00,0x00,0x00,0x00,0x00,0x00,0x00,0x00,0x00,0x00,0x00,
    0x00,0x00,0x07,0xfe,0x10,0x00,0x00,0x00,0x00,0x00,0x01,0xef,0x60,0x00,0x00,0x00,
    0x00,0x00,0x00,0x8f,0xd0,0x00,0x00,0x00,0x00,0x00,0x00,0x1e,0xf6,0x00,0x00,0x00,
    0x00,0x00,0x00,0x09,0xfd,0x00,0x00,0x00,0x00,0x00,0x00,0x02,0xff,0x50,0x00,0x00,
    0x00,0x00,0x00,0x00,0x9f,0xc0,0x00,0x00,0x00,0x00,0x00,0x00,0x2f,0xf4,0x00,0x00,
    0x00,0x00,0x00,0x00,0x0a,0xfb,0x00,0x00,0x00,0x00,0x00,0x00,0x03,0xff,0x40,0x00,
    0x00,0x00,0x00,0x00,0x00,0xbf,0xb0,0x00,0x00,0x00,0x00,0x00,0x00,0x4f,0xf3,0x00,
    0x00,0x00,0x00,0x00,0x00,0x0b,0xfa,0x00,0x00,0x00,0x00,0x00,0x00,0x04,0xff,0x20,
    0x00,0x00,0x00,0x00,0x00,0x00,0xcf,0x90,0x00,0x00,0x00,0x00,0x00,0x00,0x5f,0xf2,
    0x00,0x00,0x00,0x00,0x00,0x00,0x0d,0xf8,0x00,0x00,0x00,0x00,0x00,0x00,0x06,0xfe,
    0x10,0x00,0x00,0x00,0x00,0x00,0x00,0xdf,0x80,0x00,0x00,0x00,0x00,0x00,0x00,0x7f,
    0xe1,0x00,0x00,0x00,0x00,0x00,0x00,0x1e,0xf7,0x00,0x00,0x00,0x00,0x00,0x00,0x00,
    0x00,0x00,0x00,0x00,0x00,0x00,0x00,0x00,0x00,0x00,0x00,0x00,0x00,0x00,0x00,0x00,
    0x00,0x00,0x00,0x00,0x00,0x00,0x00,0x00,0x00,0x00,0x00,0x00,0x00,0x00,0x00,0x00,
    0x00,0x00,0x00,0x00,0x00,0x00,0x00,0x00,0x00,0x00,0x00,0x00,0x00,0x00,0x00,0x00,
    0x00,0x00,0x00,0x00,0x00,0x00,0x00,0x00,0x00,0x00,0x00,0x00,0x00,0x00,0x00,0x00,
    0x00,0x00,0x00,0x00,0x00,0x00,0x00,0x00,0x00,0x00,0x00,0x00,0x00,0x00,0x00,0x00,
    0x00,0x00,0x00,0x00,0x00,0x00,0x00,0x00,0x00,0x00,0x00,0x00,0x00,0x00,0x00,0x00,
    0x00,0x00,0x00,0x00,0x00,0x00,0x00,0x00,0x00,0x00,0x00,0x00,0x9f,0xff,0xfc,0x00,
    0x00,0x00,0x00,0x00,0x9f,0xff,0xfc,0x00,0x00,0x00,0x00,0x00,0x00,0x08,0xfc,0x00,
    0x00,0x00,0x00,0x00,0x00,0x08,0xfc,0x00,0x00,0x00,0x00,0x00,0x00,0x08,0xfc,0x00,
    0x00,0x00,0x00,0x00,0x00,0x08,0xfc,0x00,0x00,0x00,0x00,0x00,0x00,0x08,0xfc,0x00,
    0x00,0x00,0x00,0x00,0x00,0x08,0xfc,0x00,0x00,0x00,0x00,0x00,0x00,0x08,0xfc,0x00,
    0x00,0x00,0x00,0x00,0x00,0x08,0xfc,0x00,0x00,0x00,0x00,0x00,0x00,0x08,0xfc,0x00,
    0x00,0x00,0x00,0x00,0x00,0x08,0xfc,0x00,0x00,0x00,0x00,0x00,0x00,0x08,0xfc,0x00,
    0x00,0x00,0x00,0x00,0x00,0x08,0xfc,0x00,0x00,0x00,0x00,0x00,0x00,0x08,0xfc,0x00,
    0x00,0x00,0x00,0x00,0x00,0x08,0xfc,0x00,0x00,0x00,0x00,0x00,0x00,0x08,0xfc,0x00,
    0x00,0x00,0x00,0x00,0x00,0x08,0xfc,0x00,0x00,0x00,0x00,0x00,0x00,0x08,0xfc,0x00,
    0x00,0x00,0x00,0x00,0x00,0x08,0xfc,0x00,0x00,0x00,0x00,0x00,0x00,0x08,0xfc,0x00,
    0x00,0x00,0x00,0x00,0x9f,0xff,0xfc,0x00,0x00,0x00,0x00,0x00,0x9f,0xff,0xfc,0x00,
    0x00,0x00,0x00,0x00,0x00,0x00,0x00,0x00,0x00,0x00,0x00,0x00,0x00,0x00,0x00,0x00,
    0x00,0x00,0x00,0x00,0x00,0x00,0x00,0x00,0x00,0x00,0x00,0x00,0x00,0x00,0x00,0x00,
    0x00,0x00,0x00,0x00,0x00,0x00,0x00,0x00,0x00,0x00,0x00,0x00,0x00,0x00,0x00,0x00,
    0x00,0x00,0x00,0x00,0x00,0x00,0x00,0x00,0x00,0x00,0x00,0x00,0x00,0x00,0x00,0x00,
    0x00,0x00,0x00,0x00,0x00,0x00,0x00,0x00,0x00,0x00,0x00,0x00,0x00,0x00,0x00,0x00,
    0x00,0x00,0x00,0x00,0x00,0x00,0x00,0x00,0x00,0x00,0x00,0x00,0x00,0x00,0x00,0x00,
    0x00,0x00,0x00,0x00,0x00,0x00,0x00,0x00,0x00,0x00,0x00,0x00,0x00,0x00,0x00,0x00,
    0x00,0x00,0x00,0x00,0x00,0xbf,0xf5,0x00,0x00,0x00,0x00,0x00,0x08,0xff,0xff,0x30,
    0x00,0x00,0x00,0x00,0x5f,0xf6,0xbf,0xe2,0x00,0x00,0x00,0x03,0xff,0x70,0x1b,0xfc,
    0x10,0x00,0x00,0x2e,0xf8,0x00,0x01,0xcf,0xa0,0x00,0x01,0xcf,0x90,0x00,0x00,0x1d,
    0xf7,0x00,0x0a,0xfa,0x00,0x00,0x00,0x02,0xdf,0x50,0x00,0x00,0x00,0x00,0x00,0x00,
    0x00,0x00,0x00,0x00,0x00,0x00,0x00,0x00,0x00,0x00,0x00,0x00,0x00,0x00,0x00,0x00,
    0x00,0x00,0x00,0x00,0x00,0x00,0x00,0x00,0x00,0x00,0x00,0x00,0x00,0x00,0x00,0x00,
    0x00,0x00,0x00,0x00,0x00,0x00,0x00,0x00,0x00,0x00,0x00,0x00,0x00,0x00,0x00,0x00,
    0x00,0x00,0x00,0x00,0x00,0x00,0x00,0x00,0x00,0x00,0x00,0x00,0x00,0x00,0x00,0x00,
    0x00,0x00,0x00,0x00,0x00,0x00,0x00,0x00,0x00,0x00,0x00,0x00,0x00,0x00,0x00,0x00,
    0x00,0x00,0x00,0x00,0x00,0x00,0x00,0x00,0x00,0x00,0x00,0x00,0x00,0x00,0x00,0x00,
    0x00,0x00,0x00,0x00,0x00,0x00,0x00,0x00,0x00,0x00,0x00,0x00,0x00,0x00,0x00,0x00,
    0x00,0x00,0x00,0x00,0x00,0x00,0x00,0x00,0x00,0x00,0x00,0x00,0x00,0x00,0x00,0x00,
    0x00,0x00,0x00,0x00,0x00,0x00,0x00,0x00,0x00,0x00,0x00,0x00,0x00,0x00,0x00,0x00,
    0x00,0x00,0x00,0x00,0x00,0x00,0x00,0x00,0x00,0x00,0x00,0x00,0x00,0x00,0x00,0x00,
    0x00,0x00,0x00,0x00,0x00,0x00,0x00,0x00,0x00,0x00,0x00,0x00,0x00,0x00,0x00,0x00,
    0x00,0x00,0x00,0x00,0x00,0x00,0x00,0x00,0x00,0x00,0x00,0x00,0x00,0x00,0x00,0x00,
    0x00,0x00,0x00,0x00,0x00,0x00,0x00,0x00,0x00,0x00,0x00,0x00,0x00,0x00,0x00,0x00,
    0x00,0x00,0x00,0x00,0x00,0x00,0x00,0x00,0x00,0x00,0x00,0x00,0x00,0x00,0x00,0x00,
    0x00,0x00,0x00,0x00,0x00,0x00,0x00,0x00,0x00,0x00,0x00,0x00,0x00,0x00,0x00,0x00,
    0x00,0x00,0x00,0x00,0x00,0x00,0x00,0x00,0x00,0x00,0x00,0x00,0x00,0x00,0x00,0x00,
    0x00,0x00,0x00,0x00,0x00,0x00,0x00,0x00,0x00,0x00,0x00,0x00,0x00,0x00,0x00,0x00,
    0x00,0x00,0x00,0x00,0x00,0x00,0x00,0x00,0x00,0x00,0x00,0x00,0x00,0x00,0x00,0x00,
    0x00,0x00,0x00,0x00,0x00,0x00,0x00,0x00,0x00,0x00,0x00,0x00,0x00,0x00,0x00,0x00,
    0x00,0x00,0x00,0x00,0x00,0x00,0x00,0x00,0x00,0x00,0x00,0x00,0x00,0x00,0x00,0x00,
    0x00,0x00,0x00,0x00,0x00,0x00,0x00,0x00,0x00,0x00,0x00,0x00,0x00,0x00,0x00,0x00,
    0x00,0x00,0x00,0x00,0x00,0x00,0x00,0x00,0x00,0x00,0x00,0x00,0x00,0x00,0x00,0x00,
    0x00,0x00,0x00,0x00,0x00,0x00,0x00,0x00,0x00,0x00,0x00,0x00,0x00,0x00,0x00,0x00,
    0x00,0x00,0x00,0x00,0x00,0x00,0x00,0x00,0x00,0x00,0x00,0x00,0x00,0x00,0x00,0x00,
    0x00,0x00,0x00,0x00,0x00,0x00,0x00,0x00,0x00,0x00,0x00,0x00,0x00,0x00,0x00,0x00,
    0x00,0x00,0x00,0x00,0x00,0x00,0x00,0x00,0x00,0x00,0xff,0xff,0xff,0xff,0xff,0xff,
    0xff,0xfa,0xff,0xff,0xff,0xff,0xff,0xff,0xff,0xfa,0x00,0x00,0x00,0x00,0x00,0x00,
    0x00,0x00,0x00,0x00,0x00,0x00,0x00,0x00,0x00,0x00,0x00,0x00,0x00,0x00,0x00,0x00,
    0x00,0x00,0x00,0x00,0x00,0x00,0x00,0x00,0x00,0x00,0x00,0x00,0x00,0x00,0x00,0x00,
    0x00,0x00,0x00,0x00,0x00,0x00,0x00,0x00,0x00,0x00,0x00,0x00,0x00,0x00,0x00,0x00,
    0x00,0x00,0x00,0x00,0x00,0x00,0x00,0x00,0x00,0x00,0x00,0x00,0x00,0x00,0x00,0x00,
    0x00,0x00,0x00,0x02,0xef,0x60,0x00,0x00,0x00,0x00,0x00,0x00,0x4f,0xe2,0x00,0x00,
    0x00,0x00,0x00,0x00,0x06,0xfc,0x00,0x00,0x00,0x00,0x00,0x00,0x00,0x9f,0x80,0x00,
    0x00,0x00,0x00,0x00,0x00,0x0b,0xf4,0x00,0x00,0x00,0x00,0x00,0x00,0x00,0x00,0x00,
    0x00,0x00,0x00,0x00,0x00,0x00,0x00,0x00,0x00,0x00,0x00,0x00,0x00,0x00,0x00,0x00,
    0x00,0x00,0x00,0x00,0x00,0x00,0x00,0x00,0x00,0x00,0x00,0x00,0x00,0x00,0x00,0x00,
    0x00,0x00,0x00,0x00,0x00,0x00,0x00,0x00,0x00,0x00,0x00,0x00,0x00,0x00,0x00,0x00,
    0x00,0x00,0x00,0x00,0x00,0x00,0x00,0x00,0x00,0x00,0x00,0x00,0x00,0x00,0x00,0x00,
    0x00,0x00,0x00,0x00,0x00,0x00,0x00,0x00,0x00,0x00,0x00,0x00,0x00,0x00,0x00,0x00,
    0x00,0x00,0x00,0x00,0x00,0x00,0x00,0x00,0x00,0x00,0x00,0x00,0x00,0x00,0x00,0x00,
    0x00,0x00,0x00,0x00,0x00,0x00,0x00,0x00,0x00,0x00,0x00,0x00,0x00,0x00,0x00,0x00,
    0x00,0x00,0x00,0x00,0x00,0x00,0x00,0x00,0x00,0x00,0x00,0x00,0x00,0x00,0x00,0x00,
    0x00,0x00,0x00,0x00,0x00,0x00,0x00,0x00,0x00,0x00,0x00,0x00,0x00,0x00,0x00,0x00,
    0x00,0x00,0x00,0x00,0x00,0x00,0x00,0x00,0x00,0x00,0x00,0x00,0x00,0x00,0x00,0x00,
    0x00,0x00,0x00,0x00,0x00,0x00,0x00,0x00,0x00,0x00,0x00,0x00,0x00,0x00,0x00,0x00,
    0x00,0x00,0x00,0x00,0x00,0x00,0x00,0x00,0x00,0x00,0x00,0x00,0x00,0x00,0x00,0x00,
    0x00,0x00,0x00,0x00,0x00,0x00,0x00,0x00,0x00,0x00,0x00,0x00,0x00,0x00,0x00,0x00,
    0x00,0x00,0x00,0x00,0x00,0x00,0x00,0x00,0x00,0x00,0x00,0x00,0x00,0x00,0x00,0x00,
    0x00,0x00,0x00,0x00,0x00,0x00,0x00,0x00,0x00,0x00,0x00,0x00,0x00,0x00,0x00,0x00,
    0x00,0x00,0x00,0x00,0x00,0x00,0x00,0x00,0x00,0x00,0x00,0x00,0x00,0x00,0x00,0x00,
    0x00,0x00,0x00,0x00,0x00,0x00,0x00,0x00,0x00,0x00,0x00,0x00,0x00,0x00,0x00,0x00,
    0x00,0x00,0x00,0x00,0x00,0x00,0x00,0x00,0x00,0x00,0x00,0x00,0x00,0x00,0x00,0x00,
    0x00,0x00,0x00,0x00,0x00,0x00,0x00,0x00,0x00,0x00,0x00,0x03,0x8c,0xdf,0xec,0x71,
    0x00,0x00,0x00,0x4f,0xff,0xff,0xff,0xfe,0x30,0x00,0x00,0x4b,0x73,0x10,0x14,0xdf,
    0xd0,0x00,0x00,0x00,0x00,0x00,0x00,0x3f,0xf4,0x00,0x00,0x00,0x00,0x00,0x00,0x0e,
    0xf6,0x00,0x00,0x01,0x7b,0xef,0xff,0xff,0xf6,0x00,0x00,0x2d,0xff,0xff,0xff,0xff,
    0xf7,0x00,0x00,0xcf,0xe7,0x20,0x00,0x0e,0xf7,0x00,0x03,0xff,0x50,0x00,0x00,0x0f,
    0xf7,0x00,0x04,0xff,0x10,0x00,0x00,0x4f,0xf7,0x00,0x03,0xff,0x40,0x00,0x00,0xcf,
    0xf7,0x00,0x00,0xef,0xd4,0x11,0x4c,0xee,0xf7,0x00,0x00,0x5f,0xff,0xff,0xff,0x5e,
    0xf7,0x00,0x00,0x03,0xae,0xfd,0xa3,0x0e,0xf7,0x00,0x00,0x00,0x00,0x00,0x00,0x00,
    0x00,0x00,0x00,0x00,0x00,0x00,0x00,0x00,0x00,0x00,0x00,0x00,0x00,0x00,0x00,0x00,
    0x00,0x00,0x00,0x00,0x00,0x00,0x00,0x00,0x00,0x00,0x00,0x00,0x00,0x00,0x00,0x00,
    0x00,0x00,0x00,0x00,0x00,0x00,0x00,0x00,0x00,0x00,0x00,0x00,0x00,0x00,0x00,0x00,
    0x00,0x00,0x00,0x00,0x00,0x00,0x00,0x00,0x00,0x00,0x00,0x00,0x00,0x00,0x00,0x00,
    0x00,0x00,0x00,0x00,0x00,0x00,0x00,0x00,0x00,0x00,0x00,0x00,0x00,0x00,0x00,0x00,
    0x00,0x00,0x00,0x00,0x00,0x00,0x00,0x00,0x00,0x00,0x00,0x00,0x00,0x00,0x00,0x00,
    0x00,0x00,0x00,0x00,0x00,0x00,0x00,0x00,0x00,0x00,0x00,0x00,0x00,0x00,0x00,0x00,
    0x00,0x00,0x00,0x00,0x00,0x00,0x00,0x00,0x00,0x00,0x00,0x8f,0xc0,0x00,0x00,0x00,
    0x00,0x00,0x00,0x8f,0xc0,0x00,0x00,0x00,0x00,0x00,0x00,0x8f,0xc0,0x00,0x00,0x00,
    0x00,0x00,0x00,0x8f,0xc0,0x00,0x00,0x00,0x00,0x00,0x00,0x8f,0xc0,0x00,0x00,0x00,
    0x00,0x00,0x00,0x8f,0xc0,0x00,0x00,0x00,0x00,0x00,0x00,0x8f,0xc0,0x7d,0xfe,0xa3,
    0x00,0x00,0x00,0x8f,0xcb,0xff,0xff,0xff,0x50,0x00,0x00,0x8f,0xff,0x71,0x04,0xdf,
    0xe2,0x00,0x00,0x8f,0xf8,0x00,0x00,0x2f,0xf8,0x00,0x00,0x8f,0xf2,0x00,0x00,0x0a,
    0xfd,0x00,0x00,0x8f,0xd0,0x00,0x00,0x07,0xff,0x00,0x00,0x8f,0xc0,0x00,0x00,0x06,
    0xff,0x10,0x00,0x8f,0xc0,0x00,0x00,0x06,0xff,0x10,0x00,0x8f,0xd0,0x00,0x00,0x07,
    0xff,0x00,0x00,0x8f,0xf2,0x00,0x00,0x0a,0xfc,0x00,0x00,0x8f,0xf8,0x00,0x00,0x2f,
    0xf8,0x00,0x00,0x8f,0xff,0x71,0x04,0xdf,0xe1,0x00,0x00,0x8f,0xcb,0xff,0xff,0xff,
    0x40,0x00,0x00,0x8f,0xc0,0x7d,0xfe,0xa3,0x00,0x00,0x00,0x00,0x00,0x00,0x00,0x00,
    0x00,0x00,0x00,0x00,0x00,0x00,0x00,0x00,0x00,0x00,0x00,0x00,0x00,0x00,0x00,0x00,
    0x00,0x00,0x00,0x00,0x00,0x00,0x00,0x00,0x00,0x00,0x00,0x00,0x00,0x00,0x00,0x00,
    0x00,0x00,0x00,0x00,0x00,0x00,0x00,0x00,0x00,0x00,0x00,0x00,0x00,0x00,0x00,0x00,
    0x00,0x00,0x00,0x00,0x00,0x00,0x00,0x00,0x00,0x00,0x00,0x00,0x00,0x00,0x00,0x00,
    0x00,0x00,0x00,0x00,0x00,0x00,0x00,0x00,0x00,0x00,0x00,0x00,0x00,0x00,0x00,0x00,
    0x00,0x00,0x00,0x00,0x00,0x00,0x00,0x00,0x00,0x00,0x00,0x00,0x00,0x00,0x00,0x00,
    0x00,0x00,0x00,0x00,0x00,0x00,0x00,0x00,0x00,0x00,0x00,0x00,0x00,0x00,0x00,0x00,
    0x00,0x00,0x00,0x00,0x00,0x00,0x00,0x00,0x00,0x00,0x00,0x00,0x00,0x00,0x00,0x00,
    0x00,0x00,0x00,0x00,0x00,0x00,0x00,0x00,0x00,0x00,0x00,0x00,0x00,0x00,0x00,0x00,
    0x00,0x00,0x00,0x00,0x00,0x00,0x00,0x00,0x00,0x00,0x00,0x00,0x00,0x00,0x00,0x00,
    0x00,0x00,0x00,0x00,0x00,0x00,0x00,0x00,0x00,0x00,0x00,0x00,0x01,0x7c,0xef,0xd7,
    0x00,0x00,0x00,0x00,0x4e,0xff,0xff,0xff,0xc1,0x00,0x00,0x03,0xff,0xd6,0x10,0x27,
    0xe7,0x00,0x00,0x0c,0xfd,0x10,0x00,0x00,0x25,0x00,0x00,0x3f,0xf6,0x00,0x00,0x00,
    0x00,0x00,0x00,0x6f,0xf1,0x00,0x00,0x00,0x00,0x00,0x00,0x7f,0xf0,0x00,0x00,0x00,
    0x00,0x00,0x00,0x7f,0xf0,0x00,0x00,0x00,0x00,0x00,0x00,0x6f,0xf1,0x00,0x00,0x00,
    0x00,0x00,0x00,0x3f,0xf6,0x00,0x00,0x00,0x00,0x00,0x00,0x0c,0xfd,0x10,0x00,0x00,
    0x25,0x00,0x00,0x03,0xff,0xd6,0x10,0x27,0xe7,0x00,0x00,0x00,0x4e,0xff,0xff,0xff,
    0xc1,0x00,0x00,0x00,0x01,0x7c,0xef,0xd7,0x00,0x00,0x00,0x00,0x00,0x00,0x00,0x00,
    0x00,0x00,0x00,0x00,0x00,0x00,0x00,0x00,0x00,0x00,0x00,0x00,0x00,0x00,0x00,0x00,
    0x00,0x00,0x00,0x00,0x00,0x00,0x00,0x00,0x00,0x00,0x00,0x00,0x00,0x00,0x00,0x00,
    0x00,0x00,0x00,0x00,0x00,0x00,0x00,0x00,0x00,0x00,0x00,0x00,0x00,0x00,0x00,0x00,
    0x00,0x00,0x00,0x00,0x00,0x00,0x00,0x00,0x00,0x00,0x00,0x00,0x00,0x00,0x00,0x00,
    0x00,0x00,0x00,0x00,0x00,0x00,0x00,0x00,0x00,0x00,0x00,0x00,0x00,0x00,0x00,0x00,
    0x00,0x00,0x00,0x00,0x00,0x00,0x00,0x00,0x00,0x00,0x00,0x00,0x00,0x00,0x00,0x00,
    0x00,0x00,0x00,0x00,0x00,0x00,0x00,0x00,0x00,0x00,0x00,0x00,0x00,0x00,0x00,0x00,
    0x00,0x00,0x00,0x00,0x00,0x00,0x00,0x00,0x00,0x00,0x00,0x00,0x00,0x00,0x00,0x2f,
    0xf4,0x00,0x00,0x00,0x00,0x00,0x00,0x2f,0xf4,0x00,0x00,0x00,0x00,0x00,0x00,0x2f,
    0xf4,0x00,0x00,0x00,0x00,0x00,0x00,0x2f,0xf4,0x00,0x00,0x00,0x00,0x00,0x00,0x2f,
    0xf4,0x00,0x00,0x00,0x00,0x00,0x00,0x2f,0xf4,0x00,0x00,0x00,0x5b,0xee,0xb4,0x2f,
    0xf4,0x00,0x00,0x09,0xff,0xff,0xff,0x8f,0xf4,0x00,0x00,0x5f,0xfa,0x20,0x3b,0xff,
    0xf4,0x00,0x00,0xdf,0xc0,0x00,0x00,0xdf,0xf4,0x00,0x02,0xff,0x50,0x00,0x00,0x7f,
    0xf4,0x00,0x05,0xff,0x20,0x00,0x00,0x3f,0xf4,0x00,0x06,0xff,0x10,0x00,0x00,0x2f,
    0xf4,0x00,0x06,0xff,0x10,0x00,0x00,0x2f,0xf4,0x00,0x05,0xff,0x20,0x00,0x00,0x3f,
    0xf4,0x00,0x02,0xff,0x50,0x00,0x00,0x7f,0xf4,0x00,0x00,0xdf,0xb0,0x00,0x00,0xdf,
    0xf4,0x00,0x00,0x5f,0xfa,0x20,0x3b,0xff,0xf4,0x00,0x00,0x09,0xff,0xff,0xff,0x8f,
    0xf4,0x00,0x00,0x00,0x5b,0xee,0xc5,0x2f,0xf4,0x00,0x00,0x00,0x00,0x00,0x00,0x00,
    0x00,0x00,0x00,0x00,0x00,0x00,0x00,0x00,0x00,0x00,0x00,0x00,0x00,0x00,0x00,0x00,
    0x00,0x00,0x00,0x00,0x00,0x00,0x00,0x00,0x00,0x00,0x00,0x00,0x00,0x00,0x00,0x00,
    0x00,0x00,0x00,0x00,0x00,0x00,0x00,0x00,0x00,0x00,0x00,0x00,0x00,0x00,0x00,0x00,
    0x00,0x00,0x00,0x00,0x00,0x00,0x00,0x00,0x00,0x00,0x00,0x00,0x00,0x00,0x00,0x00,
    0x00,0x00,0x00,0x00,0x00,0x00,0x00,0x00,0x00,0x00,0x00,0x00,0x00,0x00,0x00,0x00,
    0x00,0x00,0x00,0x00,0x00,0x00,0x00,0x00,0x00,0x00,0x00,0x00,0x00,0x00,0x00,0x00,
    0x00,0x00,0x00,0x00,0x00,0x00,0x00,0x00,0x00,0x00,0x00,0x00,0x00,0x00,0x00,0x00,
    0x00,0x00,0x00,0x00,0x00,0x00,0x00,0x00,0x00,0x00,0x00,0x00,0x00,0x00,0x00,0x00,
    0x00,0x00,0x00,0x00,0x00,0x00,0x00,0x00,0x00,0x00,0x00,0x00,0x00,0x00,0x00,0x00,
    0x00,0x00,0x00,0x00,0x00,0x00,0x00,0x00,0x00,0x00,0x00,0x00,0x00,0x00,0x00,0x00,
    0x00,0x00,0x00,0x00,0x00,0x00,0x00,0x00,0x00,0x00,0x00,0x00,0x17,0xce,0xfd,0x92,
    0x00,0x00,0x00,0x03,0xef,0xff,0xff,0xfe,0x40,0x00,0x00,0x2e,0xfd,0x51,0x03,0xbf,
    0xe1,0x00,0x00,0xaf,0xe2,0x00,0x00,0x1d,0xf8,0x00,0x01,0xff,0x70,0x00,0x00,0x07,
    0xfd,0x00,0x05,0xff,0x30,0x00,0x00,0x04,0xff,0x10,0x06,0xff,0xff,0xff,0xff,0xff,
    0xff,0x20,0x06,0xff,0xff,0xff,0xff,0xff,0xff,0x20,0x05,0xff,0x10,0x00,0x00,0x00,
    0x00,0x00,0x01,0xff,0x40,0x00,0x00,0x00,0x00,0x00,0x00,0xaf,0xc0,0x00,0x00,0x00,
    0x00,0x00,0x00,0x2e,0xfc,0x51,0x01,0x36,0xa8,0x00,0x00,0x03,0xef,0xff,0xff,0xff,
    0xf9,0x00,0x00,0x00,0x17,0xbe,0xfe,0xc9,0x51,0x00,0x00,0x00,0x00,0x00,0x00,0x00,
    0x00,0x00,0x00,0x00,0x00,0x00,0x00,0x00,0x00,0x00,0x00,0x00,0x00,0x00,0x00,0x00,
    0x00,0x00,0x00,0x00,0x00,0x00,0x00,0x00,0x00,0x00,0x00,0x00,0x00,0x00,0x00,0x00,
    0x00,0x00,0x00,0x00,0x00,0x00,0x00,0x00,0x00,0x00,0x00,0x00,0x00,0x00,0x00,0x00,
    0x00,0x00,0x00,0x00,0x00,0x00,0x00,0x00,0x00,0x00,0x00,0x00,0x00,0x00,0x00,0x00,
    0x00,0x00,0x00,0x00,0x00,0x00,0x00,0x00,0x00,0x00,0x00,0x00,0x00,0x00,0x00,0x00,
    0x00,0x00,0x00,0x00,0x00,0x00,0x00,0x00,0x00,0x00,0x00,0x00,0x00,0x00,0x00,0x00,
    0x00,0x00,0x00,0x00,0x00,0x00,0x00,0x00,0x00,0x00,0x00,0x00,0x00,0x00,0x00,0x00,
    0x00,0x00,0x00,0x00,0x00,0x00,0x00,0x00,0x00,0x00,0x00,0x00,0x00,0x01,0x9d,0xff,
    0xf8,0x00,0x00,0x00,0x00,0x1d,0xff,0xff,0xf8,0x00,0x00,0x00,0x00,0x6f,0xf5,0x10,
    0x00,0x00,0x00,0x00,0x00,0x9f,0xb0,0x00,0x00,0x00,0x00,0x00,0x00,0xbf,0x90,0x00,
    0x00,0x00,0x00,0x00,0x00,0xbf,0x90,0x00,0x00,0x00,0x00,0x8f,0xff,0xff,0xff,0xff,
    0xf8,0x00,0x00,0x8f,0xff,0xff,0xff,0xff,0xf8,0x00,0x00,0x00,0x00,0xbf,0x90,0x00,
    0x00,0x00,0x00,0x00,0x00,0xbf,0x90,0x00,0x00,0x00,0x00,0x00,0x00,0xbf,0x90,0x00,
    0x00,0x00,0x00,0x00,0x00,0xbf,0x90,0x00,0x00,0x00,0x00,0x00,0x00,0xbf,0x90,0x00,
    0x00,0x00,0x00,0x00,0x00,0xbf,0x90,0x00,0x00,0x00,0x00,0x00,0x00,0xbf,0x90,0x00,
    0x00,0x00,0x00,0x00,0x00,0xbf,0x90,0x00,0x00,0x00,0x00,0x00,0x00,0xbf,0x90,0x00,
    0x00,0x00,0x00,0x00,0x00,0xbf,0x90,0x00,0x00,0x00,0x00,0x00,0x00,0xbf,0x90,0x00,
    0x00,0x00,0x00,0x00,0x00,0xbf,0x90,0x00,0x00,0x00,0x00,0x00,0x00,0x00,0x00,0x00,
    0x00,0x00,0x00,0x00,0x00,0x00,0x00,0x00,0x00,0x00,0x00,0x00,0x00,0x00,0x00,0x00,
    0x00,0x00,0x00,0x00,0x00,0x00,0x00,0x00,0x00,0x00,0x00,0x00,0x00,0x00,0x00,0x00,
    0x00,0x00,0x00,0x00,0x00,0x00,0x00,0x00,0x00,0x00,0x00,0x00,0x00,0x00,0x00,0x00,
    0x00,0x00,0x00,0x00,0x00,0x00,0x00,0x00,0x00,0x00,0x00,0x00,0x00,0x00,0x00,0x00,
    0x00,0x00,0x00,0x00,0x00,0x00,0x00,0x00,0x00,0x00,0x00,0x00,0x00,0x00,0x00,0x00,
    0x00,0x00,0x00,0x00,0x00,0x00,0x00,0x00,0x00,0x00,0x00,0x00,0x00,0x00,0x00,0x00,
    0x00,0x00,0x00,0x00,0x00,0x00,0x00,0x00,0x00,0x00,0x00,0x00,0x00,0x00,0x00,0x00,
    0x00,0x00,0x00,0x00,0x00,0x00,0x00,0x00,0x00,0x00,0x00,0x00,0x00,0x00,0x00,0x00,
    0x00,0x00,0x00,0x00,0x00,0x00,0x00,0x00,0x00,0x00,0x00,0x00,0x00,0x00,0x00,0x00,
    0x00,0x00,0x00,0x00,0x00,0x00,0x00,0x00,0x00,0x00,0x00,0x00,0x00,0x00,0x00,0x00,
    0x00,0x00,0x00,0x00,0x00,0x00,0x00,0x00,0x00,0x00,0x00,0x00,0x5b,0xee,0xc5,0x2f,
    0xf4,0x00,0x00,0x08,0xff,0xff,0xff,0x7f,0xf4,0x00,0x00,0x5f,0xfa,0x30,0x2b,0xff,
    0xf4,0x00,0x00,0xcf,0xc0,0x00,0x00,0xdf,0xf4,0x00,0x02,0xff,0x50,0x00,0x00,0x7f,
    0xf4,0x00,0x05,0xff,0x20,0x00,0x00,0x3f,0xf4,0x00,0x06,0xff,0x10,0x00,0x00,0x2f,
    0xf4,0x00,0x06,0xff,0x10,0x00,0x00,0x2f,0xf4,0x00,0x05,0xff,0x20,0x00,0x00,0x3f,
    0xf4,0x00,0x02,0xff,0x60,0x00,0x00,0x7f,0xf4,0x00,0x00,0xcf,0xc0,0x00,0x00,0xdf,
    0xf4,0x00,0x00,0x5f,0xfb,0x30,0x2b,0xef,0xf4,0x00,0x00,0x08,0xff,0xff,0xff,0x6f,
    0xf3,0x00,0x00,0x00,0x5c,0xee,0xb4,0x2f,0xf3,0x00,0x00,0x00,0x00,0x00,0x00,0x3f,
    0xf1,0x00,0x00,0x00,0x00,0x00,0x00,0x9f,0xd0,0x00,0x00,0x0b,0x84,0x10,0x28,0xff,
    0x60,0x00,0x00,0x0d,0xff,0xff,0xff,0xf9,0x00,0x00,0x00,0x02,0x7c,0xef,0xeb,0x50,
    0x00,0x00,0x00,0x00,0x00,0x00,0x00,0x00,0x00,0x00,0x00,0x00,0x00,0x00,0x00,0x00,
    0x00,0x00,0x00,0x00,0x00,0x00,0x00,0x00,0x00,0x00,0x00,0x00,0x00,0x00,0x00,0x00,
    0x00,0x00,0x00,0x00,0x00,0x00,0x00,0x00,0x00,0x00,0x00,0x00,0x00,0x00,0x00,0x00,
    0x00,0x00,0x00,0x00,0x00,0x00,0x00,0x00,0x00,0x00,0x00,0x00,0x00,0x00,0x00,0x00,
    0x00,0x00,0x00,0x00,0x00,0x00,0x00,0x00,0x00,0x00,0x00,0x00,0x00,0x00,0x00,0x00,
    0x00,0x00,0x00,0x00,0x00,0x00,0x00,0x00,0x00,0x00,0x00,0x8f,0xc0,0x00,0x00,0x00,
    0x00,0x00,0x00,0x8f,0xc0,0x00,0x00,0x00,0x00,0x00,0x00,0x8f,0xc0,0x00,0x00,0x00,
    0x00,0x00,0x00,0x8f,0xc0,0x00,0x00,0x00,0x00,0x00,0x00,0x8f,0xc0,0x00,0x00,0x00,
    0x00,0x00,0x00,0x8f,0xc0,0x00,0x00,0x00,0x00,0x00,0x00,0x8f,0xc0,0x5b,0xee,0xc4,
    0x00,0x00,0x00,0x8f,0xc7,0xff,0xff,0xff,0x50,0x00,0x00,0x8f,0xef,0x71,0x15,0xef,
    0xd0,0x00,0x00,0x8f,0xf8,0x00,0x00,0x6f,0xf2,0x00,0x00,0x8f,0xf1,0x00,0x00,0x2f,
    0xf4,0x00,0x00,0x8f,0xe0,0x00,0x00,0x0f,0xf5,0x00,0x00,0x8f,0xc0,0x00,0x00,0x0f,
    0xf5,0x00,0x00,0x8f,0xc0,0x00,0x00,0x0f,0xf5,0x00,0x00,0x8f,0xc0,0x00,0x00,0x0f,
    0xf5,0x00,0x00,0x8f,0xc0,0x00,0x00,0x0f,0xf5,0x00,0x00,0x8f,0xc0,0x00,0x00,0x0f,
    0xf5,0x00,0x00,0x8f,0xc0,0x00,0x00,0x0f,0xf5,0x00,0x00,0x8f,0xc0,0x00,0x00,0x0f,
    0xf5,0x00,0x00,0x8f,0xc0,0x00,0x00,0x0f,0xf5,0x00,0x00,0x00,0x00,0x00,0x00,0x00,
    0x00,0x00,0x00,0x00,0x00,0x00,0x00,0x00,0x00,0x00,0x00,0x00,0x00,0x00,0x00,0x00,
    0x00,0x00,0x00,0x00,0x00,0x00,0x00,0x00,0x00,0x00,0x00,0x00,0x00,0x00,0x00,0x00,
    0x00,0x00,0x00,0x00,0x00,0x00,0x00,0x00,0x00,0x00,0x00,0x00,0x00,0x00,0x00,0x00,
    0x00,0x00,0x00,0x00,0x00,0x00,0x00,0x00,0x00,0x00,0x00,0x00,0x00,0x00,0x00,0x00,
    0x00,0x00,0x00,0x00,0x00,0x00,0x00,0x00,0x00,0x00,0x00,0x00,0x00,0x00,0x00,0x00,
    0x00,0x00,0x00,0x00,0x00,0x00,0x00,0x00,0x00,0x00,0x00,0x00,0x00,0x00,0x00,0x00,
    0x00,0x00,0x00,0x00,0x00,0x00,0x00,0x00,0x00,0x00,0x00,0x00,0x00,0x00,0x00,0x00,
    0x00,0x00,0x00,0x00,0x00,0x00,0x00,0x00,0x00,0x00,0x00,0x00,0x00,0x2f,0xf4,0x00,
    0x00,0x00,0x00,0x00,0x00,0x2f,0xf4,0x00,0x00,0x00,0x00,0x00,0x00,0x2f,0xf4,0x00,
    0x00,0x00,0x00,0x00,0x00,0x00,0x00,0x00,0x00,0x00,0x00,0x00,0x00,0x00,0x00,0x00,
    0x00,0x00,0x00,0x00,0x00,0x00,0x00,0x00,0x00,0x00,0x00,0x0b,0xff,0xff,0xf4,0x00,
    0x00,0x00,0x00,0x0b,0xff,0xff,0xf4,0x00,0x00,0x00,0x00,0x00,0x00,0x2f,0xf4,0x00,
    0x00,0x00,0x00,0x00,0x00,0x2f,0xf4,0x00,0x00,0x00,0x00,0x00,0x00,0x2f,0xf4,0x00,
    0x00,0x00,0x00,0x00,0x00,0x2f,0xf4,0x00,0x00,0x00,0x00,0x00,0x00,0x2f,0xf4,0x00,
    0x00,0x00,0x00,0x00,0x00,0x2f,0xf4,0x00,0x00,0x00,0x00,0x00,0x00,0x2f,0xf4,0x00,
    0x00,0x00,0x00,0x00,0x00,0x2f,0xf4,0x00,0x00,0x00,0x00,0x00,0x00,0x2f,0xf4,0x00,
    0x00,0x00,0x00,0x00,0x00,0x2f,0xf4,0x00,0x00,0x00,0x00,0xbf,0xff,0xff,0xff,0xff,
    0xfd,0x00,0x00,0xbf,0xff,0xff,0xff,0xff,0xfd,0x00,0x00,0x00,0x00,0x00,0x00,0x00,
    0x00,0x00,0x00,0x00,0x00,0x00,0x00,0x00,0x00,0x00,0x00,0x00,0x00,0x00,0x00,0x00,
    0x00,0x00,0x00,0x00,0x00,0x00,0x00,0x00,0x00,0x00,0x00,0x00,0x00,0x00,0x00,0x00,
    0x00,0x00,0x00,0x00,0x00,0x00,0x00,0x00,0x00,0x00,0x00,0x00,0x00,0x00,0x00,0x00,
    0x00,0x00,0x00,0x00,0x00,0x00,0x00,0x00,0x00,0x00,0x00,0x00,0x00,0x00,0x00,0x00,
    0x00,0x00,0x00,0x00,0x00,0x00,0x00,0x00,0x00,0x00,0x00,0x00,0x00,0x00,0x00,0x00,
    0x00,0x00,0x00,0x00,0x00,0x00,0x00,0x00,0x00,0x00,0x00,0x00,0x00,0x00,0x00,0x00,
    0x00,0x00,0x00,0x00,0x00,0x00,0x00,0x00,0x00,0x00,0x00,0x00,0x00,0x00,0x00,0x00,
    0x00,0x00,0x00,0x00,0x00,0x00,0x00,0x00,0x00,0x00,0x00,0x00,0x00,0x06,0xfe,0x00,
    0x00,0x00,0x00,0x00,0x00,0x06,0xfe,0x00,0x00,0x00,0x00,0x00,0x00,0x06,0xfe,0x00,
    0x00,0x00,0x00,0x00,0x00,0x00,0x00,0x00,0x00,0x00,0x00,0x00,0x00,0x00,0x00,0x00,
    0x00,0x00,0x00,0x00,0x00,0x00,0x00,0x00,0x00,0x00,0x00,0x06,0xff,0xff,0xfe,0x00,
    0x00,0x00,0x00,0x06,0xff,0xff,0xfe,0x00,0x00,0x00,0x00,0x00,0x00,0x06,0xfe,0x00,
    0x00,0x00,0x00,0x00,0x00,0x06,0xfe,0x00,0x00,0x00,0x00,0x00,0x00,0x06,0xfe,0x00,
    0x00,0x00,0x00,0x00,0x00,0x06,0xfe,0x00,0x00,0x00,0x00,0x00,0x00,0x06,0xfe,0x00,
    0x00,0x00,0x00,0x00,0x00,0x06,0xfe,0x00,0x00,0x00,0x00,0x00,0x00,0x06,0xfe,0x00,
    0x00,0x00,0x00,0x00,0x00,0x06,0xfe,0x00,0x00,0x00,0x00,0x00,0x00,0x06,0xfe,0x00,
    0x00,0x00,0x00,0x00,0x00,0x06,0xfe,0x00,0x00,0x00,0x00,0x00,0x00,0x06,0xfe,0x00,
    0x00,0x00,0x00,0x00,0x00,0x06,0xfe,0x00,0x00,0x00,0x00,0x00,0x00,0x07,0xfe,0x00,
    0x00,0x00,0x00,0x00,0x00,0x09,0xfc,0x00,0x00,0x00,0x00,0x00,0x01,0x5f,0xf8,0x00,
    0x00,0x00,0x00,0xaf,0xff,0xff,0xd1,0x00,0x00,0x00,0x00,0xaf,0xff,0xe9,0x20,0x00,
    0x00,0x00,0x00,0x00,0x00,0x00,0x00,0x00,0x00,0x00,0x00,0x00,0x00,0x00,0x00,0x00,
    0x00,0x00,0x00,0x00,0x00,0x00,0x00,0x00,0x00,0x00,0x00,0x00,0x00,0x00,0x00,0x00,
    0x00,0x00,0x00,0x00,0x00,0x00,0x00,0x00,0x00,0x00,0x00,0x00,0x00,0x00,0x00,0x00,
    0x00,0x00,0x00,0x00,0x00,0x00,0x00,0x00,0x00,0x00,0x00,0x00,0x00,0x00,0x00,0x00,
    0x00,0x00,0x00,0x00,0x00,0x00,0x00,0x00,0x00,0x00,0x00,0x00,0x00,0x00,0x00,0x00,
    0x00,0x00,0x00,0x00,0x00,0x00,0x00,0x00,0x00,0x00,0x00,0x0f,0xf6,0x00,0x00,0x00,
    0x00,0x00,0x00,0x0f,0xf6,0x00,0x00,0x00,0x00,0x00,0x00,0x0f,0xf6,0x00,0x00,0x00,
    0x00,0x00,0x00,0x0f,0xf6,0x00,0x00,0x00,0x00,0x00,0x00,0x0f,0xf6,0x00,0x00,0x00,
    0x00,0x00,0x00,0x0f,0xf6,0x00,0x00,0x00,0x00,0x00,0x00,0x0f,0xf6,0x00,0x00,0x2d,
    0xfc,0x10,0x00,0x0f,0xf6,0x00,0x02,0xdf,0xb1,0x00,0x00,0x0f,0xf6,0x00,0x3e,0xfb,
    0x00,0x00,0x00,0x0f,0xf6,0x03,0xef,0xa0,0x00,0x00,0x00,0x0f,0xf6,0x4e,0xf9,0x00,
    0x00,0x00,0x00,0x0f,0xfa,0xff,0xe1,0x00,0x00,0x00,0x00,0x0f,0xff,0xfe,0xfa,0x00,
    0x00,0x00,0x00,0x0f,0xff,0x65,0xff,0x60,0x00,0x00,0x00,0x0f,0xf7,0x00,0x9f,0xf3,
    0x00,0x00,0x00,0x0f,0xf6,0x00,0x1d,0xfd,0x10,0x00,0x00,0x0f,0xf6,0x00,0x03,0xff,
    0xa0,0x00,0x00,0x0f,0xf6,0x00,0x00,0x6f,0xf6,0x00,0x00,0x0f,0xf6,0x00,0x00,0x0a,
    0xff,0x30,0x00,0x0f,0xf6,0x00,0x00,0x01,0xdf,0xd1,0x00,0x00,0x00,0x00,0x00,0x00,
    0x00,0x00,0x00,0x00,0x00,0x00,0x00,0x00,0x00,0x00,0x00,0x00,0x00,0x00,0x00,0x00,
    0x00,0x00,0x00,0x00,0x00,0x00,0x00,0x00,0x00,0x00,0x00,0x00,0x00,0x00,0x00,0x00,
    0x00,0x00,0x00,0x00,0x00,0x00,0x00,0x00,0x00,0x00,0x00,0x00,0x00,0x00,0x00,0x00,
    0x00,0x00,0x00,0x00,0x00,0x00,0x00,0x00,0x00,0x00,0x00,0x00,0x00,0x00,0x00,0x00,
    0x00,0x00,0x00,0x00,0x00,0x00,0x00,0x00,0x00,0x00,0x00,0x00,0x00,0x00,0x00,0x00,
    0x00,0x00,0x00,0x00,0x00,0x00,0x00,0x00,0x00,0x00,0x00,0x00,0x00,0x00,0x00,0x00,
    0x00,0x00,0x00,0x00,0x00,0x00,0x00,0x00,0x00,0x00,0x00,0x00,0x00,0x00,0x00,0x00,
    0x00,0x00,0x00,0x00,0x00,0x00,0x00,0x00,0x00,0x00,0x00,0xff,0xff,0xff,0x20,0x00,
    0x00,0x00,0x00,0xff,0xff,0xff,0x20,0x00,0x00,0x00,0x00,0x00,0x03,0xff,0x20,0x00,
    0x00,0x00,0x00,0x00,0x03,0xff,0x20,0x00,0x00,0x00,0x00,0x00,0x03,0xff,0x20,0x00,
    0x00,0x00,0x00,0x00,0x03,0xff,0x20,0x00,0x00,0x00,0x00,0x00,0x03,0xff,0x20,0x00,
    0x00,0x00,0x00,0x00,0x03,0xff,0x20,0x00,0x00,0x00,0x00,0x00,0x03,0xff,0x20,0x00,
    0x00,0x00,0x00,0x00,0x03,0xff,0x20,0x00,0x00,0x00,0x00,0x00,0x03,0xff,0x20,0x00,
    0x00,0x00,0x00,0x00,0x03,0xff,0x20,0x00,0x00,0x00,0x00,0x00,0x03,0xff,0x20,0x00,
    0x00,0x00,0x00,0x00,0x03,0xff,0x20,0x00,0x00,0x00,0x00,0x00,0x03,0xff,0x20,0x00,
    0x00,0x00,0x00,0x00,0x03,0xff,0x30,0x00,0x00,0x00,0x00,0x00,0x01,0xff,0x60,0x00,
    0x00,0x00,0x00,0x00,0x00,0xbf,0xd3,0x00,0x00,0x00,0x00,0x00,0x00,0x3e,0xff,0xff,
    0xf2,0x00,0x00,0x00,0x00,0x03,0xbe,0xff,0xf2,0x00,0x00,0x00,0x00,0x00,0x00,0x00,
    0x00,0x00,0x00,0x00,0x00,0x00,0x00,0x00,0x00,0x00,0x00,0x00,0x00,0x00,0x00,0x00,
    0x00,0x00,0x00,0x00,0x00,0x00,0x00,0x00,0x00,0x00,0x00,0x00,0x00,0x00,0x00,0x00,
    0x00,0x00,0x00,0x00,0x00,0x00,0x00,0x00,0x00,0x00,0x00,0x00,0x00,0x00,0x00,0x00,
    0x00,0x00,0x00,0x00,0x00,0x00,0x00,0x00,0x00,0x00,0x00,0x00,0x00,0x00,0x00,0x00,
    0x00,0x00,0x00,0x00,0x00,0x00,0x00,0x00,0x00,0x00,0x00,0x00,0x00,0x00,0x00,0x00,
    0x00,0x00,0x00,0x00,0x00,0x00,0x00,0x00,0x00,0x00,0x00,0x00,0x00,0x00,0x00,0x00,
    0x00,0x00,0x00,0x00,0x00,0x00,0x00,0x00,0x00,0x00,0x00,0x00,0x00,0x00,0x00,0x00,
    0x00,0x00,0x00,0x00,0x00,0x00,0x00,0x00,0x00,0x00,0x00,0x00,0x00,0x00,0x00,0x00,
    0x00,0x00,0x00,0x00,0x00,0x00,0x00,0x00,0x00,0x00,0x00,0x00,0x00,0x00,0x00,0x00,
    0x00,0x00,0x00,0x00,0x00,0x00,0x00,0x00,0x00,0x00,0x00,0x00,0x00,0x00,0x00,0x00,
    0x00,0x00,0x00,0x00,0x00,0x00,0x00,0x00,0x00,0x00,0x09,0xf8,0x8e,0xe8,0x06,0xdf,
    0xb2,0x00,0x09,0xfe,0xff,0xff,0xaf,0xff,0xfb,0x00,0x09,0xfe,0x31,0xbf,0xf9,0x15,
    0xff,0x10,0x09,0xfa,0x00,0x5f,0xf2,0x00,0xdf,0x40,0x09,0xf8,0x00,0x4f,0xf0,0x00,
    0xcf,0x50,0x09,0xf8,0x00,0x3f,0xf0,0x00,0xbf,0x60,0x09,0xf8,0x00,0x3f,0xe0,0x00,
    0xbf,0x60,0x09,0xf8,0x00,0x3f,0xe0,0x00,0xbf,0x60,0x09,0xf8,0x00,0x3f,0xe0,0x00,
    0xbf,0x60,0x09,0xf8,0x00,0x3f,0xe0,0x00,0xbf,0x60,0x09,0xf8,0x00,0x3f,0xe0,0x00,
    0xbf,0x60,0x09,0xf8,0x00,0x3f,0xe0,0x00,0xbf,0x60,0x09,0xf8,0x00,0x3f,0xe0,0x00,
    0xbf,0x60,0x09,0xf8,0x00,0x3f,0xe0,0x00,0xbf,0x60,0x00,0x00,0x00,0x00,0x00,0x00,
    0x00,0x00,0x00,0x00,0x00,0x00,0x00,0x00,0x00,0x00,0x00,0x00,0x00,0x00,0x00,0x00,
    0x00,0x00,0x00,0x00,0x00,0x00,0x00,0x00,0x00,0x00,0x00,0x00,0x00,0x00,0x00,0x00,
    0x00,0x00,0x00,0x00,0x00,0x00,0x00,0x00,0x00,0x00,0x00,0x00,0x00,0x00,0x00,0x00,
    0x00,0x00,0x00,0x00,0x00,0x00,0x00,0x00,0x00,0x00,0x00,0x00,0x00,0x00,0x00,0x00,
    0x00,0x00,0x00,0x00,0x00,0x00,0x00,0x00,0x00,0x00,0x00,0x00,0x00,0x00,0x00,0x00,
    0x00,0x00,0x00,0x00,0x00,0x00,0x00,0x00,0x00,0x00,0x00,0x00,0x00,0x00,0x00,0x00,
    0x00,0x00,0x00,0x00,0x00,0x00,0x00,0x00,0x00,0x00,0x00,0x00,0x00,0x00,0x00,0x00,
    0x00,0x00,0x00,0x00,0x00,0x00,0x00,0x00,0x00,0x00,0x00,0x00,0x00,0x00,0x00,0x00,
    0x00,0x00,0x00,0x00,0x00,0x00,0x00,0x00,0x00,0x00,0x00,0x00,0x00,0x00,0x00,0x00,
    0x00,0x00,0x00,0x00,0x00,0x00,0x00,0x00,0x00,0x00,0x00,0x00,0x00,0x00,0x00,0x00,
    0x00,0x00,0x00,0x00,0x00,0x00,0x00,0x00,0x00,0x00,0x00,0x8f,0xc0,0x5b,0xee,0xc4,
    0x00,0x00,0x00,0x8f,0xc7,0xff,0xff,0xff,0x50,0x00,0x00,0x8f,0xef,0x71,0x15,0xef,
    0xd0,0x00,0x00,0x8f,0xf8,0x00,0x00,0x6f,0xf2,0x00,0x00,0x8f,0xf1,0x00,0x00,0x2f,
    0xf4,0x00,0x00,0x8f,0xe0,0x00,0x00,0x0f,0xf5,0x00,0x00,0x8f,0xc0,0x00,0x00,0x0f,
    0xf5,0x00,0x00,0x8f,0xc0,0x00,0x00,0x0f,0xf5,0x00,0x00,0x8f,0xc0,0x00,0x00,0x0f,
    0xf5,0x00,0x00,0x8f,0xc0,0x00,0x00,0x0f,0xf5,0x00,0x00,0x8f,0xc0,0x00,0x00,0x0f,
    0xf5,0x00,0x00,0x8f,0xc0,0x00,0x00,0x0f,0xf5,0x00,0x00,0x8f,0xc0,0x00,0x00,0x0f,
    0xf5,0x00,0x00,0x8f,0xc0,0x00,0x00,0x0f,0xf5,0x00,0x00,0x00,0x00,0x00,0x00,0x00,
    0x00,0x00,0x00,0x00,0x00,0x00,0x00,0x00,0x00,0x00,0x00,0x00,0x00,0x00,0x00,0x00,
    0x00,0x00,0x00,0x00,0x00,0x00,0x00,0x00,0x00,0x00,0x00,0x00,0x00,0x00,0x00,0x00,
    0x00,0x00,0x00,0x00,0x00,0x00,0x00,0x00,0x00,0x00,0x00,0x00,0x00,0x00,0x00,0x00,
    0x00,0x00,0x00,0x00,0x00,0x00,0x00,0x00,0x00,0x00,0x00,0x00,0x00,0x00,0x00,0x00,
    0x00,0x00,0x00,0x00,0x00,0x00,0x00,0x00,0x00,0x00,0x00,0x00,0x00,0x00,0x00,0x00,
    0x00,0x00,0x00,0x00,0x00,0x00,0x00,0x00,0x00,0x00,0x00,0x00,0x00,0x00,0x00,0x00,
    0x00,0x00,0x00,0x00,0x00,0x00,0x00,0x00,0x00,0x00,0x00,0x00,0x00,0x00,0x00,0x00,
    0x00,0x00,0x00,0x00,0x00,0x00,0x00,0x00,0x00,0x00,0x00,0x00,0x00,0x00,0x00,0x00,
    0x00,0x00,0x00,0x00,0x00,0x00,0x00,0x00,0x00,0x00,0x00,0x00,0x00,0x00,0x00,0x00,
    0x00,0x00,0x00,0x00,0x00,0x00,0x00,0x00,0x00,0x00,0x00,0x00,0x00,0x00,0x00,0x00,
    0x00,0x00,0x00,0x00,0x00,0x00,0x00,0x00,0x00,0x00,0x00,0x00,0x39,0xdf,0xec,0x71,
    0x00,0x00,0x00,0x06,0xff,0xff,0xff,0xfd,0x20,0x00,0x00,0x3f,0xfc,0x41,0x16,0xef,
    0xc0,0x00,0x00,0xaf,0xe1,0x00,0x00,0x5f,0xf5,0x00,0x00,0xef,0x80,0x00,0x00,0x0d,
    0xf9,0x00,0x02,0xff,0x50,0x00,0x00,0x0a,0xfc,0x00,0x04,0xff,0x40,0x00,0x00,0x09,
    0xfd,0x00,0x04,0xff,0x40,0x00,0x00,0x09,0xfd,0x00,0x02,0xff,0x50,0x00,0x00,0x0a,
    0xfc,0x00,0x00,0xef,0x80,0x00,0x00,0x0e,0xfa,0x00,0x00,0xaf,0xe1,0x00,0x00,0x5f,
    0xf5,0x00,0x00,0x3f,0xfc,0x40,0x16,0xef,0xc0,0x00,0x00,0x06,0xff,0xff,0xff,0xfd,
    0x20,0x00,0x00,0x00,0x39,0xdf,0xec,0x81,0x00,0x00,0x00,0x00,0x00,0x00,0x00,0x00,
    0x00,0x00,0x00,0x00,0x00,0x00,0x00,0x00,0x00,0x00,0x00,0x00,0x00,0x00,0x00,0x00,
    0x00,0x00,0x00,0x00,0x00,0x00,0x00,0x00,0x00,0x00,0x00,0x00,0x00,0x00,0x00,0x00,
    0x00,0x00,0x00,0x00,0x00,0x00,0x00,0x00,0x00,0x00,0x00,0x00,0x00,0x00,0x00,0x00,
    0x00,0x00,0x00,0x00,0x00,0x00,0x00,0x00,0x00,0x00,0x00,0x00,0x00,0x00,0x00,0x00,
    0x00,0x00,0x00,0x00,0x00,0x00,0x00,0x00,0x00,0x00,0x00,0x00,0x00,0x00,0x00,0x00,
    0x00,0x00,0x00,0x00,0x00,0x00,0x00,0x00,0x00,0x00,0x00,0x00,0x00,0x00,0x00,0x00,
    0x00,0x00,0x00,0x00,0x00,0x00,0x00,0x00,0x00,0x00,0x00,0x00,0x00,0x00,0x00,0x00,
    0x00,0x00,0x00,0x00,0x00,0x00,0x00,0x00,0x00,0x00,0x00,0x00,0x00,0x00,0x00,0x00,
    0x00,0x00,0x00,0x00,0x00,0x00,0x00,0x00,0x00,0x00,0x00,0x00,0x00,0x00,0x00,0x00,
    0x00,0x00,0x00,0x00,0x00,0x00,0x00,0x00,0x00,0x00,0x00,0x00,0x00,0x00,0x00,0x00,
    0x00,0x00,0x00,0x00,0x00,0x00,0x00,0x00,0x00,0x00,0x00,0x9f,0xc0,0x7d,0xfe,0xa2,
    0x00,0x00,0x00,0x9f,0xcb,0xff,0xff,0xfe,0x40,0x00,0x00,0x9f,0xff,0x71,0x04,0xdf,
    0xe1,0x00,0x00,0x9f,0xf8,0x00,0x00,0x2f,0xf7,0x00,0x00,0x9f,0xf1,0x00,0x00,0x0b,
    0xfc,0x00,0x00,0x9f,0xd0,0x00,0x00,0x08,0xfe,0x00,0x00,0x9f,0xc0,0x00,0x00,0x06,
    0xff,0x00,0x00,0x9f,0xc0,0x00,0x00,0x06,0xff,0x00,0x00,0x9f,0xd0,0x00,0x00,0x07,
    0xfe,0x00,0x00,0x9f,0xf1,0x00,0x00,0x0b,0xfc,0x00,0x00,0x9f,0xf8,0x00,0x00,0x2f,
    0xf7,0x00,0x00,0x9f,0xff,0x71,0x04,0xdf,0xe1,0x00,0x00,0x9f,0xcb,0xff,0xff,0xff,
    0x40,0x00,0x00,0x9f,0xc0,0x8d,0xfe,0xa2,0x00,0x00,0x00,0x9f,0xc0,0x00,0x00,0x00,
    0x00,0x00,0x00,0x9f,0xc0,0x00,0x00,0x00,0x00,0x00,0x00,0x9f,0xc0,0x00,0x00,0x00,
    0x00,0x00,0x00,0x9f,0xc0,0x00,0x00,0x00,0x00,0x00,0x00,0x9f,0xc0,0x00,0x00,0x00,
    0x00,0x00,0x00,0x00,0x00,0x00,0x00,0x00,0x00,0x00,0x00,0x00,0x00,0x00,0x00,0x00,
    0x00,0x00,0x00,0x00,0x00,0x00,0x00,0x00,0x00,0x00,0x00,0x00,0x00,0x00,0x00,0x00,
    0x00,0x00,0x00,0x00,0x00,0x00,0x00,0x00,0x00,0x00,0x00,0x00,0x00,0x00,0x00,0x00,
    0x00,0x00,0x00,0x00,0x00,0x00,0x00,0x00,0x00,0x00,0x00,0x00,0x00,0x00,0x00,0x00,
    0x00,0x00,0x00,0x00,0x00,0x00,0x00,0x00,0x00,0x00,0x00,0x00,0x00,0x00,0x00,0x00,
    0x00,0x00,0x00,0x00,0x00,0x00,0x00,0x00,0x00,0x00,0x00,0x00,0x00,0x00,0x00,0x00,
    0x00,0x00,0x00,0x00,0x00,0x00,0x00,0x00,0x00,0x00,0x00,0x00,0x00,0x00,0x00,0x00,
    0x00,0x00,0x00,0x00,0x00,0x00,0x00,0x00,0x00,0x00,0x00,0x00,0x00,0x00,0x00,0x00,
    0x00,0x00,0x00,0x00,0x00,0x00,0x00,0x00,0x00,0x00,0x00,0x00,0x4b,0xee,0xc6,0x0e,
    0xf6,0x00,0x00,0x06,0xff,0xff,0xff,0x8e,0xf6,0x00,0x00,0x3f,0xfc,0x30,0x29,0xff,
    0xf6,0x00,0x00,0xaf,0xe1,0x00,0x00,0xbf,0xf6,0x00,0x00,0xef,0x80,0x00,0x00,0x4f,
    0xf6,0x00,0x02,0xff,0x50,0x00,0x00,0x1f,0xf6,0x00,0x04,0xff,0x40,0x00,0x00,0x0f,
    0xf6,0x00,0x04,0xff,0x40,0x00,0x00,0x0f,0xf6,0x00,0x03,0xff,0x50,0x00,0x00,0x1f,
    0xf6,0x00,0x00,0xff,0x80,0x00,0x00,0x4f,0xf6,0x00,0x00,0xaf,0xe1,0x00,0x00,0xbf,
    0xf6,0x00,0x00,0x3f,0xfb,0x30,0x29,0xff,0xf6,0x00,0x00,0x07,0xff,0xff,0xff,0x8e,
    0xf6,0x00,0x00,0x00,0x4b,0xef,0xc6,0x0e,0xf6,0x00,0x00,0x00,0x00,0x00,0x00,0x0e,
    0xf6,0x00,0x00,0x00,0x00,0x00,0x00,0x0e,0xf6,0x00,0x00,0x00,0x00,0x00,0x00,0x0e,
    0xf6,0x00,0x00,0x00,0x00,0x00,0x00,0x0e,0xf6,0x00,0x00,0x00,0x00,0x00,0x00,0x0e,
    0xf6,0x00,0x00,0x00,0x00,0x00,0x00,0x00,0x00,0x00,0x00,0x00,0x00,0x00,0x00,0x00,
    0x00,0x00,0x00,0x00,0x00,0x00,0x00,0x00,0x00,0x00,0x00,0x00,0x00,0x00,0x00,0x00,
    0x00,0x00,0x00,0x00,0x00,0x00,0x00,0x00,0x00,0x00,0x00,0x00,0x00,0x00,0x00,0x00,
    0x00,0x00,0x00,0x00,0x00,0x00,0x00,0x00,0x00,0x00,0x00,0x00,0x00,0x00,0x00,0x00,
    0x00,0x00,0x00,0x00,0x00,0x00,0x00,0x00,0x00,0x00,0x00,0x00,0x00,0x00,0x00,0x00,
    0x00,0x00,0x00,0x00,0x00,0x00,0x00,0x00,0x00,0x00,0x00,0x00,0x00,0x00,0x00,0x00,
    0x00,0x00,0x00,0x00,0x00,0x00,0x00,0x00,0x00,0x00,0x00,0x00,0x00,0x00,0x00,0x00,
    0x00,0x00,0x00,0x00,0x00,0x00,0x00,0x00,0x00,0x00,0x00,0x00,0x00,0x00,0x00,0x00,
    0x00,0x00,0x00,0x00,0x00,0x00,0x00,0x00,0x00,0x00,0x00,0x00,0x6f,0xe0,0x29,0xdf,
    0xd9,0x20,0x00,0x00,0x6f,0xe3,0xef,0xff,0xff,0xa0,0x00,0x00,0x6f,0xec,0xd5,0x10,
    0x26,0x80,0x00,0x00,0x6f,0xfd,0x10,0x00,0x00,0x00,0x00,0x00,0x6f,0xf6,0x00,0x00,
    0x00,0x00,0x00,0x00,0x6f,0xf1,0x00,0x00,0x00,0x00,0x00,0x00,0x6f,0xf0,0x00,0x00,
    0x00,0x00,0x00,0x00,0x6f,0xe0,0x00,0x00,0x00,0x00,0x00,0x00,0x6f,0xe0,0x00,0x00,
    0x00,0x00,0x00,0x00,0x6f,0xe0,0x00,0x00,0x00,0x00,0x00,0x00,0x6f,0xe0,0x00,0x00,
    0x00,0x00,0x00,0x00,0x6f,0xe0,0x00,0x00,0x00,0x00,0x00,0x00,0x6f,0xe0,0x00,0x00,
    0x00,0x00,0x00,0x00,0x6f,0xe0,0x00,0x00,0x00,0x00,0x00,0x00,0x00,0x00,0x00,0x00,
    0x00,0x00,0x00,0x00,0x00,0x00,0x00,0x00,0x00,0x00,0x00,0x00,0x00,0x00,0x00,0x00,
    0x00,0x00,0x00,0x00,0x00,0x00,0x00,0x00,0x00,0x00,0x00,0x00,0x00,0x00,0x00,0x00,
    0x00,0x00,0x00,0x00,0x00,0x00,0x00,0x00,0x00,0x00,0x00,0x00,0x00,0x00,0x00,0x00,
    0x00,0x00,0x00,0x00,0x00,0x00,0x00,0x00,0x00,0x00,0x00,0x00,0x00,0x00,0x00,0x00,
    0x00,0x00,0x00,0x00,0x00,0x00,0x00,0x00,0x00,0x00,0x00,0x00,0x00,0x00,0x00,0x00,
    0x00,0x00,0x00,0x00,0x00,0x00,0x00,0x00,0x00,0x00,0x00,0x00,0x00,0x00,0x00,0x00,
    0x00,0x00,0x00,0x00,0x00,0x00,0x00,0x00,0x00,0x00,0x00,0x00,0x00,0x00,0x00,0x00,
    0x00,0x00,0x00,0x00,0x00,0x00,0x00,0x00,0x00,0x00,0x00,0x00,0x00,0x00,0x00,0x00,
    0x00,0x00,0x00,0x00,0x00,0x00,0x00,0x00,0x00,0x00,0x00,0x00,0x00,0x00,0x00,0x00,
    0x00,0x00,0x00,0x00,0x00,0x00,0x00,0x00,0x00,0x00,0x00,0x00,0x00,0x00,0x00,0x00,
    0x00,0x00,0x00,0x00,0x00,0x00,0x00,0x00,0x00,0x00,0x00,0x00,0x39,0xdf,0xed,0xa5,
    0x00,0x00,0x00,0x05,0xff,0xff,0xff,0xff,0x50,0x00,0x00,0x0e,0xfc,0x41,0x12,0x5a,
    0x50,0x00,0x00,0x3f,0xf3,0x00,0x00,0x00,0x00,0x00,0x00,0x3f,0xf4,0x00,0x00,0x00,
    0x00,0x00,0x00,0x0e,0xfd,0x62,0x00,0x00,0x00,0x00,0x00,0x04,0xef,0xff,0xec,0x71,
    0x00,0x00,0x00,0x00,0x16,0xad,0xff,0xfe,0x30,0x00,0x00,0x00,0x00,0x00,0x27,0xef,
    0xc0,0x00,0x00,0x00,0x00,0x00,0x00,0x6f,0xf0,0x00,0x00,0x00,0x00,0x00,0x00,0x7f,
    0xf0,0x00,0x00,0x4b,0x73,0x20,0x26,0xef,0xb0,0x00,0x00,0x4f,0xff,0xff,0xff,0xfd,
    0x20,0x00,0x00,0x04,0x8c,0xdf,0xec,0x71,0x00,0x00,0x00,0x00,0x00,0x00,0x00,0x00,
    0x00,0x00,0x00,0x00,0x00,0x00,0x00,0x00,0x00,0x00,0x00,0x00,0x00,0x00,0x00,0x00,
    0x00,0x00,0x00,0x00,0x00,0x00,0x00,0x00,0x00,0x00,0x00,0x00,0x00,0x00,0x00,0x00,
    0x00,0x00,0x00,0x00,0x00,0x00,0x00,0x00,0x00,0x00,0x00,0x00,0x00,0x00,0x00,0x00,
    0x00,0x00,0x00,0x00,0x00,0x00,0x00,0x00,0x00,0x00,0x00,0x00,0x00,0x00,0x00,0x00,
    0x00,0x00,0x00,0x00,0x00,0x00,0x00,0x00,0x00,0x00,0x00,0x00,0x00,0x00,0x00,0x00,
    0x00,0x00,0x00,0x00,0x00,0x00,0x00,0x00,0x00,0x00,0x00,0x00,0x00,0x00,0x00,0x00,
    0x00,0x00,0x00,0x00,0x00,0x00,0x00,0x00,0x00,0x00,0x00,0x00,0x00,0x00,0x00,0x00,
    0x00,0x00,0x00,0x00,0x00,0x00,0x00,0x00,0x00,0x00,0x00,0x00,0x00,0x00,0x00,0x00,
    0x00,0x00,0x00,0x00,0x00,0x00,0x00,0x00,0x00,0x00,0x00,0x00,0x08,0xfc,0x00,0x00,
    0x00,0x00,0x00,0x00,0x08,0xfc,0x00,0x00,0x00,0x00,0x00,0x00,0x08,0xfc,0x00,0x00,
    0x00,0x00,0x00,0x00,0x08,0xfc,0x00,0x00,0x00,0x00,0x05,0xff,0xff,0xff,0xff,0xff,
    0xf2,0x00,0x05,0xff,0xff,0xff,0xff,0xff,0xf2,0x00,0x00,0x00,0x08,0xfc,0x00,0x00,
    0x00,0x00,0x00,0x00,0x08,0xfc,0x00,0x00,0x00,0x00,0x00,0x00,0x08,0xfc,0x00,0x00,
    0x00,0x00,0x00,0x00,0x08,0xfc,0x00,0x00,0x00,0x00,0x00,0x00,0x08,0xfc,0x00,0x00,
    0x00,0x00,0x00,0x00,0x08,0xfc,0x00,0x00,0x00,0x00,0x00,0x00,0x08,0xfc,0x00,0x00,
    0x00,0x00,0x00,0x00,0x08,0xfc,0x00,0x00,0x00,0x00,0x00,0x00,0x07,0xfe,0x00,0x00,
    0x00,0x00,0x00,0x00,0x04,0xff,0x92,0x00,0x00,0x00,0x00,0x00,0x00,0xcf,0xff,0xff,
    0xf2,0x00,0x00,0x00,0x00,0x18,0xde,0xff,0xf2,0x00,0x00,0x00,0x00,0x00,0x00,0x00,
    0x00,0x00,0x00,0x00,0x00,0x00,0x00,0x00,0x00,0x00,0x00,0x00,0x00,0x00,0x00,0x00,
    0x00,0x00,0x00,0x00,0x00,0x00,0x00,0x00,0x00,0x00,0x00,0x00,0x00,0x00,0x00,0x00,
    0x00,0x00,0x00,0x00,0x00,0x00,0x00,0x00,0x00,0x00,0x00,0x00,0x00,0x00,0x00,0x00,
    0x00,0x00,0x00,0x00,0x00,0x00,0x00,0x00,0x00,0x00,0x00,0x00,0x00,0x00,0x00,0x00,
    0x00,0x00,0x00,0x00,0x00,0x00,0x00,0x00,0x00,0x00,0x00,0x00,0x00,0x00,0x00,0x00,
    0x00,0x00,0x00,0x00,0x00,0x00,0x00,0x00,0x00,0x00,0x00,0x00,0x00,0x00,0x00,0x00,
    0x00,0x00,0x00,0x00,0x00,0x00,0x00,0x00,0x00,0x00,0x00,0x00,0x00,0x00,0x00,0x00,
    0x00,0x00,0x00,0x00,0x00,0x00,0x00,0x00,0x00,0x00,0x00,0x00,0x00,0x00,0x00,0x00,
    0x00,0x00,0x00,0x00,0x00,0x00,0x00,0x00,0x00,0x00,0x00,0x00,0x00,0x00,0x00,0x00,
    0x00,0x00,0x00,0x00,0x00,0x00,0x00,0x00,0x00,0x00,0x00,0x00,0x00,0x00,0x00,0x00,
    0x00,0x00,0x00,0x00,0x00,0x00,0x00,0x00,0x00,0x00,0x00,0x8f,0xc0,0x00,0x00,0x0f,
    0xf5,0x00,0x00,0x8f,0xc0,0x00,0x00,0x0f,0xf5,0x00,0x00,0x8f,0xc0,0x00,0x00,0x0f,
    0xf5,0x00,0x00,0x8f,0xc0,0x00,0x00,0x0f,0xf5,0x00,0x00,0x8f,0xc0,0x00,0x00,0x0f,
    0xf5,0x00,0x00,0x8f,0xc0,0x00,0x00,0x0f,0xf5,0x00,0x00,0x8f,0xc0,0x00,0x00,0x0f,
    0xf5,0x00,0x00,0x8f,0xc0,0x00,0x00,0x0f,0xf5,0x00,0x00,0x8f,0xc0,0x00,0x00,0x1f,
    0xf5,0x00,0x00,0x7f,0xe0,0x00,0x00,0x4f,0xf5,0x00,0x00,0x5f,0xf3,0x00,0x00,0xaf,
    0xf5,0x00,0x00,0x1f,0xfc,0x31,0x29,0xef,0xf5,0x00,0x00,0x08,0xff,0xff,0xff,0x5f,
    0xf5,0x00,0x00,0x00,0x6c,0xfe,0xa3,0x0f,0xf5,0x00,0x00,0x00,0x00,0x00,0x00,0x00,
    0x00,0x00,0x00,0x00,0x00,0x00,0x00,0x00,0x00,0x00,0x00,0x00,0x00,0x00,0x00,0x00,
    0x00,0x00,0x00,0x00,0x00,0x00,0x00,0x00,0x00,0x00,0x00,0x00,0x00,0x00,0x00,0x00,
    0x00,0x00,0x00,0x00,0x00,0x00,0x00,0x00,0x00,0x00,0x00,0x00,0x00,0x00,0x00,0x00,
    0x00,0x00,0x00,0x00,0x00,0x00,0x00,0x00,0x00,0x00,0x00,0x00,0x00,0x00,0x00,0x00,
    0x00,0x00,0x00,0x00,0x00,0x00,0x00,0x00,0x00,0x00,0x00,0x00,0x00,0x00,0x00,0x00,
    0x00,0x00,0x00,0x00,0x00,0x00,0x00,0x00,0x00,0x00,0x00,0x00,0x00,0x00,0x00,0x00,
    0x00,0x00,0x00,0x00,0x00,0x00,0x00,0x00,0x00,0x00,0x00,0x00,0x00,0x00,0x00,0x00,
    0x00,0x00,0x00,0x00,0x00,0x00,0x00,0x00,0x00,0x00,0x00,0x00,0x00,0x00,0x00,0x00,
    0x00,0x00,0x00,0x00,0x00,0x00,0x00,0x00,0x00,0x00,0x00,0x00,0x00,0x00,0x00,0x00,
    0x00,0x00,0x00,0x00,0x00,0x00,0x00,0x00,0x00,0x00,0x00,0x00,0x00,0x00,0x00,0x00,
    0x00,0x00,0x00,0x00,0x00,0x00,0x00,0x00,0x00,0x00,0x08,0xfd,0x00,0x00,0x00,0x03,
    0xff,0x30,0x03,0xff,0x30,0x00,0x00,0x09,0xfd,0x00,0x00,0xcf,0x90,0x00,0x00,0x0e,
    0xf7,0x00,0x00,0x7f,0xe0,0x00,0x00,0x4f,0xf2,0x00,0x00,0x2f,0xf4,0x00,0x00,0x9f,
    0xb0,0x00,0x00,0x0b,0xf9,0x00,0x00,0xef,0x60,0x00,0x00,0x06,0xfe,0x00,0x05,0xff,
    0x10,0x00,0x00,0x01,0xff,0x50,0x0a,0xfa,0x00,0x00,0x00,0x00,0xaf,0xa0,0x1f,0xf5,
    0x00,0x00,0x00,0x00,0x5f,0xf1,0x6f,0xe0,0x00,0x00,0x00,0x00,0x0e,0xf6,0xbf,0x90,
    0x00,0x00,0x00,0x00,0x09,0xfc,0xff,0x30,0x00,0x00,0x00,0x00,0x03,0xff,0xfd,0x00,
    0x00,0x00,0x00,0x00,0x00,0xdf,0xf8,0x00,0x00,0x00,0x00,0x00,0x00,0x00,0x00,0x00,
    0x00,0x00,0x00,0x00,0x00,0x00,0x00,0x00,0x00,0x00,0x00,0x00,0x00,0x00,0x00,0x00,
    0x00,0x00,0x00,0x00,0x00,0x00,0x00,0x00,0x00,0x00,0x00,0x00,0x00,0x00,0x00,0x00,
    0x00,0x00,0x00,0x00,0x00,0x00,0x00,0x00,0x00,0x00,0x00,0x00,0x00,0x00,0x00,0x00,
    0x00,0x00,0x00,0x00,0x00,0x00,0x00,0x00,0x00,0x00,0x00,0x00,0x00,0x00,0x00,0x00,
    0x00,0x00,0x00,0x00,0x00,0x00,0x00,0x00,0x00,0x00,0x00,0x00,0x00,0x00,0x00,0x00,
    0x00,0x00,0x00,0x00,0x00,0x00,0x00,0x00,0x00,0x00,0x00,0x00,0x00,0x00,0x00,0x00,
    0x00,0x00,0x00,0x00,0x00,0x00,0x00,0x00,0x00,0x00,0x00,0x00,0x00,0x00,0x00,0x00,
    0x00,0x00,0x00,0x00,0x00,0x00,0x00,0x00,0x00,0x00,0x00,0x00,0x00,0x00,0x00,0x00,
    0x00,0x00,0x00,0x00,0x00,0x00,0x00,0x00,0x00,0x00,0x00,0x00,0x00,0x00,0x00,0x00,
    0x00,0x00,0x00,0x00,0x00,0x00,0x00,0x00,0x00,0x00,0x00,0x00,0x00,0x00,0x00,0x00,
    0x00,0x00,0x00,0x00,0x00,0x00,0x00,0x00,0x00,0x00,0xdf,0x60,0x00,0x00,0x00,0x00,
    0x0c,0xf8,0xaf,0xa0,0x00,0x00,0x00,0x00,0x0f,0xf4,0x6f,0xd0,0x00,0x00,0x00,0x00,
    0x3f,0xf1,0x3f,0xf1,0x00,0x00,0x00,0x00,0x6f,0xc0,0x0e,0xf4,0x00,0x5f,0xe0,0x00,
    0xaf,0x90,0x0a,0xf8,0x00,0x9f,0xf4,0x00,0xdf,0x50,0x07,0xfb,0x00,0xdd,0xf8,0x01,
    0xff,0x20,0x03,0xfe,0x02,0xf7,0xcc,0x05,0xfd,0x00,0x00,0xef,0x37,0xf3,0x8f,0x18,
    0xfa,0x00,0x00,0xbf,0x6b,0xd0,0x3f,0x6b,0xf6,0x00,0x00,0x8f,0xaf,0x90,0x0e,0xae,
    0xf2,0x00,0x00,0x4f,0xff,0x40,0x0a,0xff,0xe0,0x00,0x00,0x1f,0xfe,0x10,0x05,0xff,
    0xa0,0x00,0x00,0x0c,0xfb,0x00,0x01,0xff,0x70,0x00,0x00,0x00,0x00,0x00,0x00,0x00,
    0x00,0x00,0x00,0x00,0x00,0x00,0x00,0x00,0x00,0x00,0x00,0x00,0x00,0x00,0x00,0x00,
    0x00,0x00,0x00,0x00,0x00,0x00,0x00,0x00,0x00,0x00,0x00,0x00,0x00,0x00,0x00,0x00,
    0x00,0x00,0x00,0x00,0x00,0x00,0x00,0x00,0x00,0x00,0x00,0x00,0x00,0x00,0x00,0x00,
    0x00,0x00,0x00,0x00,0x00,0x00,0x00,0x00,0x00,0x00,0x00,0x00,0x00,0x00,0x00,0x00,
    0x00,0x00,0x00,0x00,0x00,0x00,0x00,0x00,0x00,0x00,0x00,0x00,0x00,0x00,0x00,0x00,
    0x00,0x00,0x00,0x00,0x00,0x00,0x00,0x00,0x00,0x00,0x00,0x00,0x00,0x00,0x00,0x00,
    0x00,0x00,0x00,0x00,0x00,0x00,0x00,0x00,0x00,0x00,0x00,0x00,0x00,0x00,0x00,0x00,
    0x00,0x00,0x00,0x00,0x00,0x00,0x00,0x00,0x00,0x00,0x00,0x00,0x00,0x00,0x00,0x00,
    0x00,0x00,0x00,0x00,0x00,0x00,0x00,0x00,0x00,0x00,0x00,0x00,0x00,0x00,0x00,0x00,
    0x00,0x00,0x00,0x00,0x00,0x00,0x00,0x00,0x00,0x00,0x00,0x00,0x00,0x00,0x00,0x00,
    0x00,0x00,0x00,0x00,0x00,0x00,0x00,0x00,0x00,0x00,0x03,0xff,0x60,0x00,0x00,0x0c,
    0xfc,0x00,0x00,0x6f,0xf3,0x00,0x00,0x8f,0xe2,0x00,0x00,0x0a,0xfd,0x10,0x04,0xff,
    0x40,0x00,0x00,0x01,0xdf,0xa0,0x2e,0xf8,0x00,0x00,0x00,0x00,0x3e,0xf6,0xbf,0xb0,
    0x00,0x00,0x00,0x00,0x06,0xff,0xfe,0x20,0x00,0x00,0x00,0x00,0x00,0xaf,0xf5,0x00,
    0x00,0x00,0x00,0x00,0x02,0xef,0xfb,0x00,0x00,0x00,0x00,0x00,0x0c,0xfc,0xef,0x70,
    0x00,0x00,0x00,0x00,0x9f,0xe1,0x5f,0xf4,0x00,0x00,0x00,0x05,0xff,0x40,0x09,0xfe,
    0x10,0x00,0x00,0x2e,0xf8,0x00,0x01,0xcf,0xb0,0x00,0x01,0xdf,0xc0,0x00,0x00,0x3e,
    0xf8,0x00,0x0a,0xfe,0x20,0x00,0x00,0x06,0xff,0x50,0x00,0x00,0x00,0x00,0x00,0x00,
    0x00,0x00,0x00,0x00,0x00,0x00,0x00,0x00,0x00,0x00,0x00,0x00,0x00,0x00,0x00,0x00,
    0x00,0x00,0x00,0x00,0x00,0x00,0x00,0x00,0x00,0x00,0x00,0x00,0x00,0x00,0x00,0x00,
    0x00,0x00,0x00,0x00,0x00,0x00,0x00,0x00,0x00,0x00,0x00,0x00,0x00,0x00,0x00,0x00,
    0x00,0x00,0x00,0x00,0x00,0x00,0x00,0x00,0x00,0x00,0x00,0x00,0x00,0x00,0x00,0x00,
    0x00,0x00,0x00,0x00,0x00,0x00,0x00,0x00,0x00,0x00,0x00,0x00,0x00,0x00,0x00,0x00,
    0x00,0x00,0x00,0x00,0x00,0x00,0x00,0x00,0x00,0x00,0x00,0x00,0x00,0x00,0x00,0x00,
    0x00,0x00,0x00,0x00,0x00,0x00,0x00,0x00,0x00,0x00,0x00,0x00,0x00,0x00,0x00,0x00,
    0x00,0x00,0x00,0x00,0x00,0x00,0x00,0x00,0x00,0x00,0x00,0x00,0x00,0x00,0x00,0x00,
    0x00,0x00,0x00,0x00,0x00,0x00,0x00,0x00,0x00,0x00,0x00,0x00,0x00,0x00,0x00,0x00,
    0x00,0x00,0x00,0x00,0x00,0x00,0x00,0x00,0x00,0x00,0x00,0x00,0x00,0x00,0x00,0x00,
    0x00,0x00,0x00,0x00,0x00,0x00,0x00,0x00,0x00,0x00,0x07,0xfe,0x10,0x00,0x00,0x01,
    0xff,0x70,0x01,0xff,0x60,0x00,0x00,0x06,0xff,0x10,0x00,0xaf,0xb0,0x00,0x00,0x0c,
    0xf9,0x00,0x00,0x4f,0xf2,0x00,0x00,0x3f,0xf3,0x00,0x00,0x0d,0xf8,0x00,0x00,0x8f,
    0xc0,0x00,0x00,0x06,0xfe,0x00,0x00,0xef,0x60,0x00,0x00,0x01,0xef,0x40,0x05,0xfe,
    0x10,0x00,0x00,0x00,0x9f,0xa0,0x0a,0xf9,0x00,0x00,0x00,0x00,0x3f,0xf1,0x1f,0xf3,
    0x00,0x00,0x00,0x00,0x0c,0xf7,0x7f,0xc0,0x00,0x00,0x00,0x00,0x06,0xfd,0xcf,0x60,
    0x00,0x00,0x00,0x00,0x01,0xef,0xfe,0x10,0x00,0x00,0x00,0x00,0x00,0x9f,0xfa,0x00,
    0x00,0x00,0x00,0x00,0x00,0x4f,0xf4,0x00,0x00,0x00,0x00,0x00,0x00,0x9f,0xd0,0x00,
    0x00,0x00,0x00,0x00,0x02,0xff,0x70,0x00,0x00,0x00,0x00,0x00,0x2b,0xfe,0x10,0x00,
    0x00,0x00,0x00,0xaf,0xff,0xf6,0x00,0x00,0x00,0x00,0x00,0xaf,0xfc,0x50,0x00,0x00,
    0x00,0x00,0x00,0x00,0x00,0x00,0x00,0x00,0x00,0x00,0x00,0x00,0x00,0x00,0x00,0x00,
    0x00,0x00,0x00,0x00,0x00,0x00,0x00,0x00,0x00,0x00,0x00,0x00,0x00,0x00,0x00,0x00,
    0x00,0x00,0x00,0x00,0x00,0x00,0x00,0x00,0x00,0x00,0x00,0x00,0x00,0x00,0x00,0x00,
    0x00,0x00,0x00,0x00,0x00,0x00,0x00,0x00,0x00,0x00,0x00,0x00,0x00,0x00,0x00,0x00,
    0x00,0x00,0x00,0x00,0x00,0x00,0x00,0x00,0x00,0x00,0x00,0x00,0x00,0x00,0x00,0x00,
    0x00,0x00,0x00,0x00,0x00,0x00,0x00,0x00,0x00,0x00,0x00,0x00,0x00,0x00,0x00,0x00,
    0x00,0x00,0x00,0x00,0x00,0x00,0x00,0x00,0x00,0x00,0x00,0x00,0x00,0x00,0x00,0x00,
    0x00,0x00,0x00,0x00,0x00,0x00,0x00,0x00,0x00,0x00,0x00,0x00,0x00,0x00,0x00,0x00,
    0x00,0x00,0x00,0x00,0x00,0x00,0x00,0x00,0x00,0x00,0x00,0x2f,0xff,0xff,0xff,0xff,
    0xf3,0x00,0x00,0x2f,0xff,0xff,0xff,0xff,0xf3,0x00,0x00,0x00,0x00,0x00,0x00,0xaf,
    0xc1,0x00,0x00,0x00,0x00,0x00,0x08,0xfe,0x20,0x00,0x00,0x00,0x00,0x00,0x5f,0xf4,
    0x00,0x00,0x00,0x00,0x00,0x03,0xef,0x60,0x00,0x00,0x00,0x00,0x00,0x1d,0xf9,0x00,
    0x00,0x00,0x00,0x00,0x00,0xcf,0xb0,0x00,0x00,0x00,0x00,0x00,0x09,0xfd,0x10,0x00,
    0x00,0x00,0x00,0x00,0x7f,0xe2,0x00,0x00,0x00,0x00,0x00,0x04,0xff,0x40,0x00,0x00,
    0x00,0x00,0x00,0x2e,0xf7,0x00,0x00,0x00,0x00,0x00,0x00,0x6f,0xff,0xff,0xff,0xff,
    0xf3,0x00,0x00,0x6f,0xff,0xff,0xff,0xff,0xf3,0x00,0x00,0x00,0x00,0x00,0x00,0x00,
    0x00,0x00,0x00,0x00,0x00,0x00,0x00,0x00,0x00,0x00,0x00,0x00,0x00,0x00,0x00,0x00,
    0x00,0x00,0x00,0x00,0x00,0x00,0x00,0x00,0x00,0x00,0x00,0x00,0x00,0x00,0x00,0x00,
    0x00,0x00,0x00,0x00,0x00,0x00,0x00,0x00,0x00,0x00,0x00,0x00,0x00,0x00,0x00,0x00,
    0x00,0x00,0x00,0x00,0x00,0x00,0x00,0x00,0x00,0x00,0x00,0x00,0x00,0x00,0x00,0x00,
    0x00,0x00,0x00,0x00,0x00,0x00,0x00,0x00,0x00,0x00,0x00,0x00,0x00,0x00,0x00,0x00,
    0x00,0x00,0x00,0x00,0x00,0x00,0x00,0x00,0x00,0x00,0x00,0x00,0x00,0x00,0x00,0x00,
    0x00,0x00,0x00,0x00,0x00,0x00,0x00,0x00,0x00,0x00,0x00,0x00,0x00,0x00,0x00,0x00,
    0x00,0x00,0x00,0x00,0x00,0x00,0x00,0x00,0x00,0x00,0x00,0x00,0x00,0x00,0x7b,0xef,
    0xd0,0x00,0x00,0x00,0x00,0x09,0xff,0xff,0xd0,0x00,0x00,0x00,0x00,0x1f,0xfb,0x20,
    0x00,0x00,0x00,0x00,0x00,0x3f,0xf4,0x00,0x00,0x00,0x00,0x00,0x00,0x4f,0xf2,0x00,
    0x00,0x00,0x00,0x00,0x00,0x4f,0xf2,0x00,0x00,0x00,0x00,0x00,0x00,0x4f,0xf2,0x00,
    0x00,0x00,0x00,0x00,0x00,0x4f,0xf2,0x00,0x00,0x00,0x00,0x00,0x00,0x5f,0xf1,0x00,
    0x00,0x00,0x00,0x00,0x00,0x8f,0xe0,0x00,0x00,0x00,0x00,0x00,0x15,0xef,0xa0,0x00,
    0x00,0x00,0x00,0x3f,0xff,0xe9,0x10,0x00,0x00,0x00,0x00,0x3f,0xff,0xe9,0x10,0x00,
    0x00,0x00,0x00,0x00,0x16,0xff,0x90,0x00,0x00,0x00,0x00,0x00,0x00,0x8f,0xe0,0x00,
    0x00,0x00,0x00,0x00,0x00,0x5f,0xf1,0x00,0x00,0x00,0x00,0x00,0x00,0x4f,0xf2,0x00,
    0x00,0x00,0x00,0x00,0x00,0x4f,0xf2,0x00,0x00,0x00,0x00,0x00,0x00,0x4f,0xf2,0x00,
    0x00,0x00,0x00,0x00,0x00,0x4f,0xf2,0x00,0x00,0x00,0x00,0x00,0x00,0x3f,0xf3,0x00,
    0x00,0x00,0x00,0x00,0x00,0x1f,0xfb,0x20,0x00,0x00,0x00,0x00,0x00,0x09,0xff,0xff,
    0xd0,0x00,0x00,0x00,0x00,0x00,0x7b,0xef,0xd0,0x00,0x00,0x00,0x00,0x00,0x00,0x00,
    0x00,0x00,0x00,0x00,0x00,0x00,0x00,0x00,0x00,0x00,0x00,0x00,0x00,0x00,0x00,0x00,
    0x00,0x00,0x00,0x00,0x00,0x00,0x00,0x00,0x00,0x00,0x00,0x00,0x00,0x00,0x00,0x00,
    0x00,0x00,0x00,0x00,0x00,0x00,0x00,0x00,0x00,0x00,0x00,0x00,0x00,0x00,0x00,0x00,
    0x00,0x00,0x00,0x00,0x00,0x00,0x00,0x00,0x00,0x00,0x00,0x00,0x00,0x00,0x00,0x00,
    0x00,0x00,0x00,0x00,0x00,0x00,0x00,0x00,0x00,0x00,0x00,0x00,0x00,0x00,0x00,0x00,
    0x00,0x00,0x00,0x00,0x00,0x00,0x00,0x00,0x00,0x00,0x00,0x00,0x00,0x4f,0xe0,0x00,
    0x00,0x00,0x00,0x00,0x00,0x4f,0xe0,0x00,0x00,0x00,0x00,0x00,0x00,0x4f,0xe0,0x00,
    0x00,0x00,0x00,0x00,0x00,0x4f,0xe0,0x00,0x00,0x00,0x00,0x00,0x00,0x4f,0xe0,0x00,
    0x00,0x00,0x00,0x00,0x00,0x4f,0xe0,0x00,0x00,0x00,0x00,0x00,0x00,0x4f,0xe0,0x00,
    0x00,0x00,0x00,0x00,0x00,0x4f,0xe0,0x00,0x00,0x00,0x00,0x00,0x00,0x4f,0xe0,0x00,
    0x00,0x00,0x00,0x00,0x00,0x4f,0xe0,0x00,0x00,0x00,0x00,0x00,0x00,0x4f,0xe0,0x00,
    0x00,0x00,0x00,0x00,0x00,0x4f,0xe0,0x00,0x00,0x00,0x00,0x00,0x00,0x4f,0xe0,0x00,
    0x00,0x00,0x00,0x00,0x00,0x4f,0xe0,0x00,0x00,0x00,0x00,0x00,0x00,0x4f,0xe0,0x00,
    0x00,0x00,0x00,0x00,0x00,0x4f,0xe0,0x00,0x00,0x00,0x00,0x00,0x00,0x4f,0xe0,0x00,
    0x00,0x00,0x00,0x00,0x00,0x4f,0xe0,0x00,0x00,0x00,0x00,0x00,0x00,0x4f,0xe0,0x00,
    0x00,0x00,0x00,0x00,0x00,0x4f,0xe0,0x00,0x00,0x00,0x00,0x00,0x00,0x4f,0xe0,0x00,
    0x00,0x00,0x00,0x00,0x00,0x4f,0xe0,0x00,0x00,0x00,0x00,0x00,0x00,0x4f,0xe0,0x00,
    0x00,0x00,0x00,0x00,0x00,0x4f,0xe0,0x00,0x00,0x00,0x00,0x00,0x00,0x4f,0xe0,0x00,
    0x00,0x00,0x00,0x00,0x00,0x4f,0xe0,0x00,0x00,0x00,0x00,0x00,0x00,0x00,0x00,0x00,
    0x00,0x00,0x00,0x00,0x00,0x00,0x00,0x00,0x00,0x00,0x00,0x00,0x00,0x00,0x00,0x00,
    0x00,0x00,0x00,0x00,0x00,0x00,0x00,0x00,0x00,0x00,0x00,0x00,0x00,0x00,0x00,0x00,
    0x00,0x00,0x00,0x00,0x00,0x00,0x00,0x00,0x00,0x00,0x00,0x00,0x00,0x00,0x00,0x00,
    0x00,0x00,0x00,0x00,0x00,0x00,0x00,0x00,0x00,0x00,0x00,0x00,0x00,0x00,0x00,0x00,
    0x00,0x00,0x00,0x00,0x00,0x00,0x00,0x00,0x00,0x00,0x00,0x3f,0xed,0xa4,0x00,0x00,
    0x00,0x00,0x00,0x3f,0xff,0xff,0x30,0x00,0x00,0x00,0x00,0x00,0x14,0xef,0x90,0x00,
    0x00,0x00,0x00,0x00,0x00,0x9f,0xc0,0x00,0x00,0x00,0x00,0x00,0x00,0x7f,0xd0,0x00,
    0x00,0x00,0x00,0x00,0x00,0x7f,0xd0,0x00,0x00,0x00,0x00,0x00,0x00,0x7f,0xd0,0x00,
    0x00,0x00,0x00,0x00,0x00,0x7f,0xd0,0x00,0x00,0x00,0x00,0x00,0x00,0x6f,0xe0,0x00,
    0x00,0x00,0x00,0x00,0x00,0x5f,0xf2,0x00,0x00,0x00,0x00,0x00,0x00,0x1e,0xfc,0x30,
    0x00,0x00,0x00,0x00,0x00,0x03,0xcf,0xff,0xd0,0x00,0x00,0x00,0x00,0x03,0xbf,0xff,
    0xd0,0x00,0x00,0x00,0x00,0x1e,0xfc,0x30,0x00,0x00,0x00,0x00,0x00,0x5f,0xf3,0x00,
    0x00,0x00,0x00,0x00,0x00,0x6f,0xe0,0x00,0x00,0x00,0x00,0x00,0x00,0x7f,0xd0,0x00,
    0x00,0x00,0x00,0x00,0x00,0x7f,0xd0,0x00,0x00,0x00,0x00,0x00,0x00,0x7f,0xd0,0x00,
    0x00,0x00,0x00,0x00,0x00,0x7f,0xd0,0x00,0x00,0x00,0x00,0x00,0x00,0x9f,0xc0,0x00,
    0x00,0x00,0x00,0x00,0x14,0xef,0x90,0x00,0x00,0x00,0x00,0x3f,0xff,0xff,0x30,0x00,
    0x00,0x00,0x00,0x3f,0xfd,0xa4,0x00,0x00,0x00,0x00,0x00,0x00,0x00,0x00,0x00,0x00,
    0x00,0x00,0x00,0x00,0x00,0x00,0x00,0x00,0x00,0x00,0x00,0x00,0x00,0x00,0x00,0x00,
    0x00,0x00,0x00,0x00,0x00,0x00,0x00,0x00,0x00,0x00,0x00,0x00,0x00,0x00,0x00,0x00,
    0x00,0x00,0x00,0x00,0x00,0x00,0x00,0x00,0x00,0x00,0x00,0x00,0x00,0x00,0x00,0x00,
    0x00,0x00,0x00,0x00,0x00,0x00,0x00,0x00,0x00,0x00,0x00,0x00,0x00,0x00,0x00,0x00,
    0x00,0x00,0x00,0x00,0x00,0x00,0x00,0x00,0x00,0x00,0x00,0x00,0x00,0x00,0x00,0x00,
    0x00,0x00,0x00,0x00,0x00,0x00,0x00,0x00,0x00,0x00,0x00,0x00,0x00,0x00,0x00,0x00,
    0x00,0x00,0x00,0x00,0x00,0x00,0x00,0x00,0x00,0x00,0x00,0x00,0x00,0x00,0x00,0x00,
    0x00,0x00,0x00,0x00,0x00,0x00,0x00,0x00,0x00,0x00,0x00,0x00,0x00,0x00,0x00,0x00,
    0x00,0x00,0x00,0x00,0x00,0x00,0x00,0x00,0x00,0x00,0x00,0x00,0x00,0x00,0x00,0x00,
    0x00,0x00,0x00,0x00,0x00,0x00,0x00,0x00,0x00,0x00,0x00,0x00,0x00,0x00,0x00,0x00,
    0x00,0x00,0x00,0x00,0x00,0x00,0x00,0x00,0x00,0x00,0x00,0x4b,0xee,0xb5,0x00,0x00,
    0x02,0x60,0x07,0xff,0xff,0xff,0xc5,0x11,0x6e,0x80,0x0d,0xc4,0x12,0x5c,0xff,0xff,
    0xfe,0x30,0x08,0x00,0x00,0x00,0x5b,0xee,0x91,0x00,0x00,0x00,0x00,0x00,0x00,0x00,
    0x00,0x00,0x00,0x00,0x00,0x00,0x00,0x00,0x00,0x00,0x00,0x00,0x00,0x00,0x00,0x00,
    0x00,0x00,0x00,0x00,0x00,0x00,0x00,0x00,0x00,0x00,0x00,0x00,0x00,0x00,0x00,0x00,
    0x00,0x00,0x00,0x00,0x00,0x00,0x00,0x00,0x00,0x00,0x00,0x00,0x00,0x00,0x00,0x00,
    0x00,0x00,0x00,0x00,0x00,0x00,0x00,0x00,0x00,0x00,0x00,0x00,0x00,0x00,0x00,0x00,
    0x00,0x00,0x00,0x00,0x00,0x00,0x00,0x00,0x00,0x00,0x00,0x00,0x00,0x00,0x00,0x00,
    0x00,0x00,0x00,0x00,0x00,0x00,0x00,0x00,0x00,0x00,0x00,0x00,0x00,0x00,0x00,0x00,
    0x00,0x00,0x00,0x00,0x00,0x00,0x00,0x00,0x00,0x00,0x00,0x00,0x00,0x00,0x00,0x00,
    0x00,0x00,0x00,0x00,0x00,0x00,0x00,0x00,0x00,0x00,0x00,0x00,0x00,0x00,0x00,0x00,
    0x00,0x00,
};
}
